premium_id,policy_id,installment_number,coverage_start_date,coverage_end_date,written_premium_cents,_loaded_at
P000001-01,P000001,1,2024-05-16,2024-06-16,95547,2024-05-16 06:00:00
P000001-02,P000001,2,2024-06-16,2024-07-16,95547,2024-06-16 06:00:00
P000001-03,P000001,3,2024-07-16,2024-08-16,95547,2024-07-16 06:00:00
P000001-04,P000001,4,2024-08-16,2024-09-16,95547,2024-08-16 06:00:00
P000001-05,P000001,5,2024-09-16,2024-10-16,95547,2024-09-16 06:00:00
P000001-06,P000001,6,2024-10-16,2024-11-16,95547,2024-10-16 06:00:00
P000001-07,P000001,7,2024-11-16,2024-12-16,95547,2024-11-16 06:00:00
P000001-08,P000001,8,2024-12-16,2025-01-16,95547,2024-12-16 06:00:00
P000001-09,P000001,9,2025-01-16,2025-02-16,95547,2025-01-16 06:00:00
P000001-10,P000001,10,2025-02-16,2025-03-16,95547,2025-02-16 06:00:00
P000001-11,P000001,11,2025-03-16,2025-04-16,95547,2025-03-16 06:00:00
P000001-12,P000001,12,2025-04-16,2025-05-16,95547,2025-04-16 06:00:00
P000002-01,P000002,1,2025-07-20,2025-08-20,13628,2025-07-20 06:00:00
P000002-02,P000002,2,2025-08-20,2025-09-20,13628,2025-08-20 06:00:00
P000002-03,P000002,3,2025-09-20,2025-10-20,13628,2025-09-20 06:00:00
P000002-04,P000002,4,2025-10-20,2025-11-20,13628,2025-10-20 06:00:00
P000002-05,P000002,5,2025-11-20,2025-12-20,13628,2025-11-20 06:00:00
P000002-06,P000002,6,2025-12-20,2026-01-20,13628,2025-12-20 06:00:00
P000003-01,P000003,1,2024-03-13,2024-04-13,3733,2024-03-13 06:00:00
P000003-02,P000003,2,2024-04-13,2024-05-13,3733,2024-04-13 06:00:00
P000003-03,P000003,3,2024-05-13,2024-06-13,3733,2024-05-13 06:00:00
P000003-04,P000003,4,2024-06-13,2024-07-13,3733,2024-06-13 06:00:00
P000003-05,P000003,5,2024-07-13,2024-08-13,3733,2024-07-13 06:00:00
P000003-06,P000003,6,2024-08-13,2024-09-13,3733,2024-08-13 06:00:00
P000003-07,P000003,7,2024-09-13,2024-10-13,3733,2024-09-13 06:00:00
P000003-08,P000003,8,2024-10-13,2024-11-13,3733,2024-10-13 06:00:00
P000003-09,P000003,9,2024-11-13,2024-12-13,3733,2024-11-13 06:00:00
P000003-10,P000003,10,2024-12-13,2025-01-13,3733,2024-12-13 06:00:00
P000003-11,P000003,11,2025-01-13,2025-02-13,3733,2025-01-13 06:00:00
P000003-12,P000003,12,2025-02-13,2025-03-13,3733,2025-02-13 06:00:00
P000004-01,P000004,1,2025-10-17,2025-11-17,15625,2025-10-17 06:00:00
P000004-02,P000004,2,2025-11-17,2025-12-17,15625,2025-11-17 06:00:00
P000004-03,P000004,3,2025-12-17,2026-01-17,15625,2025-12-17 06:00:00
P000005-01,P000005,1,2024-09-01,2024-10-01,2058,2024-09-01 06:00:00
P000005-02,P000005,2,2024-10-01,2024-11-01,2058,2024-10-01 06:00:00
P000005-03,P000005,3,2024-11-01,2024-12-01,2058,2024-11-01 06:00:00
P000005-04,P000005,4,2024-12-01,2025-01-01,2058,2024-12-01 06:00:00
P000005-05,P000005,5,2025-01-01,2025-02-01,2058,2025-01-01 06:00:00
P000005-06,P000005,6,2025-02-01,2025-03-01,2058,2025-02-01 06:00:00
P000005-07,P000005,7,2025-03-01,2025-04-01,2058,2025-03-01 06:00:00
P000005-08,P000005,8,2025-04-01,2025-05-01,2058,2025-04-01 06:00:00
P000005-09,P000005,9,2025-05-01,2025-06-01,2058,2025-05-01 06:00:00
P000005-10,P000005,10,2025-06-01,2025-07-01,2058,2025-06-01 06:00:00
P000005-11,P000005,11,2025-07-01,2025-08-01,2058,2025-07-01 06:00:00
P000005-12,P000005,12,2025-08-01,2025-09-01,2058,2025-08-01 06:00:00
P000006-01,P000006,1,2024-01-13,2024-02-13,9481,2024-01-13 06:00:00
P000006-02,P000006,2,2024-02-13,2024-03-13,9481,2024-02-13 06:00:00
P000006-03,P000006,3,2024-03-13,2024-04-13,9481,2024-03-13 06:00:00
P000006-04,P000006,4,2024-04-13,2024-05-13,9481,2024-04-13 06:00:00
P000006-05,P000006,5,2024-05-13,2024-06-13,9481,2024-05-13 06:00:00
P000006-06,P000006,6,2024-06-13,2024-07-13,9481,2024-06-13 06:00:00
P000006-07,P000006,7,2024-07-13,2024-08-13,9481,2024-07-13 06:00:00
P000006-08,P000006,8,2024-08-13,2024-09-13,9481,2024-08-13 06:00:00
P000006-09,P000006,9,2024-09-13,2024-10-13,9481,2024-09-13 06:00:00
P000006-10,P000006,10,2024-10-13,2024-11-13,9481,2024-10-13 06:00:00
P000006-11,P000006,11,2024-11-13,2024-12-13,9481,2024-11-13 06:00:00
P000006-12,P000006,12,2024-12-13,2025-01-13,9481,2024-12-13 06:00:00
P000007-01,P000007,1,2024-10-16,2024-11-16,17783,2024-10-16 06:00:00
P000007-02,P000007,2,2024-11-16,2024-12-16,17783,2024-11-16 06:00:00
P000007-03,P000007,3,2024-12-16,2025-01-16,17783,2024-12-16 06:00:00
P000007-04,P000007,4,2025-01-16,2025-02-16,17783,2025-01-16 06:00:00
P000007-05,P000007,5,2025-02-16,2025-03-16,17783,2025-02-16 06:00:00
P000007-06,P000007,6,2025-03-16,2025-04-16,17783,2025-03-16 06:00:00
P000007-07,P000007,7,2025-04-16,2025-05-16,17783,2025-04-16 06:00:00
P000007-08,P000007,8,2025-05-16,2025-06-16,17783,2025-05-16 06:00:00
P000007-09,P000007,9,2025-06-16,2025-07-16,17783,2025-06-16 06:00:00
P000007-10,P000007,10,2025-07-16,2025-08-16,17783,2025-07-16 06:00:00
P000007-11,P000007,11,2025-08-16,2025-09-16,17783,2025-08-16 06:00:00
P000007-12,P000007,12,2025-09-16,2025-10-16,17783,2025-09-16 06:00:00
P000008-01,P000008,1,2025-05-18,2025-06-18,9429,2025-05-18 06:00:00
P000008-02,P000008,2,2025-06-18,2025-07-18,9429,2025-06-18 06:00:00
P000008-03,P000008,3,2025-07-18,2025-08-18,9429,2025-07-18 06:00:00
P000008-04,P000008,4,2025-08-18,2025-09-18,9429,2025-08-18 06:00:00
P000008-05,P000008,5,2025-09-18,2025-10-18,9429,2025-09-18 06:00:00
P000008-06,P000008,6,2025-10-18,2025-11-18,9429,2025-10-18 06:00:00
P000008-07,P000008,7,2025-11-18,2025-12-18,9429,2025-11-18 06:00:00
P000008-08,P000008,8,2025-12-18,2026-01-18,9429,2025-12-18 06:00:00
P000009-01,P000009,1,2024-11-18,2024-12-18,15764,2024-11-18 06:00:00
P000009-02,P000009,2,2024-12-18,2025-01-18,15764,2024-12-18 06:00:00
P000009-03,P000009,3,2025-01-18,2025-02-18,15764,2025-01-18 06:00:00
P000009-04,P000009,4,2025-02-18,2025-03-18,15764,2025-02-18 06:00:00
P000009-05,P000009,5,2025-03-18,2025-04-18,15764,2025-03-18 06:00:00
P000009-06,P000009,6,2025-04-18,2025-05-18,15764,2025-04-18 06:00:00
P000009-07,P000009,7,2025-05-18,2025-06-18,15764,2025-05-18 06:00:00
P000009-08,P000009,8,2025-06-18,2025-07-18,15764,2025-06-18 06:00:00
P000009-09,P000009,9,2025-07-18,2025-08-18,15764,2025-07-18 06:00:00
P000009-10,P000009,10,2025-08-18,2025-09-18,15764,2025-08-18 06:00:00
P000009-11,P000009,11,2025-09-18,2025-10-18,15764,2025-09-18 06:00:00
P000009-12,P000009,12,2025-10-18,2025-11-18,15764,2025-10-18 06:00:00
P000010-01,P000010,1,2025-11-24,2025-12-24,9286,2025-11-24 06:00:00
P000010-02,P000010,2,2025-12-24,2026-01-24,9286,2025-12-24 06:00:00
P000011-01,P000011,1,2024-08-15,2024-09-15,10060,2024-08-15 06:00:00
P000011-02,P000011,2,2024-09-15,2024-10-15,10060,2024-09-15 06:00:00
P000011-03,P000011,3,2024-10-15,2024-11-15,10060,2024-10-15 06:00:00
P000011-04,P000011,4,2024-11-15,2024-12-15,10060,2024-11-15 06:00:00
P000011-05,P000011,5,2024-12-15,2025-01-15,10060,2024-12-15 06:00:00
P000011-06,P000011,6,2025-01-15,2025-02-15,10060,2025-01-15 06:00:00
P000011-07,P000011,7,2025-02-15,2025-03-15,10060,2025-02-15 06:00:00
P000011-08,P000011,8,2025-03-15,2025-04-15,10060,2025-03-15 06:00:00
P000011-09,P000011,9,2025-04-15,2025-05-15,10060,2025-04-15 06:00:00
P000011-10,P000011,10,2025-05-15,2025-06-15,10060,2025-05-15 06:00:00
P000011-11,P000011,11,2025-06-15,2025-07-15,10060,2025-06-15 06:00:00
P000011-12,P000011,12,2025-07-15,2025-08-15,10060,2025-07-15 06:00:00
P000012-01,P000012,1,2024-12-28,2025-01-28,12904,2024-12-28 06:00:00
P000012-02,P000012,2,2025-01-28,2025-02-28,12904,2025-01-28 06:00:00
P000012-03,P000012,3,2025-02-28,2025-03-28,12904,2025-02-28 06:00:00
P000012-04,P000012,4,2025-03-28,2025-04-28,12904,2025-03-28 06:00:00
P000012-05,P000012,5,2025-04-28,2025-05-28,12904,2025-04-28 06:00:00
P000012-06,P000012,6,2025-05-28,2025-06-28,12904,2025-05-28 06:00:00
P000012-07,P000012,7,2025-06-28,2025-07-28,12904,2025-06-28 06:00:00
P000012-08,P000012,8,2025-07-28,2025-08-28,12904,2025-07-28 06:00:00
P000012-09,P000012,9,2025-08-28,2025-09-28,12904,2025-08-28 06:00:00
P000012-10,P000012,10,2025-09-28,2025-10-28,12904,2025-09-28 06:00:00
P000012-11,P000012,11,2025-10-28,2025-11-28,12904,2025-10-28 06:00:00
P000012-12,P000012,12,2025-11-28,2025-12-28,12904,2025-11-28 06:00:00
P000013-01,P000013,1,2025-05-06,2025-06-06,2248,2025-05-06 06:00:00
P000013-02,P000013,2,2025-06-06,2025-07-06,2248,2025-06-06 06:00:00
P000013-03,P000013,3,2025-07-06,2025-08-06,2248,2025-07-06 06:00:00
P000013-04,P000013,4,2025-08-06,2025-09-06,2248,2025-08-06 06:00:00
P000013-05,P000013,5,2025-09-06,2025-10-06,2248,2025-09-06 06:00:00
P000013-06,P000013,6,2025-10-06,2025-11-06,2248,2025-10-06 06:00:00
P000013-07,P000013,7,2025-11-06,2025-12-06,2248,2025-11-06 06:00:00
P000013-08,P000013,8,2025-12-06,2026-01-06,2248,2025-12-06 06:00:00
P000014-01,P000014,1,2025-02-01,2025-03-01,53744,2025-02-01 06:00:00
P000014-02,P000014,2,2025-03-01,2025-04-01,53744,2025-03-01 06:00:00
P000014-03,P000014,3,2025-04-01,2025-05-01,53744,2025-04-01 06:00:00
P000014-04,P000014,4,2025-05-01,2025-06-01,53744,2025-05-01 06:00:00
P000014-05,P000014,5,2025-06-01,2025-07-01,53744,2025-06-01 06:00:00
P000014-06,P000014,6,2025-07-01,2025-08-01,53744,2025-07-01 06:00:00
P000014-07,P000014,7,2025-08-01,2025-09-01,53744,2025-08-01 06:00:00
P000014-08,P000014,8,2025-09-01,2025-10-01,53744,2025-09-01 06:00:00
P000014-09,P000014,9,2025-10-01,2025-11-01,53744,2025-10-01 06:00:00
P000014-10,P000014,10,2025-11-01,2025-12-01,53744,2025-11-01 06:00:00
P000014-10,P000014,10,2025-11-01,2025-12-01,53744,2025-11-04 06:00:00
P000014-11,P000014,11,2025-12-01,2026-01-01,53744,2025-12-01 06:00:00
P000015-01,P000015,1,2024-06-30,2024-07-30,18274,2024-06-30 06:00:00
P000015-02,P000015,2,2024-07-30,2024-08-30,18274,2024-07-30 06:00:00
P000015-03,P000015,3,2024-08-30,2024-09-30,18274,2024-08-30 06:00:00
P000015-04,P000015,4,2024-09-30,2024-10-30,21033,2024-09-30 06:00:00
P000015-05,P000015,5,2024-10-30,2024-11-30,21033,2024-10-30 06:00:00
P000015-06,P000015,6,2024-11-30,2024-12-30,21033,2024-11-30 06:00:00
P000015-07,P000015,7,2024-12-30,2025-01-30,21033,2024-12-30 06:00:00
P000015-08,P000015,8,2025-01-30,2025-02-28,21033,2025-01-30 06:00:00
P000015-09,P000015,9,2025-02-28,2025-03-30,21033,2025-02-28 06:00:00
P000015-10,P000015,10,2025-03-30,2025-04-30,21033,2025-03-30 06:00:00
P000015-11,P000015,11,2025-04-30,2025-05-30,21033,2025-04-30 06:00:00
P000015-12,P000015,12,2025-05-30,2025-06-30,21033,2025-05-30 06:00:00
P000016-01,P000016,1,2025-08-09,2025-09-09,20346,2025-08-09 06:00:00
P000016-02,P000016,2,2025-09-09,2025-10-09,24089,2025-09-09 06:00:00
P000016-03,P000016,3,2025-10-09,2025-11-09,24089,2025-10-09 06:00:00
P000016-04,P000016,4,2025-11-09,2025-12-09,24089,2025-11-09 06:00:00
P000016-05,P000016,5,2025-12-09,2026-01-09,24089,2025-12-09 06:00:00
P000017-01,P000017,1,2024-02-19,2024-03-19,1804,2024-02-19 06:00:00
P000017-02,P000017,2,2024-03-19,2024-04-19,1804,2024-03-19 06:00:00
P000017-03,P000017,3,2024-04-19,2024-05-19,1804,2024-04-19 06:00:00
P000017-04,P000017,4,2024-05-19,2024-06-19,1804,2024-05-19 06:00:00
P000017-05,P000017,5,2024-06-19,2024-07-19,1804,2024-06-19 06:00:00
P000017-06,P000017,6,2024-07-19,2024-08-19,1804,2024-07-19 06:00:00
P000017-07,P000017,7,2024-08-19,2024-09-19,1804,2024-08-19 06:00:00
P000017-08,P000017,8,2024-09-19,2024-10-19,1804,2024-09-19 06:00:00
P000017-09,P000017,9,2024-10-19,2024-11-19,1804,2024-10-19 06:00:00
P000017-10,P000017,10,2024-11-19,2024-12-19,2094,2024-11-19 06:00:00
P000017-11,P000017,11,2024-12-19,2025-01-19,2094,2024-12-19 06:00:00
P000017-12,P000017,12,2025-01-19,2025-02-19,2094,2025-01-19 06:00:00
P000018-01,P000018,1,2025-01-25,2025-02-25,13558,2025-01-25 06:00:00
P000018-02,P000018,2,2025-02-25,2025-03-25,13558,2025-02-25 06:00:00
P000018-03,P000018,3,2025-03-25,2025-04-25,13558,2025-03-25 06:00:00
P000018-04,P000018,4,2025-04-25,2025-05-25,14008,2025-04-25 06:00:00
P000018-05,P000018,5,2025-05-25,2025-06-25,14008,2025-05-25 06:00:00
P000018-06,P000018,6,2025-06-25,2025-07-25,14008,2025-06-25 06:00:00
P000018-07,P000018,7,2025-07-25,2025-08-25,14008,2025-07-25 06:00:00
P000018-08,P000018,8,2025-08-25,2025-09-25,14008,2025-08-25 06:00:00
P000018-09,P000018,9,2025-09-25,2025-10-25,14008,2025-09-25 06:00:00
P000018-10,P000018,10,2025-10-25,2025-11-25,14008,2025-10-25 06:00:00
P000018-11,P000018,11,2025-11-25,2025-12-25,14008,2025-11-25 06:00:00
P000018-12,P000018,12,2025-12-25,2026-01-25,14008,2025-12-25 06:00:00
P000019-01,P000019,1,2025-08-08,2025-09-08,18330,2025-08-08 06:00:00
P000019-02,P000019,2,2025-09-08,2025-10-08,18330,2025-09-08 06:00:00
P000019-03,P000019,3,2025-10-08,2025-11-08,18330,2025-10-08 06:00:00
P000019-04,P000019,4,2025-11-08,2025-12-08,22895,2025-11-08 06:00:00
P000019-05,P000019,5,2025-12-08,2026-01-08,22895,2025-12-08 06:00:00
P000020-01,P000020,1,2024-10-09,2024-11-09,12919,2024-10-09 06:00:00
P000020-02,P000020,2,2024-11-09,2024-12-09,12919,2024-11-09 06:00:00
P000020-03,P000020,3,2024-12-09,2025-01-09,12919,2024-12-09 06:00:00
P000020-04,P000020,4,2025-01-09,2025-02-09,12919,2025-01-09 06:00:00
P000020-05,P000020,5,2025-02-09,2025-03-09,12919,2025-02-09 06:00:00
P000020-06,P000020,6,2025-03-09,2025-04-09,12919,2025-03-09 06:00:00
P000020-07,P000020,7,2025-04-09,2025-05-09,12919,2025-04-09 06:00:00
P000020-08,P000020,8,2025-05-09,2025-06-09,12919,2025-05-09 06:00:00
P000020-09,P000020,9,2025-06-09,2025-07-09,12919,2025-06-09 06:00:00
P000020-10,P000020,10,2025-07-09,2025-08-09,12919,2025-07-09 06:00:00
P000020-11,P000020,11,2025-08-09,2025-09-09,12919,2025-08-09 06:00:00
P000020-12,P000020,12,2025-09-09,2025-10-09,12919,2025-09-09 06:00:00
P000021-01,P000021,1,2025-09-15,2025-10-15,13281,2025-09-15 06:00:00
P000021-02,P000021,2,2025-10-15,2025-11-15,13281,2025-10-15 06:00:00
P000021-03,P000021,3,2025-11-15,2025-12-15,13281,2025-11-15 06:00:00
P000021-04,P000021,4,2025-12-15,2026-01-15,13281,2025-12-15 06:00:00
P000022-01,P000022,1,2024-04-10,2024-05-10,1552,2024-04-10 06:00:00
P000022-02,P000022,2,2024-05-10,2024-06-10,1552,2024-05-10 06:00:00
P000022-03,P000022,3,2024-06-10,2024-07-10,1552,2024-06-10 06:00:00
P000022-04,P000022,4,2024-07-10,2024-08-10,1552,2024-07-10 06:00:00
P000022-05,P000022,5,2024-08-10,2024-09-10,1552,2024-08-10 06:00:00
P000022-06,P000022,6,2024-09-10,2024-10-10,1644,2024-09-10 06:00:00
P000022-07,P000022,7,2024-10-10,2024-11-10,1644,2024-10-10 06:00:00
P000022-08,P000022,8,2024-11-10,2024-12-10,1644,2024-11-10 06:00:00
P000022-09,P000022,9,2024-12-10,2025-01-10,1644,2024-12-10 06:00:00
P000022-10,P000022,10,2025-01-10,2025-02-10,1644,2025-01-10 06:00:00
P000022-11,P000022,11,2025-02-10,2025-03-10,1644,2025-02-10 06:00:00
P000022-12,P000022,12,2025-03-10,2025-04-10,1644,2025-03-10 06:00:00
P000023-01,P000023,1,2025-01-04,2025-02-04,13166,2025-01-04 06:00:00
P000023-02,P000023,2,2025-02-04,2025-03-04,13166,2025-02-04 06:00:00
P000023-03,P000023,3,2025-03-04,2025-04-04,13166,2025-03-04 06:00:00
P000023-04,P000023,4,2025-04-04,2025-05-04,13166,2025-04-04 06:00:00
P000023-05,P000023,5,2025-05-04,2025-06-04,13166,2025-05-04 06:00:00
P000023-06,P000023,6,2025-06-04,2025-07-04,13166,2025-06-04 06:00:00
P000023-07,P000023,7,2025-07-04,2025-08-04,13166,2025-07-04 06:00:00
P000023-08,P000023,8,2025-08-04,2025-09-04,13166,2025-08-04 06:00:00
P000023-09,P000023,9,2025-09-04,2025-10-04,13166,2025-09-04 06:00:00
P000023-10,P000023,10,2025-10-04,2025-11-04,14445,2025-10-04 06:00:00
P000023-11,P000023,11,2025-11-04,2025-12-04,14445,2025-11-04 06:00:00
P000023-12,P000023,12,2025-12-04,2026-01-04,14445,2025-12-04 06:00:00
P000024-01,P000024,1,2025-11-29,2025-12-29,13670,2025-11-29 06:00:00
P000024-02,P000024,2,2025-12-29,2026-01-29,13670,2025-12-29 06:00:00
P000025-01,P000025,1,2025-11-24,2025-12-24,15357,2025-11-24 06:00:00
P000025-02,P000025,2,2025-12-24,2026-01-24,15357,2025-12-24 06:00:00
P000026-01,P000026,1,2024-11-28,2024-12-28,14390,2024-11-28 06:00:00
P000026-02,P000026,2,2024-12-28,2025-01-28,14390,2024-12-28 06:00:00
P000026-03,P000026,3,2025-01-28,2025-02-28,14390,2025-01-28 06:00:00
P000026-04,P000026,4,2025-02-28,2025-03-28,14390,2025-02-28 06:00:00
P000026-05,P000026,5,2025-03-28,2025-04-28,14390,2025-03-28 06:00:00
P000026-06,P000026,6,2025-04-28,2025-05-28,14390,2025-04-28 06:00:00
P000026-07,P000026,7,2025-05-28,2025-06-28,14390,2025-05-28 06:00:00
P000026-08,P000026,8,2025-06-28,2025-07-28,14390,2025-06-28 06:00:00
P000026-09,P000026,9,2025-07-28,2025-08-28,14390,2025-07-28 06:00:00
P000026-10,P000026,10,2025-08-28,2025-09-28,14390,2025-08-28 06:00:00
P000026-11,P000026,11,2025-09-28,2025-10-28,14390,2025-09-28 06:00:00
P000026-12,P000026,12,2025-10-28,2025-11-28,14390,2025-10-28 06:00:00
P000027-01,P000027,1,2024-08-15,2024-09-15,2702,2024-08-15 06:00:00
P000027-02,P000027,2,2024-09-15,2024-10-15,2702,2024-09-15 06:00:00
P000027-03,P000027,3,2024-10-15,2024-11-15,2702,2024-10-15 06:00:00
P000027-04,P000027,4,2024-11-15,2024-12-15,2937,2024-11-15 06:00:00
P000027-05,P000027,5,2024-12-15,2025-01-15,2937,2024-12-15 06:00:00
P000027-06,P000027,6,2025-01-15,2025-02-15,2937,2025-01-15 06:00:00
P000027-07,P000027,7,2025-02-15,2025-03-15,2937,2025-02-15 06:00:00
P000027-08,P000027,8,2025-03-15,2025-04-15,2937,2025-03-15 06:00:00
P000027-09,P000027,9,2025-04-15,2025-05-15,2937,2025-04-15 06:00:00
P000027-10,P000027,10,2025-05-15,2025-06-15,2937,2025-05-15 06:00:00
P000027-11,P000027,11,2025-06-15,2025-07-15,2937,2025-06-15 06:00:00
P000027-12,P000027,12,2025-07-15,2025-08-15,2937,2025-07-15 06:00:00
P000028-01,P000028,1,2025-09-27,2025-10-27,15023,2025-09-27 06:00:00
P000028-02,P000028,2,2025-10-27,2025-11-27,15023,2025-10-27 06:00:00
P000028-03,P000028,3,2025-11-27,2025-12-27,15023,2025-11-27 06:00:00
P000028-04,P000028,4,2025-12-27,2026-01-27,15023,2025-12-27 06:00:00
P000029-01,P000029,1,2024-08-02,2024-09-02,17164,2024-08-02 06:00:00
P000029-02,P000029,2,2024-09-02,2024-10-02,17164,2024-09-02 06:00:00
P000029-03,P000029,3,2024-10-02,2024-11-02,17164,2024-10-02 06:00:00
P000029-03,P000029,3,2024-10-02,2024-11-02,17164,2024-10-05 06:00:00
P000029-04,P000029,4,2024-11-02,2024-12-02,17164,2024-11-02 06:00:00
P000029-05,P000029,5,2024-12-02,2025-01-02,17164,2024-12-02 06:00:00
P000029-06,P000029,6,2025-01-02,2025-02-02,17164,2025-01-02 06:00:00
P000029-07,P000029,7,2025-02-02,2025-03-02,17164,2025-02-02 06:00:00
P000029-08,P000029,8,2025-03-02,2025-04-02,17164,2025-03-02 06:00:00
P000029-09,P000029,9,2025-04-02,2025-05-02,17164,2025-04-02 06:00:00
P000029-10,P000029,10,2025-05-02,2025-06-02,17164,2025-05-02 06:00:00
P000029-11,P000029,11,2025-06-02,2025-07-02,17164,2025-06-02 06:00:00
P000029-11,P000029,11,2025-06-02,2025-07-02,17164,2025-06-05 06:00:00
P000029-12,P000029,12,2025-07-02,2025-08-02,17164,2025-07-02 06:00:00
P000030-01,P000030,1,2024-11-15,2024-12-15,43773,2024-11-15 06:00:00
P000030-02,P000030,2,2024-12-15,2025-01-15,43773,2024-12-15 06:00:00
P000030-03,P000030,3,2025-01-15,2025-02-15,43773,2025-01-15 06:00:00
P000030-04,P000030,4,2025-02-15,2025-03-15,43773,2025-02-15 06:00:00
P000030-05,P000030,5,2025-03-15,2025-04-15,43773,2025-03-15 06:00:00
P000030-06,P000030,6,2025-04-15,2025-05-15,43773,2025-04-15 06:00:00
P000030-07,P000030,7,2025-05-15,2025-06-15,43773,2025-05-15 06:00:00
P000030-08,P000030,8,2025-06-15,2025-07-15,43773,2025-06-15 06:00:00
P000030-09,P000030,9,2025-07-15,2025-08-15,43773,2025-07-15 06:00:00
P000030-10,P000030,10,2025-08-15,2025-09-15,43773,2025-08-15 06:00:00
P000030-11,P000030,11,2025-09-15,2025-10-15,43773,2025-09-15 06:00:00
P000030-12,P000030,12,2025-10-15,2025-11-15,43773,2025-10-15 06:00:00
P000031-01,P000031,1,2025-10-07,2025-11-07,1506,2025-10-07 06:00:00
P000031-02,P000031,2,2025-11-07,2025-12-07,1506,2025-11-07 06:00:00
P000031-03,P000031,3,2025-12-07,2026-01-07,1506,2025-12-07 06:00:00
P000032-01,P000032,1,2025-06-19,2025-07-19,108590,2025-06-19 06:00:00
P000032-01,P000032,1,2025-06-19,2025-07-19,108590,2025-06-22 06:00:00
P000032-02,P000032,2,2025-07-19,2025-08-19,108590,2025-07-19 06:00:00
P000032-03,P000032,3,2025-08-19,2025-09-19,108590,2025-08-19 06:00:00
P000032-04,P000032,4,2025-09-19,2025-10-19,108590,2025-09-19 06:00:00
P000032-05,P000032,5,2025-10-19,2025-11-19,108590,2025-10-19 06:00:00
P000032-06,P000032,6,2025-11-19,2025-12-19,108590,2025-11-19 06:00:00
P000032-07,P000032,7,2025-12-19,2026-01-19,108590,2025-12-19 06:00:00
P000033-01,P000033,1,2024-04-13,2024-05-13,3530,2024-04-13 06:00:00
P000033-02,P000033,2,2024-05-13,2024-06-13,3530,2024-05-13 06:00:00
P000033-03,P000033,3,2024-06-13,2024-07-13,3530,2024-06-13 06:00:00
P000033-04,P000033,4,2024-07-13,2024-08-13,3530,2024-07-13 06:00:00
P000033-05,P000033,5,2024-08-13,2024-09-13,3530,2024-08-13 06:00:00
P000033-06,P000033,6,2024-09-13,2024-10-13,3530,2024-09-13 06:00:00
P000033-07,P000033,7,2024-10-13,2024-11-13,3530,2024-10-13 06:00:00
P000033-07,P000033,7,2024-10-13,2024-11-13,3530,2024-10-16 06:00:00
P000033-08,P000033,8,2024-11-13,2024-12-13,3530,2024-11-13 06:00:00
P000033-09,P000033,9,2024-12-13,2025-01-13,3530,2024-12-13 06:00:00
P000033-10,P000033,10,2025-01-13,2025-02-13,3530,2025-01-13 06:00:00
P000033-11,P000033,11,2025-02-13,2025-03-13,3530,2025-02-13 06:00:00
P000033-12,P000033,12,2025-03-13,2025-04-13,3530,2025-03-13 06:00:00
P000034-01,P000034,1,2025-01-16,2025-02-16,2556,2025-01-16 06:00:00
P000034-02,P000034,2,2025-02-16,2025-03-16,2556,2025-02-16 06:00:00
P000034-03,P000034,3,2025-03-16,2025-04-16,2556,2025-03-16 06:00:00
P000034-04,P000034,4,2025-04-16,2025-05-16,2556,2025-04-16 06:00:00
P000034-05,P000034,5,2025-05-16,2025-06-16,2556,2025-05-16 06:00:00
P000034-06,P000034,6,2025-06-16,2025-07-16,2556,2025-06-16 06:00:00
P000034-07,P000034,7,2025-07-16,2025-08-16,2556,2025-07-16 06:00:00
P000034-08,P000034,8,2025-08-16,2025-09-16,2556,2025-08-16 06:00:00
P000034-09,P000034,9,2025-09-16,2025-10-16,2556,2025-09-16 06:00:00
P000034-10,P000034,10,2025-10-16,2025-11-16,2556,2025-10-16 06:00:00
P000034-11,P000034,11,2025-11-16,2025-12-16,2556,2025-11-16 06:00:00
P000034-12,P000034,12,2025-12-16,2026-01-16,2556,2025-12-16 06:00:00
P000035-01,P000035,1,2024-01-30,2024-02-29,14789,2024-01-30 06:00:00
P000035-02,P000035,2,2024-02-29,2024-03-30,14789,2024-02-29 06:00:00
P000035-03,P000035,3,2024-03-30,2024-04-30,14789,2024-03-30 06:00:00
P000035-04,P000035,4,2024-04-30,2024-05-30,14789,2024-04-30 06:00:00
P000035-05,P000035,5,2024-05-30,2024-06-30,14789,2024-05-30 06:00:00
P000035-06,P000035,6,2024-06-30,2024-07-30,14789,2024-06-30 06:00:00
P000035-07,P000035,7,2024-07-30,2024-08-30,14789,2024-07-30 06:00:00
P000035-08,P000035,8,2024-08-30,2024-09-30,14789,2024-08-30 06:00:00
P000035-09,P000035,9,2024-09-30,2024-10-30,14789,2024-09-30 06:00:00
P000035-10,P000035,10,2024-10-30,2024-11-30,14789,2024-10-30 06:00:00
P000035-11,P000035,11,2024-11-30,2024-12-30,16106,2024-11-30 06:00:00
P000035-12,P000035,12,2024-12-30,2025-01-30,16106,2024-12-30 06:00:00
P000036-01,P000036,1,2024-06-09,2024-07-09,2176,2024-06-09 06:00:00
P000036-02,P000036,2,2024-07-09,2024-08-09,2176,2024-07-09 06:00:00
P000036-03,P000036,3,2024-08-09,2024-09-09,2176,2024-08-09 06:00:00
P000036-04,P000036,4,2024-09-09,2024-10-09,2176,2024-09-09 06:00:00
P000036-05,P000036,5,2024-10-09,2024-11-09,2176,2024-10-09 06:00:00
P000036-06,P000036,6,2024-11-09,2024-12-09,2176,2024-11-09 06:00:00
P000036-07,P000036,7,2024-12-09,2025-01-09,2220,2024-12-09 06:00:00
P000036-08,P000036,8,2025-01-09,2025-02-09,2220,2025-01-09 06:00:00
P000036-09,P000036,9,2025-02-09,2025-03-09,2220,2025-02-09 06:00:00
P000036-10,P000036,10,2025-03-09,2025-04-09,2220,2025-03-09 06:00:00
P000036-11,P000036,11,2025-04-09,2025-05-09,2220,2025-04-09 06:00:00
P000036-12,P000036,12,2025-05-09,2025-06-09,2220,2025-05-09 06:00:00
P000037-01,P000037,1,2025-05-25,2025-06-25,12146,2025-05-25 06:00:00
P000037-02,P000037,2,2025-06-25,2025-07-25,12146,2025-06-25 06:00:00
P000037-03,P000037,3,2025-07-25,2025-08-25,14655,2025-07-25 06:00:00
P000037-04,P000037,4,2025-08-25,2025-09-25,14655,2025-08-25 06:00:00
P000037-05,P000037,5,2025-09-25,2025-10-25,14655,2025-09-25 06:00:00
P000037-06,P000037,6,2025-10-25,2025-11-25,14655,2025-10-25 06:00:00
P000037-07,P000037,7,2025-11-25,2025-12-25,14655,2025-11-25 06:00:00
P000037-08,P000037,8,2025-12-25,2026-01-25,14655,2025-12-25 06:00:00
P000038-01,P000038,1,2025-06-08,2025-07-08,1623,2025-06-08 06:00:00
P000038-02,P000038,2,2025-07-08,2025-08-08,1623,2025-07-08 06:00:00
P000038-03,P000038,3,2025-08-08,2025-09-08,1623,2025-08-08 06:00:00
P000038-04,P000038,4,2025-09-08,2025-10-08,1623,2025-09-08 06:00:00
P000038-05,P000038,5,2025-10-08,2025-11-08,1623,2025-10-08 06:00:00
P000038-06,P000038,6,2025-11-08,2025-12-08,1623,2025-11-08 06:00:00
P000038-07,P000038,7,2025-12-08,2026-01-08,1623,2025-12-08 06:00:00
P000039-01,P000039,1,2025-08-19,2025-09-19,16429,2025-08-19 06:00:00
P000039-02,P000039,2,2025-09-19,2025-10-19,16429,2025-09-19 06:00:00
P000039-03,P000039,3,2025-10-19,2025-11-19,16429,2025-10-19 06:00:00
P000039-04,P000039,4,2025-11-19,2025-12-19,19018,2025-11-19 06:00:00
P000039-05,P000039,5,2025-12-19,2026-01-19,19018,2025-12-19 06:00:00
P000040-01,P000040,1,2024-04-14,2024-05-14,92298,2024-04-14 06:00:00
P000040-02,P000040,2,2024-05-14,2024-06-14,92298,2024-05-14 06:00:00
P000040-03,P000040,3,2024-06-14,2024-07-14,92298,2024-06-14 06:00:00
P000040-04,P000040,4,2024-07-14,2024-08-14,92298,2024-07-14 06:00:00
P000040-05,P000040,5,2024-08-14,2024-09-14,92298,2024-08-14 06:00:00
P000040-06,P000040,6,2024-09-14,2024-10-14,92298,2024-09-14 06:00:00
P000040-07,P000040,7,2024-10-14,2024-11-14,92298,2024-10-14 06:00:00
P000040-08,P000040,8,2024-11-14,2024-12-14,92298,2024-11-14 06:00:00
P000040-09,P000040,9,2024-12-14,2025-01-14,83060,2024-12-14 06:00:00
P000040-10,P000040,10,2025-01-14,2025-02-14,83060,2025-01-14 06:00:00
P000040-11,P000040,11,2025-02-14,2025-03-14,83060,2025-02-14 06:00:00
P000040-12,P000040,12,2025-03-14,2025-04-14,83060,2025-03-14 06:00:00
P000041-01,P000041,1,2024-03-17,2024-04-17,48168,2024-03-17 06:00:00
P000041-02,P000041,2,2024-04-17,2024-05-17,48168,2024-04-17 06:00:00
P000041-03,P000041,3,2024-05-17,2024-06-17,48168,2024-05-17 06:00:00
P000041-04,P000041,4,2024-06-17,2024-07-17,48168,2024-06-17 06:00:00
P000041-05,P000041,5,2024-07-17,2024-08-17,48168,2024-07-17 06:00:00
P000041-06,P000041,6,2024-08-17,2024-09-17,48168,2024-08-17 06:00:00
P000041-07,P000041,7,2024-09-17,2024-10-17,48168,2024-09-17 06:00:00
P000041-08,P000041,8,2024-10-17,2024-11-17,48168,2024-10-17 06:00:00
P000041-09,P000041,9,2024-11-17,2024-12-17,48168,2024-11-17 06:00:00
P000041-10,P000041,10,2024-12-17,2025-01-17,48168,2024-12-17 06:00:00
P000041-11,P000041,11,2025-01-17,2025-02-17,48168,2025-01-17 06:00:00
P000041-12,P000041,12,2025-02-17,2025-03-17,55036,2025-02-17 06:00:00
P000042-01,P000042,1,2025-03-01,2025-04-01,15472,2025-03-01 06:00:00
P000042-02,P000042,2,2025-04-01,2025-05-01,15472,2025-04-01 06:00:00
P000042-03,P000042,3,2025-05-01,2025-06-01,15472,2025-05-01 06:00:00
P000042-04,P000042,4,2025-06-01,2025-07-01,15472,2025-06-01 06:00:00
P000042-05,P000042,5,2025-07-01,2025-08-01,15472,2025-07-01 06:00:00
P000042-06,P000042,6,2025-08-01,2025-09-01,15472,2025-08-01 06:00:00
P000042-07,P000042,7,2025-09-01,2025-10-01,15472,2025-09-01 06:00:00
P000042-08,P000042,8,2025-10-01,2025-11-01,15472,2025-10-01 06:00:00
P000043-01,P000043,1,2024-10-16,2024-11-16,9837,2024-10-16 06:00:00
P000043-02,P000043,2,2024-11-16,2024-12-16,9837,2024-11-16 06:00:00
P000043-03,P000043,3,2024-12-16,2025-01-16,9837,2024-12-16 06:00:00
P000043-04,P000043,4,2025-01-16,2025-02-16,10938,2025-01-16 06:00:00
P000043-05,P000043,5,2025-02-16,2025-03-16,10938,2025-02-16 06:00:00
P000043-06,P000043,6,2025-03-16,2025-04-16,10938,2025-03-16 06:00:00
P000043-07,P000043,7,2025-04-16,2025-05-16,10938,2025-04-16 06:00:00
P000043-08,P000043,8,2025-05-16,2025-06-16,10938,2025-05-16 06:00:00
P000043-09,P000043,9,2025-06-16,2025-07-16,10938,2025-06-16 06:00:00
P000043-10,P000043,10,2025-07-16,2025-08-16,10938,2025-07-16 06:00:00
P000043-11,P000043,11,2025-08-16,2025-09-16,10938,2025-08-16 06:00:00
P000043-12,P000043,12,2025-09-16,2025-10-16,10938,2025-09-16 06:00:00
P000044-01,P000044,1,2024-04-18,2024-05-18,42531,2024-04-18 06:00:00
P000044-02,P000044,2,2024-05-18,2024-06-18,42531,2024-05-18 06:00:00
P000044-03,P000044,3,2024-06-18,2024-07-18,42531,2024-06-18 06:00:00
P000044-04,P000044,4,2024-07-18,2024-08-18,42531,2024-07-18 06:00:00
P000044-05,P000044,5,2024-08-18,2024-09-18,42531,2024-08-18 06:00:00
P000045-01,P000045,1,2025-10-25,2025-11-25,2281,2025-10-25 06:00:00
P000045-02,P000045,2,2025-11-25,2025-12-25,2281,2025-11-25 06:00:00
P000045-03,P000045,3,2025-12-25,2026-01-25,2281,2025-12-25 06:00:00
P000046-01,P000046,1,2025-06-08,2025-07-08,46959,2025-06-08 06:00:00
P000046-02,P000046,2,2025-07-08,2025-08-08,46959,2025-07-08 06:00:00
P000046-03,P000046,3,2025-08-08,2025-09-08,46959,2025-08-08 06:00:00
P000047-01,P000047,1,2024-08-28,2024-09-28,1380,2024-08-28 06:00:00
P000047-02,P000047,2,2024-09-28,2024-10-28,1380,2024-09-28 06:00:00
P000047-03,P000047,3,2024-10-28,2024-11-28,1380,2024-10-28 06:00:00
P000047-04,P000047,4,2024-11-28,2024-12-28,1380,2024-11-28 06:00:00
P000047-05,P000047,5,2024-12-28,2025-01-28,1380,2024-12-28 06:00:00
P000047-06,P000047,6,2025-01-28,2025-02-28,1380,2025-01-28 06:00:00
P000047-07,P000047,7,2025-02-28,2025-03-28,1380,2025-02-28 06:00:00
P000047-08,P000047,8,2025-03-28,2025-04-28,1380,2025-03-28 06:00:00
P000047-09,P000047,9,2025-04-28,2025-05-28,1380,2025-04-28 06:00:00
P000047-10,P000047,10,2025-05-28,2025-06-28,1380,2025-05-28 06:00:00
P000047-11,P000047,11,2025-06-28,2025-07-28,1380,2025-06-28 06:00:00
P000047-12,P000047,12,2025-07-28,2025-08-28,1704,2025-07-28 06:00:00
P000048-01,P000048,1,2024-10-14,2024-11-14,13952,2024-10-14 06:00:00
P000048-02,P000048,2,2024-11-14,2024-12-14,13952,2024-11-14 06:00:00
P000048-03,P000048,3,2024-12-14,2025-01-14,13952,2024-12-14 06:00:00
P000048-04,P000048,4,2025-01-14,2025-02-14,13952,2025-01-14 06:00:00
P000048-05,P000048,5,2025-02-14,2025-03-14,13952,2025-02-14 06:00:00
P000048-06,P000048,6,2025-03-14,2025-04-14,13952,2025-03-14 06:00:00
P000048-07,P000048,7,2025-04-14,2025-05-14,13952,2025-04-14 06:00:00
P000048-08,P000048,8,2025-05-14,2025-06-14,13952,2025-05-14 06:00:00
P000048-09,P000048,9,2025-06-14,2025-07-14,13952,2025-06-14 06:00:00
P000048-10,P000048,10,2025-07-14,2025-08-14,13952,2025-07-14 06:00:00
P000048-11,P000048,11,2025-08-14,2025-09-14,13952,2025-08-14 06:00:00
P000048-12,P000048,12,2025-09-14,2025-10-14,13952,2025-09-14 06:00:00
P000049-01,P000049,1,2024-03-05,2024-04-05,13146,2024-03-05 06:00:00
P000049-02,P000049,2,2024-04-05,2024-05-05,13146,2024-04-05 06:00:00
P000049-03,P000049,3,2024-05-05,2024-06-05,13146,2024-05-05 06:00:00
P000049-04,P000049,4,2024-06-05,2024-07-05,13146,2024-06-05 06:00:00
P000049-05,P000049,5,2024-07-05,2024-08-05,13146,2024-07-05 06:00:00
P000049-06,P000049,6,2024-08-05,2024-09-05,13146,2024-08-05 06:00:00
P000049-07,P000049,7,2024-09-05,2024-10-05,13146,2024-09-05 06:00:00
P000049-08,P000049,8,2024-10-05,2024-11-05,13146,2024-10-05 06:00:00
P000049-09,P000049,9,2024-11-05,2024-12-05,13146,2024-11-05 06:00:00
P000049-10,P000049,10,2024-12-05,2025-01-05,13146,2024-12-05 06:00:00
P000049-11,P000049,11,2025-01-05,2025-02-05,13146,2025-01-05 06:00:00
P000049-12,P000049,12,2025-02-05,2025-03-05,13146,2025-02-05 06:00:00
P000050-01,P000050,1,2025-05-05,2025-06-05,1869,2025-05-05 06:00:00
P000050-02,P000050,2,2025-06-05,2025-07-05,1869,2025-06-05 06:00:00
P000050-03,P000050,3,2025-07-05,2025-08-05,1869,2025-07-05 06:00:00
P000050-04,P000050,4,2025-08-05,2025-09-05,1869,2025-08-05 06:00:00
P000050-05,P000050,5,2025-09-05,2025-10-05,1869,2025-09-05 06:00:00
P000050-06,P000050,6,2025-10-05,2025-11-05,1869,2025-10-05 06:00:00
P000050-07,P000050,7,2025-11-05,2025-12-05,1746,2025-11-05 06:00:00
P000050-08,P000050,8,2025-12-05,2026-01-05,1746,2025-12-05 06:00:00
P000051-01,P000051,1,2025-04-27,2025-05-27,2620,2025-04-27 06:00:00
P000051-02,P000051,2,2025-05-27,2025-06-27,2620,2025-05-27 06:00:00
P000051-03,P000051,3,2025-06-27,2025-07-27,2620,2025-06-27 06:00:00
P000051-04,P000051,4,2025-07-27,2025-08-27,2620,2025-07-27 06:00:00
P000051-05,P000051,5,2025-08-27,2025-09-27,2620,2025-08-27 06:00:00
P000051-06,P000051,6,2025-09-27,2025-10-27,2620,2025-09-27 06:00:00
P000051-07,P000051,7,2025-10-27,2025-11-27,2620,2025-10-27 06:00:00
P000051-08,P000051,8,2025-11-27,2025-12-27,2620,2025-11-27 06:00:00
P000051-09,P000051,9,2025-12-27,2026-01-27,2620,2025-12-27 06:00:00
P000052-01,P000052,1,2025-09-12,2025-10-12,56896,2025-09-12 06:00:00
P000052-02,P000052,2,2025-10-12,2025-11-12,56896,2025-10-12 06:00:00
P000052-03,P000052,3,2025-11-12,2025-12-12,56896,2025-11-12 06:00:00
P000052-04,P000052,4,2025-12-12,2026-01-12,56896,2025-12-12 06:00:00
P000053-01,P000053,1,2024-08-22,2024-09-22,21566,2024-08-22 06:00:00
P000053-02,P000053,2,2024-09-22,2024-10-22,21566,2024-09-22 06:00:00
P000053-02,P000053,2,2024-09-22,2024-10-22,21566,2024-09-25 06:00:00
P000053-03,P000053,3,2024-10-22,2024-11-22,21566,2024-10-22 06:00:00
P000053-04,P000053,4,2024-11-22,2024-12-22,21566,2024-11-22 06:00:00
P000053-04,P000053,4,2024-11-22,2024-12-22,21566,2024-11-25 06:00:00
P000053-05,P000053,5,2024-12-22,2025-01-22,21566,2024-12-22 06:00:00
P000053-06,P000053,6,2025-01-22,2025-02-22,21566,2025-01-22 06:00:00
P000053-07,P000053,7,2025-02-22,2025-03-22,21566,2025-02-22 06:00:00
P000053-08,P000053,8,2025-03-22,2025-04-22,21566,2025-03-22 06:00:00
P000053-09,P000053,9,2025-04-22,2025-05-22,21566,2025-04-22 06:00:00
P000053-10,P000053,10,2025-05-22,2025-06-22,19647,2025-05-22 06:00:00
P000053-11,P000053,11,2025-06-22,2025-07-22,19647,2025-06-22 06:00:00
P000053-12,P000053,12,2025-07-22,2025-08-22,19647,2025-07-22 06:00:00
P000054-01,P000054,1,2025-07-02,2025-08-02,11079,2025-07-02 06:00:00
P000054-02,P000054,2,2025-08-02,2025-09-02,11079,2025-08-02 06:00:00
P000054-03,P000054,3,2025-09-02,2025-10-02,11079,2025-09-02 06:00:00
P000054-04,P000054,4,2025-10-02,2025-11-02,11079,2025-10-02 06:00:00
P000054-05,P000054,5,2025-11-02,2025-12-02,11079,2025-11-02 06:00:00
P000054-06,P000054,6,2025-12-02,2026-01-02,11079,2025-12-02 06:00:00
P000055-01,P000055,1,2025-02-14,2025-03-14,62754,2025-02-14 06:00:00
P000055-02,P000055,2,2025-03-14,2025-04-14,62754,2025-03-14 06:00:00
P000055-03,P000055,3,2025-04-14,2025-05-14,62754,2025-04-14 06:00:00
P000055-04,P000055,4,2025-05-14,2025-06-14,62754,2025-05-14 06:00:00
P000055-05,P000055,5,2025-06-14,2025-07-14,62754,2025-06-14 06:00:00
P000055-06,P000055,6,2025-07-14,2025-08-14,62754,2025-07-14 06:00:00
P000055-07,P000055,7,2025-08-14,2025-09-14,62754,2025-08-14 06:00:00
P000055-08,P000055,8,2025-09-14,2025-10-14,62754,2025-09-14 06:00:00
P000055-09,P000055,9,2025-10-14,2025-11-14,62754,2025-10-14 06:00:00
P000055-10,P000055,10,2025-11-14,2025-12-14,62754,2025-11-14 06:00:00
P000055-11,P000055,11,2025-12-14,2026-01-14,62754,2025-12-14 06:00:00
P000056-01,P000056,1,2025-11-16,2025-12-16,13456,2025-11-16 06:00:00
P000056-02,P000056,2,2025-12-16,2026-01-16,13456,2025-12-16 06:00:00
P000057-01,P000057,1,2025-02-20,2025-03-20,11738,2025-02-20 06:00:00
P000057-02,P000057,2,2025-03-20,2025-04-20,11738,2025-03-20 06:00:00
P000057-03,P000057,3,2025-04-20,2025-05-20,11738,2025-04-20 06:00:00
P000057-04,P000057,4,2025-05-20,2025-06-20,11738,2025-05-20 06:00:00
P000057-05,P000057,5,2025-06-20,2025-07-20,11738,2025-06-20 06:00:00
P000057-06,P000057,6,2025-07-20,2025-08-20,11738,2025-07-20 06:00:00
P000057-07,P000057,7,2025-08-20,2025-09-20,11738,2025-08-20 06:00:00
P000057-08,P000057,8,2025-09-20,2025-10-20,11738,2025-09-20 06:00:00
P000057-09,P000057,9,2025-10-20,2025-11-20,11738,2025-10-20 06:00:00
P000057-10,P000057,10,2025-11-20,2025-12-20,11738,2025-11-20 06:00:00
P000057-11,P000057,11,2025-12-20,2026-01-20,11738,2025-12-20 06:00:00
P000058-01,P000058,1,2025-10-10,2025-11-10,13674,2025-10-10 06:00:00
P000058-02,P000058,2,2025-11-10,2025-12-10,13674,2025-11-10 06:00:00
P000058-03,P000058,3,2025-12-10,2026-01-10,13674,2025-12-10 06:00:00
P000059-01,P000059,1,2025-07-21,2025-08-21,21360,2025-07-21 06:00:00
P000059-02,P000059,2,2025-08-21,2025-09-21,21360,2025-08-21 06:00:00
P000059-03,P000059,3,2025-09-21,2025-10-21,21360,2025-09-21 06:00:00
P000059-04,P000059,4,2025-10-21,2025-11-21,21360,2025-10-21 06:00:00
P000059-05,P000059,5,2025-11-21,2025-12-21,21360,2025-11-21 06:00:00
P000059-06,P000059,6,2025-12-21,2026-01-21,21360,2025-12-21 06:00:00
P000060-01,P000060,1,2024-06-08,2024-07-08,2482,2024-06-08 06:00:00
P000060-02,P000060,2,2024-07-08,2024-08-08,2482,2024-07-08 06:00:00
P000060-03,P000060,3,2024-08-08,2024-09-08,2482,2024-08-08 06:00:00
P000060-04,P000060,4,2024-09-08,2024-10-08,2482,2024-09-08 06:00:00
P000060-05,P000060,5,2024-10-08,2024-11-08,2482,2024-10-08 06:00:00
P000060-06,P000060,6,2024-11-08,2024-12-08,2482,2024-11-08 06:00:00
P000060-07,P000060,7,2024-12-08,2025-01-08,3088,2024-12-08 06:00:00
P000060-08,P000060,8,2025-01-08,2025-02-08,3088,2025-01-08 06:00:00
P000060-09,P000060,9,2025-02-08,2025-03-08,3088,2025-02-08 06:00:00
P000060-10,P000060,10,2025-03-08,2025-04-08,3088,2025-03-08 06:00:00
P000060-11,P000060,11,2025-04-08,2025-05-08,3088,2025-04-08 06:00:00
P000060-12,P000060,12,2025-05-08,2025-06-08,3088,2025-05-08 06:00:00
P000061-01,P000061,1,2024-01-13,2024-02-13,2444,2024-01-13 06:00:00
P000061-02,P000061,2,2024-02-13,2024-03-13,2444,2024-02-13 06:00:00
P000061-03,P000061,3,2024-03-13,2024-04-13,2444,2024-03-13 06:00:00
P000061-04,P000061,4,2024-04-13,2024-05-13,2444,2024-04-13 06:00:00
P000061-05,P000061,5,2024-05-13,2024-06-13,2444,2024-05-13 06:00:00
P000061-06,P000061,6,2024-06-13,2024-07-13,2444,2024-06-13 06:00:00
P000061-07,P000061,7,2024-07-13,2024-08-13,2601,2024-07-13 06:00:00
P000061-08,P000061,8,2024-08-13,2024-09-13,2601,2024-08-13 06:00:00
P000061-09,P000061,9,2024-09-13,2024-10-13,2601,2024-09-13 06:00:00
P000061-10,P000061,10,2024-10-13,2024-11-13,2601,2024-10-13 06:00:00
P000061-11,P000061,11,2024-11-13,2024-12-13,2601,2024-11-13 06:00:00
P000061-12,P000061,12,2024-12-13,2025-01-13,2601,2024-12-13 06:00:00
P000062-01,P000062,1,2024-06-02,2024-07-02,56008,2024-06-02 06:00:00
P000062-02,P000062,2,2024-07-02,2024-08-02,56008,2024-07-02 06:00:00
P000062-03,P000062,3,2024-08-02,2024-09-02,56008,2024-08-02 06:00:00
P000062-04,P000062,4,2024-09-02,2024-10-02,56008,2024-09-02 06:00:00
P000062-05,P000062,5,2024-10-02,2024-11-02,56008,2024-10-02 06:00:00
P000062-06,P000062,6,2024-11-02,2024-12-02,56008,2024-11-02 06:00:00
P000063-01,P000063,1,2024-05-04,2024-06-04,9558,2024-05-04 06:00:00
P000063-02,P000063,2,2024-06-04,2024-07-04,9558,2024-06-04 06:00:00
P000063-03,P000063,3,2024-07-04,2024-08-04,9558,2024-07-04 06:00:00
P000063-04,P000063,4,2024-08-04,2024-09-04,9558,2024-08-04 06:00:00
P000063-05,P000063,5,2024-09-04,2024-10-04,9558,2024-09-04 06:00:00
P000063-06,P000063,6,2024-10-04,2024-11-04,9558,2024-10-04 06:00:00
P000063-07,P000063,7,2024-11-04,2024-12-04,9558,2024-11-04 06:00:00
P000063-08,P000063,8,2024-12-04,2025-01-04,9558,2024-12-04 06:00:00
P000063-09,P000063,9,2025-01-04,2025-02-04,9558,2025-01-04 06:00:00
P000063-10,P000063,10,2025-02-04,2025-03-04,9558,2025-02-04 06:00:00
P000063-11,P000063,11,2025-03-04,2025-04-04,9558,2025-03-04 06:00:00
P000063-12,P000063,12,2025-04-04,2025-05-04,9558,2025-04-04 06:00:00
P000064-01,P000064,1,2025-10-22,2025-11-22,7826,2025-10-22 06:00:00
P000064-02,P000064,2,2025-11-22,2025-12-22,7826,2025-11-22 06:00:00
P000064-03,P000064,3,2025-12-22,2026-01-22,7826,2025-12-22 06:00:00
P000065-01,P000065,1,2024-03-06,2024-04-06,16649,2024-03-06 06:00:00
P000065-02,P000065,2,2024-04-06,2024-05-06,16649,2024-04-06 06:00:00
P000065-03,P000065,3,2024-05-06,2024-06-06,16649,2024-05-06 06:00:00
P000065-04,P000065,4,2024-06-06,2024-07-06,16649,2024-06-06 06:00:00
P000065-05,P000065,5,2024-07-06,2024-08-06,16175,2024-07-06 06:00:00
P000065-06,P000065,6,2024-08-06,2024-09-06,16175,2024-08-06 06:00:00
P000065-07,P000065,7,2024-09-06,2024-10-06,16175,2024-09-06 06:00:00
P000065-08,P000065,8,2024-10-06,2024-11-06,16175,2024-10-06 06:00:00
P000065-09,P000065,9,2024-11-06,2024-12-06,16175,2024-11-06 06:00:00
P000065-10,P000065,10,2024-12-06,2025-01-06,16175,2024-12-06 06:00:00
P000065-11,P000065,11,2025-01-06,2025-02-06,16175,2025-01-06 06:00:00
P000065-12,P000065,12,2025-02-06,2025-03-06,16175,2025-02-06 06:00:00
P000066-01,P000066,1,2025-03-16,2025-04-16,16020,2025-03-16 06:00:00
P000066-02,P000066,2,2025-04-16,2025-05-16,16020,2025-04-16 06:00:00
P000066-03,P000066,3,2025-05-16,2025-06-16,16020,2025-05-16 06:00:00
P000066-04,P000066,4,2025-06-16,2025-07-16,16020,2025-06-16 06:00:00
P000066-05,P000066,5,2025-07-16,2025-08-16,16020,2025-07-16 06:00:00
P000066-06,P000066,6,2025-08-16,2025-09-16,16020,2025-08-16 06:00:00
P000066-07,P000066,7,2025-09-16,2025-10-16,16020,2025-09-16 06:00:00
P000066-08,P000066,8,2025-10-16,2025-11-16,16020,2025-10-16 06:00:00
P000066-09,P000066,9,2025-11-16,2025-12-16,16600,2025-11-16 06:00:00
P000066-10,P000066,10,2025-12-16,2026-01-16,16600,2025-12-16 06:00:00
P000067-01,P000067,1,2025-05-25,2025-06-25,18078,2025-05-25 06:00:00
P000067-02,P000067,2,2025-06-25,2025-07-25,18078,2025-06-25 06:00:00
P000067-03,P000067,3,2025-07-25,2025-08-25,18078,2025-07-25 06:00:00
P000067-04,P000067,4,2025-08-25,2025-09-25,18078,2025-08-25 06:00:00
P000067-05,P000067,5,2025-09-25,2025-10-25,18078,2025-09-25 06:00:00
P000067-06,P000067,6,2025-10-25,2025-11-25,18078,2025-10-25 06:00:00
P000067-07,P000067,7,2025-11-25,2025-12-25,18078,2025-11-25 06:00:00
P000067-08,P000067,8,2025-12-25,2026-01-25,18078,2025-12-25 06:00:00
P000068-01,P000068,1,2025-04-16,2025-05-16,13041,2025-04-16 06:00:00
P000068-02,P000068,2,2025-05-16,2025-06-16,13041,2025-05-16 06:00:00
P000068-03,P000068,3,2025-06-16,2025-07-16,13041,2025-06-16 06:00:00
P000068-04,P000068,4,2025-07-16,2025-08-16,13041,2025-07-16 06:00:00
P000068-05,P000068,5,2025-08-16,2025-09-16,13041,2025-08-16 06:00:00
P000068-06,P000068,6,2025-09-16,2025-10-16,13041,2025-09-16 06:00:00
P000068-07,P000068,7,2025-10-16,2025-11-16,13041,2025-10-16 06:00:00
P000069-01,P000069,1,2024-06-20,2024-07-20,15812,2024-06-20 06:00:00
P000069-02,P000069,2,2024-07-20,2024-08-20,15812,2024-07-20 06:00:00
P000069-03,P000069,3,2024-08-20,2024-09-20,15812,2024-08-20 06:00:00
P000069-04,P000069,4,2024-09-20,2024-10-20,15812,2024-09-20 06:00:00
P000069-05,P000069,5,2024-10-20,2024-11-20,15812,2024-10-20 06:00:00
P000069-06,P000069,6,2024-11-20,2024-12-20,15812,2024-11-20 06:00:00
P000069-07,P000069,7,2024-12-20,2025-01-20,15812,2024-12-20 06:00:00
P000069-08,P000069,8,2025-01-20,2025-02-20,15812,2025-01-20 06:00:00
P000069-09,P000069,9,2025-02-20,2025-03-20,15812,2025-02-20 06:00:00
P000069-10,P000069,10,2025-03-20,2025-04-20,15812,2025-03-20 06:00:00
P000069-11,P000069,11,2025-04-20,2025-05-20,15812,2025-04-20 06:00:00
P000069-12,P000069,12,2025-05-20,2025-06-20,15812,2025-05-20 06:00:00
P000070-01,P000070,1,2025-07-25,2025-08-25,19402,2025-07-25 06:00:00
P000070-02,P000070,2,2025-08-25,2025-09-25,20970,2025-08-25 06:00:00
P000070-03,P000070,3,2025-09-25,2025-10-25,20970,2025-09-25 06:00:00
P000070-04,P000070,4,2025-10-25,2025-11-25,20970,2025-10-25 06:00:00
P000070-05,P000070,5,2025-11-25,2025-12-25,20970,2025-11-25 06:00:00
P000070-06,P000070,6,2025-12-25,2026-01-25,20970,2025-12-25 06:00:00
P000071-01,P000071,1,2025-04-05,2025-05-05,13318,2025-04-05 06:00:00
P000071-02,P000071,2,2025-05-05,2025-06-05,14776,2025-05-05 06:00:00
P000071-03,P000071,3,2025-06-05,2025-07-05,14776,2025-06-05 06:00:00
P000071-04,P000071,4,2025-07-05,2025-08-05,14776,2025-07-05 06:00:00
P000071-05,P000071,5,2025-08-05,2025-09-05,14776,2025-08-05 06:00:00
P000071-06,P000071,6,2025-09-05,2025-10-05,14776,2025-09-05 06:00:00
P000071-07,P000071,7,2025-10-05,2025-11-05,14776,2025-10-05 06:00:00
P000071-08,P000071,8,2025-11-05,2025-12-05,14776,2025-11-05 06:00:00
P000071-09,P000071,9,2025-12-05,2026-01-05,14776,2025-12-05 06:00:00
P000072-01,P000072,1,2024-02-14,2024-03-14,2556,2024-02-14 06:00:00
P000072-02,P000072,2,2024-03-14,2024-04-14,2556,2024-03-14 06:00:00
P000072-03,P000072,3,2024-04-14,2024-05-14,2556,2024-04-14 06:00:00
P000072-04,P000072,4,2024-05-14,2024-06-14,2556,2024-05-14 06:00:00
P000072-05,P000072,5,2024-06-14,2024-07-14,2556,2024-06-14 06:00:00
P000072-06,P000072,6,2024-07-14,2024-08-14,2556,2024-07-14 06:00:00
P000072-07,P000072,7,2024-08-14,2024-09-14,2556,2024-08-14 06:00:00
P000072-08,P000072,8,2024-09-14,2024-10-14,2556,2024-09-14 06:00:00
P000072-09,P000072,9,2024-10-14,2024-11-14,2556,2024-10-14 06:00:00
P000072-10,P000072,10,2024-11-14,2024-12-14,2556,2024-11-14 06:00:00
P000072-11,P000072,11,2024-12-14,2025-01-14,2556,2024-12-14 06:00:00
P000072-12,P000072,12,2025-01-14,2025-02-14,2556,2025-01-14 06:00:00
P000073-01,P000073,1,2025-07-25,2025-08-25,11202,2025-07-25 06:00:00
P000073-02,P000073,2,2025-08-25,2025-09-25,11202,2025-08-25 06:00:00
P000073-03,P000073,3,2025-09-25,2025-10-25,11202,2025-09-25 06:00:00
P000073-04,P000073,4,2025-10-25,2025-11-25,11202,2025-10-25 06:00:00
P000073-05,P000073,5,2025-11-25,2025-12-25,11202,2025-11-25 06:00:00
P000073-06,P000073,6,2025-12-25,2026-01-25,11202,2025-12-25 06:00:00
P000074-01,P000074,1,2025-01-15,2025-02-15,51146,2025-01-15 06:00:00
P000074-02,P000074,2,2025-02-15,2025-03-15,51146,2025-02-15 06:00:00
P000074-03,P000074,3,2025-03-15,2025-04-15,51146,2025-03-15 06:00:00
P000074-04,P000074,4,2025-04-15,2025-05-15,51146,2025-04-15 06:00:00
P000074-05,P000074,5,2025-05-15,2025-06-15,51146,2025-05-15 06:00:00
P000074-06,P000074,6,2025-06-15,2025-07-15,51146,2025-06-15 06:00:00
P000074-07,P000074,7,2025-07-15,2025-08-15,51146,2025-07-15 06:00:00
P000074-08,P000074,8,2025-08-15,2025-09-15,51146,2025-08-15 06:00:00
P000074-09,P000074,9,2025-09-15,2025-10-15,51146,2025-09-15 06:00:00
P000074-10,P000074,10,2025-10-15,2025-11-15,51146,2025-10-15 06:00:00
P000074-11,P000074,11,2025-11-15,2025-12-15,51146,2025-11-15 06:00:00
P000074-12,P000074,12,2025-12-15,2026-01-15,51146,2025-12-15 06:00:00
P000075-01,P000075,1,2024-10-09,2024-11-09,114359,2024-10-09 06:00:00
P000075-02,P000075,2,2024-11-09,2024-12-09,114359,2024-11-09 06:00:00
P000075-03,P000075,3,2024-12-09,2025-01-09,114359,2024-12-09 06:00:00
P000075-04,P000075,4,2025-01-09,2025-02-09,114359,2025-01-09 06:00:00
P000075-05,P000075,5,2025-02-09,2025-03-09,114359,2025-02-09 06:00:00
P000075-06,P000075,6,2025-03-09,2025-04-09,114359,2025-03-09 06:00:00
P000075-07,P000075,7,2025-04-09,2025-05-09,114359,2025-04-09 06:00:00
P000075-08,P000075,8,2025-05-09,2025-06-09,114359,2025-05-09 06:00:00
P000075-09,P000075,9,2025-06-09,2025-07-09,114359,2025-06-09 06:00:00
P000075-10,P000075,10,2025-07-09,2025-08-09,114359,2025-07-09 06:00:00
P000075-11,P000075,11,2025-08-09,2025-09-09,114359,2025-08-09 06:00:00
P000075-12,P000075,12,2025-09-09,2025-10-09,104525,2025-09-09 06:00:00
P000076-01,P000076,1,2024-12-08,2025-01-08,8167,2024-12-08 06:00:00
P000076-02,P000076,2,2025-01-08,2025-02-08,8167,2025-01-08 06:00:00
P000076-03,P000076,3,2025-02-08,2025-03-08,8167,2025-02-08 06:00:00
P000076-04,P000076,4,2025-03-08,2025-04-08,8167,2025-03-08 06:00:00
P000076-05,P000076,5,2025-04-08,2025-05-08,8167,2025-04-08 06:00:00
P000076-06,P000076,6,2025-05-08,2025-06-08,8167,2025-05-08 06:00:00
P000076-07,P000076,7,2025-06-08,2025-07-08,8167,2025-06-08 06:00:00
P000076-08,P000076,8,2025-07-08,2025-08-08,8167,2025-07-08 06:00:00
P000076-09,P000076,9,2025-08-08,2025-09-08,8167,2025-08-08 06:00:00
P000076-10,P000076,10,2025-09-08,2025-10-08,8167,2025-09-08 06:00:00
P000076-11,P000076,11,2025-10-08,2025-11-08,8167,2025-10-08 06:00:00
P000076-12,P000076,12,2025-11-08,2025-12-08,8167,2025-11-08 06:00:00
P000077-01,P000077,1,2025-09-22,2025-10-22,10035,2025-09-22 06:00:00
P000077-02,P000077,2,2025-10-22,2025-11-22,10035,2025-10-22 06:00:00
P000077-03,P000077,3,2025-11-22,2025-12-22,10035,2025-11-22 06:00:00
P000077-04,P000077,4,2025-12-22,2026-01-22,10035,2025-12-22 06:00:00
P000078-01,P000078,1,2025-09-23,2025-10-23,62278,2025-09-23 06:00:00
P000078-02,P000078,2,2025-10-23,2025-11-23,73703,2025-10-23 06:00:00
P000078-03,P000078,3,2025-11-23,2025-12-23,73703,2025-11-23 06:00:00
P000079-01,P000079,1,2024-09-21,2024-10-21,15856,2024-09-21 06:00:00
P000079-02,P000079,2,2024-10-21,2024-11-21,15856,2024-10-21 06:00:00
P000079-03,P000079,3,2024-11-21,2024-12-21,15856,2024-11-21 06:00:00
P000079-04,P000079,4,2024-12-21,2025-01-21,15856,2024-12-21 06:00:00
P000079-05,P000079,5,2025-01-21,2025-02-21,15856,2025-01-21 06:00:00
P000079-06,P000079,6,2025-02-21,2025-03-21,15856,2025-02-21 06:00:00
P000079-07,P000079,7,2025-03-21,2025-04-21,14265,2025-03-21 06:00:00
P000079-08,P000079,8,2025-04-21,2025-05-21,14265,2025-04-21 06:00:00
P000079-09,P000079,9,2025-05-21,2025-06-21,14265,2025-05-21 06:00:00
P000079-10,P000079,10,2025-06-21,2025-07-21,14265,2025-06-21 06:00:00
P000079-11,P000079,11,2025-07-21,2025-08-21,14265,2025-07-21 06:00:00
P000079-12,P000079,12,2025-08-21,2025-09-21,14265,2025-08-21 06:00:00
P000080-01,P000080,1,2025-06-28,2025-07-28,63498,2025-06-28 06:00:00
P000080-02,P000080,2,2025-07-28,2025-08-28,63498,2025-07-28 06:00:00
P000080-03,P000080,3,2025-08-28,2025-09-28,63498,2025-08-28 06:00:00
P000080-04,P000080,4,2025-09-28,2025-10-28,63498,2025-09-28 06:00:00
P000080-05,P000080,5,2025-10-28,2025-11-28,63498,2025-10-28 06:00:00
P000080-06,P000080,6,2025-11-28,2025-12-28,63498,2025-11-28 06:00:00
P000080-07,P000080,7,2025-12-28,2026-01-28,63498,2025-12-28 06:00:00
P000081-01,P000081,1,2025-01-31,2025-02-28,10440,2025-01-31 06:00:00
P000081-02,P000081,2,2025-02-28,2025-03-31,10440,2025-02-28 06:00:00
P000081-03,P000081,3,2025-03-31,2025-04-30,10440,2025-03-31 06:00:00
P000081-04,P000081,4,2025-04-30,2025-05-31,10440,2025-04-30 06:00:00
P000081-05,P000081,5,2025-05-31,2025-06-30,10440,2025-05-31 06:00:00
P000081-06,P000081,6,2025-06-30,2025-07-31,10440,2025-06-30 06:00:00
P000081-07,P000081,7,2025-07-31,2025-08-31,10440,2025-07-31 06:00:00
P000081-08,P000081,8,2025-08-31,2025-09-30,10440,2025-08-31 06:00:00
P000081-09,P000081,9,2025-09-30,2025-10-31,10440,2025-09-30 06:00:00
P000081-10,P000081,10,2025-10-31,2025-11-30,10440,2025-10-31 06:00:00
P000081-11,P000081,11,2025-11-30,2025-12-31,10440,2025-11-30 06:00:00
P000081-12,P000081,12,2025-12-31,2026-01-31,10440,2025-12-31 06:00:00
P000082-01,P000082,1,2025-06-20,2025-07-20,2949,2025-06-20 06:00:00
P000082-02,P000082,2,2025-07-20,2025-08-20,2949,2025-07-20 06:00:00
P000082-03,P000082,3,2025-08-20,2025-09-20,2949,2025-08-20 06:00:00
P000082-04,P000082,4,2025-09-20,2025-10-20,2949,2025-09-20 06:00:00
P000082-05,P000082,5,2025-10-20,2025-11-20,3430,2025-10-20 06:00:00
P000082-06,P000082,6,2025-11-20,2025-12-20,3430,2025-11-20 06:00:00
P000082-07,P000082,7,2025-12-20,2026-01-20,3430,2025-12-20 06:00:00
P000083-01,P000083,1,2025-09-18,2025-10-18,13249,2025-09-18 06:00:00
P000083-02,P000083,2,2025-10-18,2025-11-18,13249,2025-10-18 06:00:00
P000083-03,P000083,3,2025-11-18,2025-12-18,13249,2025-11-18 06:00:00
P000083-04,P000083,4,2025-12-18,2026-01-18,14843,2025-12-18 06:00:00
P000084-01,P000084,1,2025-07-13,2025-08-13,43401,2025-07-13 06:00:00
P000084-02,P000084,2,2025-08-13,2025-09-13,43401,2025-08-13 06:00:00
P000084-03,P000084,3,2025-09-13,2025-10-13,49533,2025-09-13 06:00:00
P000084-04,P000084,4,2025-10-13,2025-11-13,49533,2025-10-13 06:00:00
P000084-05,P000084,5,2025-11-13,2025-12-13,49533,2025-11-13 06:00:00
P000084-06,P000084,6,2025-12-13,2026-01-13,49533,2025-12-13 06:00:00
P000085-01,P000085,1,2024-12-09,2025-01-09,12670,2024-12-09 06:00:00
P000085-02,P000085,2,2025-01-09,2025-02-09,12670,2025-01-09 06:00:00
P000085-03,P000085,3,2025-02-09,2025-03-09,12670,2025-02-09 06:00:00
P000085-04,P000085,4,2025-03-09,2025-04-09,12670,2025-03-09 06:00:00
P000085-05,P000085,5,2025-04-09,2025-05-09,12670,2025-04-09 06:00:00
P000085-06,P000085,6,2025-05-09,2025-06-09,12670,2025-05-09 06:00:00
P000085-07,P000085,7,2025-06-09,2025-07-09,12670,2025-06-09 06:00:00
P000085-08,P000085,8,2025-07-09,2025-08-09,12670,2025-07-09 06:00:00
P000085-09,P000085,9,2025-08-09,2025-09-09,12670,2025-08-09 06:00:00
P000085-10,P000085,10,2025-09-09,2025-10-09,12670,2025-09-09 06:00:00
P000085-11,P000085,11,2025-10-09,2025-11-09,12670,2025-10-09 06:00:00
P000085-12,P000085,12,2025-11-09,2025-12-09,12670,2025-11-09 06:00:00
P000085-12,P000085,12,2025-11-09,2025-12-09,12670,2025-11-12 06:00:00
P000086-01,P000086,1,2025-11-07,2025-12-07,14290,2025-11-07 06:00:00
P000086-02,P000086,2,2025-12-07,2026-01-07,14290,2025-12-07 06:00:00
P000087-01,P000087,1,2025-02-27,2025-03-27,12079,2025-02-27 06:00:00
P000087-02,P000087,2,2025-03-27,2025-04-27,12079,2025-03-27 06:00:00
P000087-03,P000087,3,2025-04-27,2025-05-27,12079,2025-04-27 06:00:00
P000087-04,P000087,4,2025-05-27,2025-06-27,12079,2025-05-27 06:00:00
P000087-05,P000087,5,2025-06-27,2025-07-27,12079,2025-06-27 06:00:00
P000087-06,P000087,6,2025-07-27,2025-08-27,12079,2025-07-27 06:00:00
P000087-07,P000087,7,2025-08-27,2025-09-27,12079,2025-08-27 06:00:00
P000087-08,P000087,8,2025-09-27,2025-10-27,12079,2025-09-27 06:00:00
P000087-09,P000087,9,2025-10-27,2025-11-27,12079,2025-10-27 06:00:00
P000087-10,P000087,10,2025-11-27,2025-12-27,12079,2025-11-27 06:00:00
P000087-11,P000087,11,2025-12-27,2026-01-27,12079,2025-12-27 06:00:00
P000088-01,P000088,1,2025-09-16,2025-10-16,67356,2025-09-16 06:00:00
P000088-02,P000088,2,2025-10-16,2025-11-16,67356,2025-10-16 06:00:00
P000088-03,P000088,3,2025-11-16,2025-12-16,67356,2025-11-16 06:00:00
P000088-04,P000088,4,2025-12-16,2026-01-16,67356,2025-12-16 06:00:00
P000089-01,P000089,1,2025-10-04,2025-11-04,13233,2025-10-04 06:00:00
P000089-02,P000089,2,2025-11-04,2025-12-04,13233,2025-11-04 06:00:00
P000089-03,P000089,3,2025-12-04,2026-01-04,13233,2025-12-04 06:00:00
P000090-01,P000090,1,2024-12-28,2025-01-28,2703,2024-12-28 06:00:00
P000090-02,P000090,2,2025-01-28,2025-02-28,2703,2025-01-28 06:00:00
P000090-03,P000090,3,2025-02-28,2025-03-28,2703,2025-02-28 06:00:00
P000090-04,P000090,4,2025-03-28,2025-04-28,2703,2025-03-28 06:00:00
P000090-05,P000090,5,2025-04-28,2025-05-28,2703,2025-04-28 06:00:00
P000090-06,P000090,6,2025-05-28,2025-06-28,2703,2025-05-28 06:00:00
P000090-07,P000090,7,2025-06-28,2025-07-28,2410,2025-06-28 06:00:00
P000090-08,P000090,8,2025-07-28,2025-08-28,2410,2025-07-28 06:00:00
P000090-09,P000090,9,2025-08-28,2025-09-28,2410,2025-08-28 06:00:00
P000090-10,P000090,10,2025-09-28,2025-10-28,2410,2025-09-28 06:00:00
P000090-11,P000090,11,2025-10-28,2025-11-28,2410,2025-10-28 06:00:00
P000090-12,P000090,12,2025-11-28,2025-12-28,2410,2025-11-28 06:00:00
P000091-01,P000091,1,2025-05-10,2025-06-10,14382,2025-05-10 06:00:00
P000091-02,P000091,2,2025-06-10,2025-07-10,14382,2025-06-10 06:00:00
P000091-03,P000091,3,2025-07-10,2025-08-10,14382,2025-07-10 06:00:00
P000091-04,P000091,4,2025-08-10,2025-09-10,14382,2025-08-10 06:00:00
P000091-05,P000091,5,2025-09-10,2025-10-10,14382,2025-09-10 06:00:00
P000091-06,P000091,6,2025-10-10,2025-11-10,14382,2025-10-10 06:00:00
P000091-07,P000091,7,2025-11-10,2025-12-10,14382,2025-11-10 06:00:00
P000091-08,P000091,8,2025-12-10,2026-01-10,14382,2025-12-10 06:00:00
P000092-01,P000092,1,2024-04-15,2024-05-15,58152,2024-04-15 06:00:00
P000092-02,P000092,2,2024-05-15,2024-06-15,58152,2024-05-15 06:00:00
P000092-03,P000092,3,2024-06-15,2024-07-15,58152,2024-06-15 06:00:00
P000092-04,P000092,4,2024-07-15,2024-08-15,58152,2024-07-15 06:00:00
P000092-05,P000092,5,2024-08-15,2024-09-15,65614,2024-08-15 06:00:00
P000092-06,P000092,6,2024-09-15,2024-10-15,65614,2024-09-15 06:00:00
P000092-07,P000092,7,2024-10-15,2024-11-15,65614,2024-10-15 06:00:00
P000092-08,P000092,8,2024-11-15,2024-12-15,65614,2024-11-15 06:00:00
P000092-09,P000092,9,2024-12-15,2025-01-15,65614,2024-12-15 06:00:00
P000092-10,P000092,10,2025-01-15,2025-02-15,65614,2025-01-15 06:00:00
P000092-11,P000092,11,2025-02-15,2025-03-15,65614,2025-02-15 06:00:00
P000092-12,P000092,12,2025-03-15,2025-04-15,65614,2025-03-15 06:00:00
P000093-01,P000093,1,2025-04-11,2025-05-11,11934,2025-04-11 06:00:00
P000093-02,P000093,2,2025-05-11,2025-06-11,11934,2025-05-11 06:00:00
P000093-03,P000093,3,2025-06-11,2025-07-11,11934,2025-06-11 06:00:00
P000093-04,P000093,4,2025-07-11,2025-08-11,11934,2025-07-11 06:00:00
P000093-05,P000093,5,2025-08-11,2025-09-11,11960,2025-08-11 06:00:00
P000093-06,P000093,6,2025-09-11,2025-10-11,11960,2025-09-11 06:00:00
P000093-07,P000093,7,2025-10-11,2025-11-11,11960,2025-10-11 06:00:00
P000093-08,P000093,8,2025-11-11,2025-12-11,11960,2025-11-11 06:00:00
P000093-09,P000093,9,2025-12-11,2026-01-11,11960,2025-12-11 06:00:00
P000094-01,P000094,1,2024-04-19,2024-05-19,1751,2024-04-19 06:00:00
P000094-02,P000094,2,2024-05-19,2024-06-19,1751,2024-05-19 06:00:00
P000094-03,P000094,3,2024-06-19,2024-07-19,1751,2024-06-19 06:00:00
P000094-04,P000094,4,2024-07-19,2024-08-19,1751,2024-07-19 06:00:00
P000094-05,P000094,5,2024-08-19,2024-09-19,1762,2024-08-19 06:00:00
P000094-06,P000094,6,2024-09-19,2024-10-19,1762,2024-09-19 06:00:00
P000094-07,P000094,7,2024-10-19,2024-11-19,1762,2024-10-19 06:00:00
P000094-08,P000094,8,2024-11-19,2024-12-19,1762,2024-11-19 06:00:00
P000094-09,P000094,9,2024-12-19,2025-01-19,1762,2024-12-19 06:00:00
P000094-10,P000094,10,2025-01-19,2025-02-19,1762,2025-01-19 06:00:00
P000094-11,P000094,11,2025-02-19,2025-03-19,1762,2025-02-19 06:00:00
P000094-12,P000094,12,2025-03-19,2025-04-19,1762,2025-03-19 06:00:00
P000095-01,P000095,1,2024-06-29,2024-07-29,68924,2024-06-29 06:00:00
P000095-02,P000095,2,2024-07-29,2024-08-29,68924,2024-07-29 06:00:00
P000095-03,P000095,3,2024-08-29,2024-09-29,68924,2024-08-29 06:00:00
P000095-03,P000095,3,2024-08-29,2024-09-29,68924,2024-09-01 06:00:00
P000095-04,P000095,4,2024-09-29,2024-10-29,68924,2024-09-29 06:00:00
P000095-05,P000095,5,2024-10-29,2024-11-29,68924,2024-10-29 06:00:00
P000095-06,P000095,6,2024-11-29,2024-12-29,68924,2024-11-29 06:00:00
P000095-07,P000095,7,2024-12-29,2025-01-29,68924,2024-12-29 06:00:00
P000095-08,P000095,8,2025-01-29,2025-02-28,68924,2025-01-29 06:00:00
P000095-09,P000095,9,2025-02-28,2025-03-29,68924,2025-02-28 06:00:00
P000095-10,P000095,10,2025-03-29,2025-04-29,68924,2025-03-29 06:00:00
P000095-11,P000095,11,2025-04-29,2025-05-29,68924,2025-04-29 06:00:00
P000095-12,P000095,12,2025-05-29,2025-06-29,68924,2025-05-29 06:00:00
P000096-01,P000096,1,2024-05-22,2024-06-22,9388,2024-05-22 06:00:00
P000096-02,P000096,2,2024-06-22,2024-07-22,11648,2024-06-22 06:00:00
P000096-03,P000096,3,2024-07-22,2024-08-22,11648,2024-07-22 06:00:00
P000096-04,P000096,4,2024-08-22,2024-09-22,11648,2024-08-22 06:00:00
P000096-05,P000096,5,2024-09-22,2024-10-22,11648,2024-09-22 06:00:00
P000096-06,P000096,6,2024-10-22,2024-11-22,11648,2024-10-22 06:00:00
P000096-07,P000096,7,2024-11-22,2024-12-22,11648,2024-11-22 06:00:00
P000096-08,P000096,8,2024-12-22,2025-01-22,11648,2024-12-22 06:00:00
P000096-09,P000096,9,2025-01-22,2025-02-22,11648,2025-01-22 06:00:00
P000096-10,P000096,10,2025-02-22,2025-03-22,11648,2025-02-22 06:00:00
P000096-11,P000096,11,2025-03-22,2025-04-22,11648,2025-03-22 06:00:00
P000096-12,P000096,12,2025-04-22,2025-05-22,11648,2025-04-22 06:00:00
P000097-01,P000097,1,2024-08-30,2024-09-30,16989,2024-08-30 06:00:00
P000097-02,P000097,2,2024-09-30,2024-10-30,16989,2024-09-30 06:00:00
P000097-03,P000097,3,2024-10-30,2024-11-30,16989,2024-10-30 06:00:00
P000097-04,P000097,4,2024-11-30,2024-12-30,16989,2024-11-30 06:00:00
P000097-05,P000097,5,2024-12-30,2025-01-30,16989,2024-12-30 06:00:00
P000097-06,P000097,6,2025-01-30,2025-02-28,16989,2025-01-30 06:00:00
P000097-07,P000097,7,2025-02-28,2025-03-30,16989,2025-02-28 06:00:00
P000097-08,P000097,8,2025-03-30,2025-04-30,16989,2025-03-30 06:00:00
P000097-09,P000097,9,2025-04-30,2025-05-30,16989,2025-04-30 06:00:00
P000097-10,P000097,10,2025-05-30,2025-06-30,16989,2025-05-30 06:00:00
P000097-11,P000097,11,2025-06-30,2025-07-30,16989,2025-06-30 06:00:00
P000097-12,P000097,12,2025-07-30,2025-08-30,16989,2025-07-30 06:00:00
P000098-01,P000098,1,2024-06-27,2024-07-27,13001,2024-06-27 06:00:00
P000098-02,P000098,2,2024-07-27,2024-08-27,13001,2024-07-27 06:00:00
P000098-03,P000098,3,2024-08-27,2024-09-27,13001,2024-08-27 06:00:00
P000098-04,P000098,4,2024-09-27,2024-10-27,13001,2024-09-27 06:00:00
P000098-05,P000098,5,2024-10-27,2024-11-27,13001,2024-10-27 06:00:00
P000098-06,P000098,6,2024-11-27,2024-12-27,13001,2024-11-27 06:00:00
P000098-07,P000098,7,2024-12-27,2025-01-27,13001,2024-12-27 06:00:00
P000098-08,P000098,8,2025-01-27,2025-02-27,13001,2025-01-27 06:00:00
P000098-09,P000098,9,2025-02-27,2025-03-27,13001,2025-02-27 06:00:00
P000098-10,P000098,10,2025-03-27,2025-04-27,13001,2025-03-27 06:00:00
P000098-11,P000098,11,2025-04-27,2025-05-27,13001,2025-04-27 06:00:00
P000098-12,P000098,12,2025-05-27,2025-06-27,13001,2025-05-27 06:00:00
P000099-01,P000099,1,2025-03-18,2025-04-18,64934,2025-03-18 06:00:00
P000099-02,P000099,2,2025-04-18,2025-05-18,64934,2025-04-18 06:00:00
P000099-03,P000099,3,2025-05-18,2025-06-18,64934,2025-05-18 06:00:00
P000099-04,P000099,4,2025-06-18,2025-07-18,64934,2025-06-18 06:00:00
P000099-05,P000099,5,2025-07-18,2025-08-18,64934,2025-07-18 06:00:00
P000099-06,P000099,6,2025-08-18,2025-09-18,64934,2025-08-18 06:00:00
P000099-07,P000099,7,2025-09-18,2025-10-18,64934,2025-09-18 06:00:00
P000099-08,P000099,8,2025-10-18,2025-11-18,64934,2025-10-18 06:00:00
P000099-09,P000099,9,2025-11-18,2025-12-18,64934,2025-11-18 06:00:00
P000099-10,P000099,10,2025-12-18,2026-01-18,64934,2025-12-18 06:00:00
P000099-10,P000099,10,2025-12-18,2026-01-18,64934,2025-12-21 06:00:00
P000100-01,P000100,1,2025-06-21,2025-07-21,11039,2025-06-21 06:00:00
P000100-02,P000100,2,2025-07-21,2025-08-21,11039,2025-07-21 06:00:00
P000100-03,P000100,3,2025-08-21,2025-09-21,11039,2025-08-21 06:00:00
P000100-04,P000100,4,2025-09-21,2025-10-21,11039,2025-09-21 06:00:00
P000100-05,P000100,5,2025-10-21,2025-11-21,11039,2025-10-21 06:00:00
P000100-06,P000100,6,2025-11-21,2025-12-21,11039,2025-11-21 06:00:00
P000100-07,P000100,7,2025-12-21,2026-01-21,13597,2025-12-21 06:00:00
P000101-01,P000101,1,2024-05-27,2024-06-27,15467,2024-05-27 06:00:00
P000101-01,P000101,1,2024-05-27,2024-06-27,15467,2024-05-30 06:00:00
P000101-02,P000101,2,2024-06-27,2024-07-27,15467,2024-06-27 06:00:00
P000101-03,P000101,3,2024-07-27,2024-08-27,15467,2024-07-27 06:00:00
P000101-04,P000101,4,2024-08-27,2024-09-27,15467,2024-08-27 06:00:00
P000101-05,P000101,5,2024-09-27,2024-10-27,15467,2024-09-27 06:00:00
P000101-06,P000101,6,2024-10-27,2024-11-27,15467,2024-10-27 06:00:00
P000101-07,P000101,7,2024-11-27,2024-12-27,15467,2024-11-27 06:00:00
P000101-07,P000101,7,2024-11-27,2024-12-27,15467,2024-11-30 06:00:00
P000101-08,P000101,8,2024-12-27,2025-01-27,15467,2024-12-27 06:00:00
P000101-09,P000101,9,2025-01-27,2025-02-27,15467,2025-01-27 06:00:00
P000101-10,P000101,10,2025-02-27,2025-03-27,15467,2025-02-27 06:00:00
P000101-11,P000101,11,2025-03-27,2025-04-27,15467,2025-03-27 06:00:00
P000101-12,P000101,12,2025-04-27,2025-05-27,13718,2025-04-27 06:00:00
P000102-01,P000102,1,2024-04-19,2024-05-19,2365,2024-04-19 06:00:00
P000102-02,P000102,2,2024-05-19,2024-06-19,2365,2024-05-19 06:00:00
P000102-03,P000102,3,2024-06-19,2024-07-19,2365,2024-06-19 06:00:00
P000102-04,P000102,4,2024-07-19,2024-08-19,2365,2024-07-19 06:00:00
P000102-05,P000102,5,2024-08-19,2024-09-19,2365,2024-08-19 06:00:00
P000102-06,P000102,6,2024-09-19,2024-10-19,2365,2024-09-19 06:00:00
P000102-07,P000102,7,2024-10-19,2024-11-19,2365,2024-10-19 06:00:00
P000102-08,P000102,8,2024-11-19,2024-12-19,2365,2024-11-19 06:00:00
P000102-09,P000102,9,2024-12-19,2025-01-19,2365,2024-12-19 06:00:00
P000102-10,P000102,10,2025-01-19,2025-02-19,2365,2025-01-19 06:00:00
P000102-11,P000102,11,2025-02-19,2025-03-19,2365,2025-02-19 06:00:00
P000102-12,P000102,12,2025-03-19,2025-04-19,2518,2025-03-19 06:00:00
P000103-01,P000103,1,2024-04-18,2024-05-18,52615,2024-04-18 06:00:00
P000103-02,P000103,2,2024-05-18,2024-06-18,52615,2024-05-18 06:00:00
P000103-03,P000103,3,2024-06-18,2024-07-18,52615,2024-06-18 06:00:00
P000103-04,P000103,4,2024-07-18,2024-08-18,52615,2024-07-18 06:00:00
P000103-05,P000103,5,2024-08-18,2024-09-18,52615,2024-08-18 06:00:00
P000103-06,P000103,6,2024-09-18,2024-10-18,52615,2024-09-18 06:00:00
P000103-07,P000103,7,2024-10-18,2024-11-18,52615,2024-10-18 06:00:00
P000103-08,P000103,8,2024-11-18,2024-12-18,52615,2024-11-18 06:00:00
P000103-09,P000103,9,2024-12-18,2025-01-18,52615,2024-12-18 06:00:00
P000103-10,P000103,10,2025-01-18,2025-02-18,52615,2025-01-18 06:00:00
P000103-11,P000103,11,2025-02-18,2025-03-18,52615,2025-02-18 06:00:00
P000103-12,P000103,12,2025-03-18,2025-04-18,52615,2025-03-18 06:00:00
P000104-01,P000104,1,2024-07-30,2024-08-30,1756,2024-07-30 06:00:00
P000104-02,P000104,2,2024-08-30,2024-09-30,1756,2024-08-30 06:00:00
P000104-03,P000104,3,2024-09-30,2024-10-30,1756,2024-09-30 06:00:00
P000104-04,P000104,4,2024-10-30,2024-11-30,1756,2024-10-30 06:00:00
P000104-05,P000104,5,2024-11-30,2024-12-30,1603,2024-11-30 06:00:00
P000104-06,P000104,6,2024-12-30,2025-01-30,1603,2024-12-30 06:00:00
P000104-07,P000104,7,2025-01-30,2025-02-28,1603,2025-01-30 06:00:00
P000104-08,P000104,8,2025-02-28,2025-03-30,1603,2025-02-28 06:00:00
P000104-09,P000104,9,2025-03-30,2025-04-30,1603,2025-03-30 06:00:00
P000104-10,P000104,10,2025-04-30,2025-05-30,1603,2025-04-30 06:00:00
P000104-11,P000104,11,2025-05-30,2025-06-30,1603,2025-05-30 06:00:00
P000104-12,P000104,12,2025-06-30,2025-07-30,1603,2025-06-30 06:00:00
P000105-01,P000105,1,2024-06-01,2024-07-01,11512,2024-06-01 06:00:00
P000105-02,P000105,2,2024-07-01,2024-08-01,11512,2024-07-01 06:00:00
P000105-03,P000105,3,2024-08-01,2024-09-01,11512,2024-08-01 06:00:00
P000105-04,P000105,4,2024-09-01,2024-10-01,11512,2024-09-01 06:00:00
P000105-05,P000105,5,2024-10-01,2024-11-01,11512,2024-10-01 06:00:00
P000105-06,P000105,6,2024-11-01,2024-12-01,11512,2024-11-01 06:00:00
P000105-07,P000105,7,2024-12-01,2025-01-01,11512,2024-12-01 06:00:00
P000105-08,P000105,8,2025-01-01,2025-02-01,11512,2025-01-01 06:00:00
P000105-09,P000105,9,2025-02-01,2025-03-01,11512,2025-02-01 06:00:00
P000105-10,P000105,10,2025-03-01,2025-04-01,11512,2025-03-01 06:00:00
P000105-11,P000105,11,2025-04-01,2025-05-01,11512,2025-04-01 06:00:00
P000105-12,P000105,12,2025-05-01,2025-06-01,11512,2025-05-01 06:00:00
P000106-01,P000106,1,2025-11-24,2025-12-24,14565,2025-11-24 06:00:00
P000106-02,P000106,2,2025-12-24,2026-01-24,14565,2025-12-24 06:00:00
P000107-01,P000107,1,2024-05-28,2024-06-28,41492,2024-05-28 06:00:00
P000107-02,P000107,2,2024-06-28,2024-07-28,41492,2024-06-28 06:00:00
P000107-03,P000107,3,2024-07-28,2024-08-28,41492,2024-07-28 06:00:00
P000107-04,P000107,4,2024-08-28,2024-09-28,41492,2024-08-28 06:00:00
P000107-05,P000107,5,2024-09-28,2024-10-28,41492,2024-09-28 06:00:00
P000107-06,P000107,6,2024-10-28,2024-11-28,41492,2024-10-28 06:00:00
P000107-07,P000107,7,2024-11-28,2024-12-28,41492,2024-11-28 06:00:00
P000107-08,P000107,8,2024-12-28,2025-01-28,41492,2024-12-28 06:00:00
P000107-09,P000107,9,2025-01-28,2025-02-28,41492,2025-01-28 06:00:00
P000107-10,P000107,10,2025-02-28,2025-03-28,41492,2025-02-28 06:00:00
P000107-11,P000107,11,2025-03-28,2025-04-28,41492,2025-03-28 06:00:00
P000107-12,P000107,12,2025-04-28,2025-05-28,41492,2025-04-28 06:00:00
P000108-01,P000108,1,2025-08-10,2025-09-10,15644,2025-08-10 06:00:00
P000108-02,P000108,2,2025-09-10,2025-10-10,15644,2025-09-10 06:00:00
P000108-03,P000108,3,2025-10-10,2025-11-10,15644,2025-10-10 06:00:00
P000108-04,P000108,4,2025-11-10,2025-12-10,15644,2025-11-10 06:00:00
P000108-05,P000108,5,2025-12-10,2026-01-10,15644,2025-12-10 06:00:00
P000109-01,P000109,1,2024-08-11,2024-09-11,1732,2024-08-11 06:00:00
P000109-02,P000109,2,2024-09-11,2024-10-11,1732,2024-09-11 06:00:00
P000109-03,P000109,3,2024-10-11,2024-11-11,1732,2024-10-11 06:00:00
P000109-04,P000109,4,2024-11-11,2024-12-11,1732,2024-11-11 06:00:00
P000109-05,P000109,5,2024-12-11,2025-01-11,1732,2024-12-11 06:00:00
P000109-06,P000109,6,2025-01-11,2025-02-11,1732,2025-01-11 06:00:00
P000109-07,P000109,7,2025-02-11,2025-03-11,1732,2025-02-11 06:00:00
P000109-08,P000109,8,2025-03-11,2025-04-11,1732,2025-03-11 06:00:00
P000109-09,P000109,9,2025-04-11,2025-05-11,1732,2025-04-11 06:00:00
P000109-10,P000109,10,2025-05-11,2025-06-11,1732,2025-05-11 06:00:00
P000109-10,P000109,10,2025-05-11,2025-06-11,1732,2025-05-14 06:00:00
P000109-11,P000109,11,2025-06-11,2025-07-11,1732,2025-06-11 06:00:00
P000109-12,P000109,12,2025-07-11,2025-08-11,1732,2025-07-11 06:00:00
P000110-01,P000110,1,2025-09-25,2025-10-25,10993,2025-09-25 06:00:00
P000110-02,P000110,2,2025-10-25,2025-11-25,10993,2025-10-25 06:00:00
P000110-03,P000110,3,2025-11-25,2025-12-25,12734,2025-11-25 06:00:00
P000110-04,P000110,4,2025-12-25,2026-01-25,12734,2025-12-25 06:00:00
P000111-01,P000111,1,2024-02-25,2024-03-25,11269,2024-02-25 06:00:00
P000111-02,P000111,2,2024-03-25,2024-04-25,11269,2024-03-25 06:00:00
P000111-03,P000111,3,2024-04-25,2024-05-25,11269,2024-04-25 06:00:00
P000111-04,P000111,4,2024-05-25,2024-06-25,11269,2024-05-25 06:00:00
P000111-05,P000111,5,2024-06-25,2024-07-25,11269,2024-06-25 06:00:00
P000111-06,P000111,6,2024-07-25,2024-08-25,11269,2024-07-25 06:00:00
P000111-07,P000111,7,2024-08-25,2024-09-25,11269,2024-08-25 06:00:00
P000111-08,P000111,8,2024-09-25,2024-10-25,11269,2024-09-25 06:00:00
P000111-09,P000111,9,2024-10-25,2024-11-25,11269,2024-10-25 06:00:00
P000111-10,P000111,10,2024-11-25,2024-12-25,11269,2024-11-25 06:00:00
P000111-11,P000111,11,2024-12-25,2025-01-25,11269,2024-12-25 06:00:00
P000111-12,P000111,12,2025-01-25,2025-02-25,11269,2025-01-25 06:00:00
P000112-01,P000112,1,2024-05-31,2024-06-30,11521,2024-05-31 06:00:00
P000112-02,P000112,2,2024-06-30,2024-07-31,11521,2024-06-30 06:00:00
P000112-03,P000112,3,2024-07-31,2024-08-31,11521,2024-07-31 06:00:00
P000112-04,P000112,4,2024-08-31,2024-09-30,11521,2024-08-31 06:00:00
P000112-05,P000112,5,2024-09-30,2024-10-31,11521,2024-09-30 06:00:00
P000112-06,P000112,6,2024-10-31,2024-11-30,11521,2024-10-31 06:00:00
P000112-07,P000112,7,2024-11-30,2024-12-31,11521,2024-11-30 06:00:00
P000112-08,P000112,8,2024-12-31,2025-01-31,11521,2024-12-31 06:00:00
P000112-09,P000112,9,2025-01-31,2025-02-28,11521,2025-01-31 06:00:00
P000112-10,P000112,10,2025-02-28,2025-03-31,10406,2025-02-28 06:00:00
P000112-11,P000112,11,2025-03-31,2025-04-30,10406,2025-03-31 06:00:00
P000112-12,P000112,12,2025-04-30,2025-05-31,10406,2025-04-30 06:00:00
P000113-01,P000113,1,2025-07-29,2025-08-29,15216,2025-07-29 06:00:00
P000113-02,P000113,2,2025-08-29,2025-09-29,18726,2025-08-29 06:00:00
P000113-03,P000113,3,2025-09-29,2025-10-29,18726,2025-09-29 06:00:00
P000113-04,P000113,4,2025-10-29,2025-11-29,18726,2025-10-29 06:00:00
P000113-05,P000113,5,2025-11-29,2025-12-29,18726,2025-11-29 06:00:00
P000113-06,P000113,6,2025-12-29,2026-01-29,18726,2025-12-29 06:00:00
P000114-01,P000114,1,2025-06-23,2025-07-23,12018,2025-06-23 06:00:00
P000114-02,P000114,2,2025-07-23,2025-08-23,12018,2025-07-23 06:00:00
P000114-03,P000114,3,2025-08-23,2025-09-23,12018,2025-08-23 06:00:00
P000114-04,P000114,4,2025-09-23,2025-10-23,12018,2025-09-23 06:00:00
P000114-05,P000114,5,2025-10-23,2025-11-23,12018,2025-10-23 06:00:00
P000114-06,P000114,6,2025-11-23,2025-12-23,12018,2025-11-23 06:00:00
P000114-07,P000114,7,2025-12-23,2026-01-23,12344,2025-12-23 06:00:00
P000115-01,P000115,1,2025-07-23,2025-08-23,14446,2025-07-23 06:00:00
P000115-02,P000115,2,2025-08-23,2025-09-23,14446,2025-08-23 06:00:00
P000115-03,P000115,3,2025-09-23,2025-10-23,14446,2025-09-23 06:00:00
P000115-04,P000115,4,2025-10-23,2025-11-23,14446,2025-10-23 06:00:00
P000115-05,P000115,5,2025-11-23,2025-12-23,14446,2025-11-23 06:00:00
P000115-06,P000115,6,2025-12-23,2026-01-23,14446,2025-12-23 06:00:00
P000116-01,P000116,1,2025-10-17,2025-11-17,15310,2025-10-17 06:00:00
P000116-02,P000116,2,2025-11-17,2025-12-17,18971,2025-11-17 06:00:00
P000116-03,P000116,3,2025-12-17,2026-01-17,18971,2025-12-17 06:00:00
P000117-01,P000117,1,2024-05-02,2024-06-02,46226,2024-05-02 06:00:00
P000117-02,P000117,2,2024-06-02,2024-07-02,46226,2024-06-02 06:00:00
P000117-03,P000117,3,2024-07-02,2024-08-02,46226,2024-07-02 06:00:00
P000117-04,P000117,4,2024-08-02,2024-09-02,46226,2024-08-02 06:00:00
P000117-05,P000117,5,2024-09-02,2024-10-02,46226,2024-09-02 06:00:00
P000117-06,P000117,6,2024-10-02,2024-11-02,46226,2024-10-02 06:00:00
P000117-07,P000117,7,2024-11-02,2024-12-02,46226,2024-11-02 06:00:00
P000117-08,P000117,8,2024-12-02,2025-01-02,46226,2024-12-02 06:00:00
P000117-09,P000117,9,2025-01-02,2025-02-02,46226,2025-01-02 06:00:00
P000117-10,P000117,10,2025-02-02,2025-03-02,46226,2025-02-02 06:00:00
P000117-11,P000117,11,2025-03-02,2025-04-02,46226,2025-03-02 06:00:00
P000117-12,P000117,12,2025-04-02,2025-05-02,46226,2025-04-02 06:00:00
P000118-01,P000118,1,2025-06-22,2025-07-22,3631,2025-06-22 06:00:00
P000118-02,P000118,2,2025-07-22,2025-08-22,3631,2025-07-22 06:00:00
P000118-03,P000118,3,2025-08-22,2025-09-22,3631,2025-08-22 06:00:00
P000118-04,P000118,4,2025-09-22,2025-10-22,3631,2025-09-22 06:00:00
P000118-05,P000118,5,2025-10-22,2025-11-22,3631,2025-10-22 06:00:00
P000118-06,P000118,6,2025-11-22,2025-12-22,3631,2025-11-22 06:00:00
P000118-07,P000118,7,2025-12-22,2026-01-22,3631,2025-12-22 06:00:00
P000119-01,P000119,1,2024-05-01,2024-06-01,9568,2024-05-01 06:00:00
P000119-02,P000119,2,2024-06-01,2024-07-01,9568,2024-06-01 06:00:00
P000119-03,P000119,3,2024-07-01,2024-08-01,9568,2024-07-01 06:00:00
P000119-04,P000119,4,2024-08-01,2024-09-01,9568,2024-08-01 06:00:00
P000119-05,P000119,5,2024-09-01,2024-10-01,9568,2024-09-01 06:00:00
P000119-06,P000119,6,2024-10-01,2024-11-01,9568,2024-10-01 06:00:00
P000119-07,P000119,7,2024-11-01,2024-12-01,9568,2024-11-01 06:00:00
P000119-08,P000119,8,2024-12-01,2025-01-01,9568,2024-12-01 06:00:00
P000119-09,P000119,9,2025-01-01,2025-02-01,9568,2025-01-01 06:00:00
P000119-10,P000119,10,2025-02-01,2025-03-01,9568,2025-02-01 06:00:00
P000119-11,P000119,11,2025-03-01,2025-04-01,9568,2025-03-01 06:00:00
P000119-12,P000119,12,2025-04-01,2025-05-01,9568,2025-04-01 06:00:00
P000120-01,P000120,1,2025-09-08,2025-10-08,9471,2025-09-08 06:00:00
P000120-02,P000120,2,2025-10-08,2025-11-08,9471,2025-10-08 06:00:00
P000121-01,P000121,1,2024-01-05,2024-02-05,61817,2024-01-05 06:00:00
P000121-02,P000121,2,2024-02-05,2024-03-05,61817,2024-02-05 06:00:00
P000121-03,P000121,3,2024-03-05,2024-04-05,61817,2024-03-05 06:00:00
P000121-04,P000121,4,2024-04-05,2024-05-05,61817,2024-04-05 06:00:00
P000121-05,P000121,5,2024-05-05,2024-06-05,61817,2024-05-05 06:00:00
P000121-06,P000121,6,2024-06-05,2024-07-05,61817,2024-06-05 06:00:00
P000121-07,P000121,7,2024-07-05,2024-08-05,61817,2024-07-05 06:00:00
P000121-08,P000121,8,2024-08-05,2024-09-05,61817,2024-08-05 06:00:00
P000121-09,P000121,9,2024-09-05,2024-10-05,61817,2024-09-05 06:00:00
P000121-10,P000121,10,2024-10-05,2024-11-05,61817,2024-10-05 06:00:00
P000121-11,P000121,11,2024-11-05,2024-12-05,61817,2024-11-05 06:00:00
P000121-12,P000121,12,2024-12-05,2025-01-05,61817,2024-12-05 06:00:00
P000122-01,P000122,1,2024-04-28,2024-05-28,10652,2024-04-28 06:00:00
P000122-02,P000122,2,2024-05-28,2024-06-28,10652,2024-05-28 06:00:00
P000122-03,P000122,3,2024-06-28,2024-07-28,10652,2024-06-28 06:00:00
P000122-04,P000122,4,2024-07-28,2024-08-28,10652,2024-07-28 06:00:00
P000122-05,P000122,5,2024-08-28,2024-09-28,10652,2024-08-28 06:00:00
P000122-06,P000122,6,2024-09-28,2024-10-28,10652,2024-09-28 06:00:00
P000122-07,P000122,7,2024-10-28,2024-11-28,10652,2024-10-28 06:00:00
P000122-08,P000122,8,2024-11-28,2024-12-28,10652,2024-11-28 06:00:00
P000122-09,P000122,9,2024-12-28,2025-01-28,10652,2024-12-28 06:00:00
P000122-10,P000122,10,2025-01-28,2025-02-28,10652,2025-01-28 06:00:00
P000122-11,P000122,11,2025-02-28,2025-03-28,10652,2025-02-28 06:00:00
P000122-12,P000122,12,2025-03-28,2025-04-28,10652,2025-03-28 06:00:00
P000123-01,P000123,1,2025-08-27,2025-09-27,18366,2025-08-27 06:00:00
P000123-02,P000123,2,2025-09-27,2025-10-27,18366,2025-09-27 06:00:00
P000123-03,P000123,3,2025-10-27,2025-11-27,18366,2025-10-27 06:00:00
P000123-04,P000123,4,2025-11-27,2025-12-27,21302,2025-11-27 06:00:00
P000123-05,P000123,5,2025-12-27,2026-01-27,21302,2025-12-27 06:00:00
P000124-01,P000124,1,2024-05-05,2024-06-05,12126,2024-05-05 06:00:00
P000124-02,P000124,2,2024-06-05,2024-07-05,12126,2024-06-05 06:00:00
P000124-03,P000124,3,2024-07-05,2024-08-05,12126,2024-07-05 06:00:00
P000124-04,P000124,4,2024-08-05,2024-09-05,12126,2024-08-05 06:00:00
P000124-05,P000124,5,2024-09-05,2024-10-05,12126,2024-09-05 06:00:00
P000124-06,P000124,6,2024-10-05,2024-11-05,12126,2024-10-05 06:00:00
P000124-07,P000124,7,2024-11-05,2024-12-05,12126,2024-11-05 06:00:00
P000124-08,P000124,8,2024-12-05,2025-01-05,12126,2024-12-05 06:00:00
P000124-09,P000124,9,2025-01-05,2025-02-05,12126,2025-01-05 06:00:00
P000124-10,P000124,10,2025-02-05,2025-03-05,12126,2025-02-05 06:00:00
P000124-11,P000124,11,2025-03-05,2025-04-05,12126,2025-03-05 06:00:00
P000124-12,P000124,12,2025-04-05,2025-05-05,12126,2025-04-05 06:00:00
P000125-01,P000125,1,2025-07-07,2025-08-07,22867,2025-07-07 06:00:00
P000125-02,P000125,2,2025-08-07,2025-09-07,22867,2025-08-07 06:00:00
P000125-03,P000125,3,2025-09-07,2025-10-07,22867,2025-09-07 06:00:00
P000125-04,P000125,4,2025-10-07,2025-11-07,22867,2025-10-07 06:00:00
P000125-05,P000125,5,2025-11-07,2025-12-07,27608,2025-11-07 06:00:00
P000125-06,P000125,6,2025-12-07,2026-01-07,27608,2025-12-07 06:00:00
P000126-01,P000126,1,2025-07-29,2025-08-29,20412,2025-07-29 06:00:00
P000126-02,P000126,2,2025-08-29,2025-09-29,20412,2025-08-29 06:00:00
P000126-03,P000126,3,2025-09-29,2025-10-29,20412,2025-09-29 06:00:00
P000126-04,P000126,4,2025-10-29,2025-11-29,18931,2025-10-29 06:00:00
P000126-05,P000126,5,2025-11-29,2025-12-29,18931,2025-11-29 06:00:00
P000126-06,P000126,6,2025-12-29,2026-01-29,18931,2025-12-29 06:00:00
P000127-01,P000127,1,2024-09-07,2024-10-07,8578,2024-09-07 06:00:00
P000127-02,P000127,2,2024-10-07,2024-11-07,9351,2024-10-07 06:00:00
P000127-03,P000127,3,2024-11-07,2024-12-07,9351,2024-11-07 06:00:00
P000127-04,P000127,4,2024-12-07,2025-01-07,9351,2024-12-07 06:00:00
P000127-05,P000127,5,2025-01-07,2025-02-07,9351,2025-01-07 06:00:00
P000127-06,P000127,6,2025-02-07,2025-03-07,9351,2025-02-07 06:00:00
P000127-07,P000127,7,2025-03-07,2025-04-07,9351,2025-03-07 06:00:00
P000127-08,P000127,8,2025-04-07,2025-05-07,9351,2025-04-07 06:00:00
P000127-09,P000127,9,2025-05-07,2025-06-07,9351,2025-05-07 06:00:00
P000127-10,P000127,10,2025-06-07,2025-07-07,9351,2025-06-07 06:00:00
P000127-11,P000127,11,2025-07-07,2025-08-07,9351,2025-07-07 06:00:00
P000127-12,P000127,12,2025-08-07,2025-09-07,9351,2025-08-07 06:00:00
P000128-01,P000128,1,2025-01-07,2025-02-07,1834,2025-01-07 06:00:00
P000128-02,P000128,2,2025-02-07,2025-03-07,1834,2025-02-07 06:00:00
P000128-03,P000128,3,2025-03-07,2025-04-07,1834,2025-03-07 06:00:00
P000128-04,P000128,4,2025-04-07,2025-05-07,1834,2025-04-07 06:00:00
P000128-05,P000128,5,2025-05-07,2025-06-07,1834,2025-05-07 06:00:00
P000128-06,P000128,6,2025-06-07,2025-07-07,1834,2025-06-07 06:00:00
P000128-07,P000128,7,2025-07-07,2025-08-07,1834,2025-07-07 06:00:00
P000128-08,P000128,8,2025-08-07,2025-09-07,1834,2025-08-07 06:00:00
P000128-09,P000128,9,2025-09-07,2025-10-07,1834,2025-09-07 06:00:00
P000128-10,P000128,10,2025-10-07,2025-11-07,1834,2025-10-07 06:00:00
P000128-11,P000128,11,2025-11-07,2025-12-07,1834,2025-11-07 06:00:00
P000128-12,P000128,12,2025-12-07,2026-01-07,1834,2025-12-07 06:00:00
P000129-01,P000129,1,2025-06-11,2025-07-11,10718,2025-06-11 06:00:00
P000129-02,P000129,2,2025-07-11,2025-08-11,10718,2025-07-11 06:00:00
P000129-03,P000129,3,2025-08-11,2025-09-11,10718,2025-08-11 06:00:00
P000129-04,P000129,4,2025-09-11,2025-10-11,10718,2025-09-11 06:00:00
P000129-05,P000129,5,2025-10-11,2025-11-11,10718,2025-10-11 06:00:00
P000129-06,P000129,6,2025-11-11,2025-12-11,10718,2025-11-11 06:00:00
P000129-07,P000129,7,2025-12-11,2026-01-11,10718,2025-12-11 06:00:00
P000130-01,P000130,1,2025-04-20,2025-05-20,38533,2025-04-20 06:00:00
P000130-02,P000130,2,2025-05-20,2025-06-20,38533,2025-05-20 06:00:00
P000130-03,P000130,3,2025-06-20,2025-07-20,38533,2025-06-20 06:00:00
P000130-04,P000130,4,2025-07-20,2025-08-20,38533,2025-07-20 06:00:00
P000130-05,P000130,5,2025-08-20,2025-09-20,38533,2025-08-20 06:00:00
P000130-06,P000130,6,2025-09-20,2025-10-20,38533,2025-09-20 06:00:00
P000130-07,P000130,7,2025-10-20,2025-11-20,38533,2025-10-20 06:00:00
P000130-08,P000130,8,2025-11-20,2025-12-20,38533,2025-11-20 06:00:00
P000130-09,P000130,9,2025-12-20,2026-01-20,34511,2025-12-20 06:00:00
P000131-01,P000131,1,2024-05-23,2024-06-23,60806,2024-05-23 06:00:00
P000131-02,P000131,2,2024-06-23,2024-07-23,60806,2024-06-23 06:00:00
P000131-03,P000131,3,2024-07-23,2024-08-23,60806,2024-07-23 06:00:00
P000131-04,P000131,4,2024-08-23,2024-09-23,60806,2024-08-23 06:00:00
P000131-05,P000131,5,2024-09-23,2024-10-23,60806,2024-09-23 06:00:00
P000131-06,P000131,6,2024-10-23,2024-11-23,60806,2024-10-23 06:00:00
P000131-07,P000131,7,2024-11-23,2024-12-23,70247,2024-11-23 06:00:00
P000131-08,P000131,8,2024-12-23,2025-01-23,70247,2024-12-23 06:00:00
P000131-09,P000131,9,2025-01-23,2025-02-23,70247,2025-01-23 06:00:00
P000131-10,P000131,10,2025-02-23,2025-03-23,70247,2025-02-23 06:00:00
P000131-11,P000131,11,2025-03-23,2025-04-23,70247,2025-03-23 06:00:00
P000131-12,P000131,12,2025-04-23,2025-05-23,70247,2025-04-23 06:00:00
P000132-01,P000132,1,2024-05-28,2024-06-28,64386,2024-05-28 06:00:00
P000132-02,P000132,2,2024-06-28,2024-07-28,64386,2024-06-28 06:00:00
P000132-03,P000132,3,2024-07-28,2024-08-28,64386,2024-07-28 06:00:00
P000132-04,P000132,4,2024-08-28,2024-09-28,64386,2024-08-28 06:00:00
P000132-05,P000132,5,2024-09-28,2024-10-28,64386,2024-09-28 06:00:00
P000132-06,P000132,6,2024-10-28,2024-11-28,64386,2024-10-28 06:00:00
P000133-01,P000133,1,2024-01-09,2024-02-09,20037,2024-01-09 06:00:00
P000133-02,P000133,2,2024-02-09,2024-03-09,20037,2024-02-09 06:00:00
P000133-03,P000133,3,2024-03-09,2024-04-09,20037,2024-03-09 06:00:00
P000133-04,P000133,4,2024-04-09,2024-05-09,20037,2024-04-09 06:00:00
P000133-05,P000133,5,2024-05-09,2024-06-09,20037,2024-05-09 06:00:00
P000133-06,P000133,6,2024-06-09,2024-07-09,20037,2024-06-09 06:00:00
P000133-07,P000133,7,2024-07-09,2024-08-09,20037,2024-07-09 06:00:00
P000133-08,P000133,8,2024-08-09,2024-09-09,20037,2024-08-09 06:00:00
P000133-09,P000133,9,2024-09-09,2024-10-09,20037,2024-09-09 06:00:00
P000133-10,P000133,10,2024-10-09,2024-11-09,20037,2024-10-09 06:00:00
P000133-11,P000133,11,2024-11-09,2024-12-09,20037,2024-11-09 06:00:00
P000133-12,P000133,12,2024-12-09,2025-01-09,20037,2024-12-09 06:00:00
P000134-01,P000134,1,2024-04-12,2024-05-12,89893,2024-04-12 06:00:00
P000134-02,P000134,2,2024-05-12,2024-06-12,89893,2024-05-12 06:00:00
P000134-03,P000134,3,2024-06-12,2024-07-12,105415,2024-06-12 06:00:00
P000134-04,P000134,4,2024-07-12,2024-08-12,105415,2024-07-12 06:00:00
P000134-05,P000134,5,2024-08-12,2024-09-12,105415,2024-08-12 06:00:00
P000134-06,P000134,6,2024-09-12,2024-10-12,105415,2024-09-12 06:00:00
P000134-07,P000134,7,2024-10-12,2024-11-12,105415,2024-10-12 06:00:00
P000134-08,P000134,8,2024-11-12,2024-12-12,105415,2024-11-12 06:00:00
P000134-09,P000134,9,2024-12-12,2025-01-12,105415,2024-12-12 06:00:00
P000134-10,P000134,10,2025-01-12,2025-02-12,105415,2025-01-12 06:00:00
P000134-11,P000134,11,2025-02-12,2025-03-12,105415,2025-02-12 06:00:00
P000134-12,P000134,12,2025-03-12,2025-04-12,105415,2025-03-12 06:00:00
P000135-01,P000135,1,2024-09-23,2024-10-23,1536,2024-09-23 06:00:00
P000135-02,P000135,2,2024-10-23,2024-11-23,1536,2024-10-23 06:00:00
P000135-03,P000135,3,2024-11-23,2024-12-23,1536,2024-11-23 06:00:00
P000135-04,P000135,4,2024-12-23,2025-01-23,1536,2024-12-23 06:00:00
P000135-05,P000135,5,2025-01-23,2025-02-23,1536,2025-01-23 06:00:00
P000135-06,P000135,6,2025-02-23,2025-03-23,1536,2025-02-23 06:00:00
P000135-07,P000135,7,2025-03-23,2025-04-23,1536,2025-03-23 06:00:00
P000135-08,P000135,8,2025-04-23,2025-05-23,1536,2025-04-23 06:00:00
P000135-09,P000135,9,2025-05-23,2025-06-23,1479,2025-05-23 06:00:00
P000135-10,P000135,10,2025-06-23,2025-07-23,1479,2025-06-23 06:00:00
P000135-11,P000135,11,2025-07-23,2025-08-23,1479,2025-07-23 06:00:00
P000135-12,P000135,12,2025-08-23,2025-09-23,1479,2025-08-23 06:00:00
P000136-01,P000136,1,2024-07-03,2024-08-03,11143,2024-07-03 06:00:00
P000136-02,P000136,2,2024-08-03,2024-09-03,11143,2024-08-03 06:00:00
P000136-03,P000136,3,2024-09-03,2024-10-03,11143,2024-09-03 06:00:00
P000136-04,P000136,4,2024-10-03,2024-11-03,11143,2024-10-03 06:00:00
P000136-05,P000136,5,2024-11-03,2024-12-03,11143,2024-11-03 06:00:00
P000136-06,P000136,6,2024-12-03,2025-01-03,11143,2024-12-03 06:00:00
P000136-07,P000136,7,2025-01-03,2025-02-03,11143,2025-01-03 06:00:00
P000136-08,P000136,8,2025-02-03,2025-03-03,11143,2025-02-03 06:00:00
P000136-09,P000136,9,2025-03-03,2025-04-03,11143,2025-03-03 06:00:00
P000136-10,P000136,10,2025-04-03,2025-05-03,11143,2025-04-03 06:00:00
P000136-11,P000136,11,2025-05-03,2025-06-03,11143,2025-05-03 06:00:00
P000136-12,P000136,12,2025-06-03,2025-07-03,11143,2025-06-03 06:00:00
P000137-01,P000137,1,2025-03-16,2025-04-16,96998,2025-03-16 06:00:00
P000137-02,P000137,2,2025-04-16,2025-05-16,96998,2025-04-16 06:00:00
P000137-03,P000137,3,2025-05-16,2025-06-16,96998,2025-05-16 06:00:00
P000137-04,P000137,4,2025-06-16,2025-07-16,96998,2025-06-16 06:00:00
P000137-05,P000137,5,2025-07-16,2025-08-16,96998,2025-07-16 06:00:00
P000137-06,P000137,6,2025-08-16,2025-09-16,96998,2025-08-16 06:00:00
P000137-07,P000137,7,2025-09-16,2025-10-16,96998,2025-09-16 06:00:00
P000137-08,P000137,8,2025-10-16,2025-11-16,96998,2025-10-16 06:00:00
P000137-09,P000137,9,2025-11-16,2025-12-16,96998,2025-11-16 06:00:00
P000137-10,P000137,10,2025-12-16,2026-01-16,96998,2025-12-16 06:00:00
P000138-01,P000138,1,2025-05-21,2025-06-21,41726,2025-05-21 06:00:00
P000138-02,P000138,2,2025-06-21,2025-07-21,41726,2025-06-21 06:00:00
P000138-03,P000138,3,2025-07-21,2025-08-21,41726,2025-07-21 06:00:00
P000138-03,P000138,3,2025-07-21,2025-08-21,41726,2025-07-24 06:00:00
P000138-04,P000138,4,2025-08-21,2025-09-21,49418,2025-08-21 06:00:00
P000138-05,P000138,5,2025-09-21,2025-10-21,49418,2025-09-21 06:00:00
P000138-06,P000138,6,2025-10-21,2025-11-21,49418,2025-10-21 06:00:00
P000138-07,P000138,7,2025-11-21,2025-12-21,49418,2025-11-21 06:00:00
P000138-08,P000138,8,2025-12-21,2026-01-21,49418,2025-12-21 06:00:00
P000139-01,P000139,1,2024-10-18,2024-11-18,14883,2024-10-18 06:00:00
P000139-01,P000139,1,2024-10-18,2024-11-18,14883,2024-10-21 06:00:00
P000139-02,P000139,2,2024-11-18,2024-12-18,14883,2024-11-18 06:00:00
P000139-03,P000139,3,2024-12-18,2025-01-18,14883,2024-12-18 06:00:00
P000139-04,P000139,4,2025-01-18,2025-02-18,14883,2025-01-18 06:00:00
P000139-05,P000139,5,2025-02-18,2025-03-18,14883,2025-02-18 06:00:00
P000139-06,P000139,6,2025-03-18,2025-04-18,14883,2025-03-18 06:00:00
P000139-07,P000139,7,2025-04-18,2025-05-18,14883,2025-04-18 06:00:00
P000139-08,P000139,8,2025-05-18,2025-06-18,14883,2025-05-18 06:00:00
P000139-09,P000139,9,2025-06-18,2025-07-18,14883,2025-06-18 06:00:00
P000139-10,P000139,10,2025-07-18,2025-08-18,15598,2025-07-18 06:00:00
P000139-11,P000139,11,2025-08-18,2025-09-18,15598,2025-08-18 06:00:00
P000139-12,P000139,12,2025-09-18,2025-10-18,15598,2025-09-18 06:00:00
P000140-01,P000140,1,2024-03-13,2024-04-13,12275,2024-03-13 06:00:00
P000140-02,P000140,2,2024-04-13,2024-05-13,12275,2024-04-13 06:00:00
P000140-03,P000140,3,2024-05-13,2024-06-13,12275,2024-05-13 06:00:00
P000140-04,P000140,4,2024-06-13,2024-07-13,12275,2024-06-13 06:00:00
P000140-05,P000140,5,2024-07-13,2024-08-13,12275,2024-07-13 06:00:00
P000140-06,P000140,6,2024-08-13,2024-09-13,11350,2024-08-13 06:00:00
P000140-07,P000140,7,2024-09-13,2024-10-13,11350,2024-09-13 06:00:00
P000140-08,P000140,8,2024-10-13,2024-11-13,11350,2024-10-13 06:00:00
P000140-09,P000140,9,2024-11-13,2024-12-13,11350,2024-11-13 06:00:00
P000140-10,P000140,10,2024-12-13,2025-01-13,11350,2024-12-13 06:00:00
P000140-11,P000140,11,2025-01-13,2025-02-13,11350,2025-01-13 06:00:00
P000140-12,P000140,12,2025-02-13,2025-03-13,11350,2025-02-13 06:00:00
P000141-01,P000141,1,2025-08-05,2025-09-05,2668,2025-08-05 06:00:00
P000141-02,P000141,2,2025-09-05,2025-10-05,2668,2025-09-05 06:00:00
P000141-03,P000141,3,2025-10-05,2025-11-05,2668,2025-10-05 06:00:00
P000141-04,P000141,4,2025-11-05,2025-12-05,2668,2025-11-05 06:00:00
P000142-01,P000142,1,2024-07-10,2024-08-10,10199,2024-07-10 06:00:00
P000142-02,P000142,2,2024-08-10,2024-09-10,10199,2024-08-10 06:00:00
P000142-03,P000142,3,2024-09-10,2024-10-10,10199,2024-09-10 06:00:00
P000142-04,P000142,4,2024-10-10,2024-11-10,10199,2024-10-10 06:00:00
P000142-05,P000142,5,2024-11-10,2024-12-10,10199,2024-11-10 06:00:00
P000142-06,P000142,6,2024-12-10,2025-01-10,10199,2024-12-10 06:00:00
P000142-07,P000142,7,2025-01-10,2025-02-10,10199,2025-01-10 06:00:00
P000142-08,P000142,8,2025-02-10,2025-03-10,10199,2025-02-10 06:00:00
P000142-09,P000142,9,2025-03-10,2025-04-10,10712,2025-03-10 06:00:00
P000142-10,P000142,10,2025-04-10,2025-05-10,10712,2025-04-10 06:00:00
P000142-11,P000142,11,2025-05-10,2025-06-10,10712,2025-05-10 06:00:00
P000142-12,P000142,12,2025-06-10,2025-07-10,10712,2025-06-10 06:00:00
P000143-01,P000143,1,2025-06-09,2025-07-09,16586,2025-06-09 06:00:00
P000143-02,P000143,2,2025-07-09,2025-08-09,16586,2025-07-09 06:00:00
P000143-03,P000143,3,2025-08-09,2025-09-09,16586,2025-08-09 06:00:00
P000143-04,P000143,4,2025-09-09,2025-10-09,16586,2025-09-09 06:00:00
P000143-05,P000143,5,2025-10-09,2025-11-09,16586,2025-10-09 06:00:00
P000143-06,P000143,6,2025-11-09,2025-12-09,16586,2025-11-09 06:00:00
P000143-07,P000143,7,2025-12-09,2026-01-09,16586,2025-12-09 06:00:00
P000144-01,P000144,1,2024-10-21,2024-11-21,14007,2024-10-21 06:00:00
P000144-02,P000144,2,2024-11-21,2024-12-21,14007,2024-11-21 06:00:00
P000144-03,P000144,3,2024-12-21,2025-01-21,14007,2024-12-21 06:00:00
P000144-04,P000144,4,2025-01-21,2025-02-21,14007,2025-01-21 06:00:00
P000144-05,P000144,5,2025-02-21,2025-03-21,14007,2025-02-21 06:00:00
P000144-06,P000144,6,2025-03-21,2025-04-21,14007,2025-03-21 06:00:00
P000144-07,P000144,7,2025-04-21,2025-05-21,14007,2025-04-21 06:00:00
P000144-08,P000144,8,2025-05-21,2025-06-21,14007,2025-05-21 06:00:00
P000144-09,P000144,9,2025-06-21,2025-07-21,14007,2025-06-21 06:00:00
P000144-10,P000144,10,2025-07-21,2025-08-21,14007,2025-07-21 06:00:00
P000144-11,P000144,11,2025-08-21,2025-09-21,14007,2025-08-21 06:00:00
P000144-12,P000144,12,2025-09-21,2025-10-21,14007,2025-09-21 06:00:00
P000145-01,P000145,1,2024-03-29,2024-04-29,2352,2024-03-29 06:00:00
P000145-02,P000145,2,2024-04-29,2024-05-29,2352,2024-04-29 06:00:00
P000145-03,P000145,3,2024-05-29,2024-06-29,2352,2024-05-29 06:00:00
P000145-04,P000145,4,2024-06-29,2024-07-29,2352,2024-06-29 06:00:00
P000145-05,P000145,5,2024-07-29,2024-08-29,2352,2024-07-29 06:00:00
P000145-06,P000145,6,2024-08-29,2024-09-29,2382,2024-08-29 06:00:00
P000145-07,P000145,7,2024-09-29,2024-10-29,2382,2024-09-29 06:00:00
P000145-08,P000145,8,2024-10-29,2024-11-29,2382,2024-10-29 06:00:00
P000145-09,P000145,9,2024-11-29,2024-12-29,2382,2024-11-29 06:00:00
P000145-10,P000145,10,2024-12-29,2025-01-29,2382,2024-12-29 06:00:00
P000145-11,P000145,11,2025-01-29,2025-02-28,2382,2025-01-29 06:00:00
P000145-12,P000145,12,2025-02-28,2025-03-29,2382,2025-02-28 06:00:00
P000146-01,P000146,1,2025-06-02,2025-07-02,2155,2025-06-02 06:00:00
P000146-02,P000146,2,2025-07-02,2025-08-02,2155,2025-07-02 06:00:00
P000146-03,P000146,3,2025-08-02,2025-09-02,2155,2025-08-02 06:00:00
P000146-04,P000146,4,2025-09-02,2025-10-02,2155,2025-09-02 06:00:00
P000146-05,P000146,5,2025-10-02,2025-11-02,2155,2025-10-02 06:00:00
P000146-06,P000146,6,2025-11-02,2025-12-02,2155,2025-11-02 06:00:00
P000146-07,P000146,7,2025-12-02,2026-01-02,2155,2025-12-02 06:00:00
P000147-01,P000147,1,2025-11-11,2025-12-11,9638,2025-11-11 06:00:00
P000147-02,P000147,2,2025-12-11,2026-01-11,9638,2025-12-11 06:00:00
P000148-01,P000148,1,2025-03-29,2025-04-29,43697,2025-03-29 06:00:00
P000148-02,P000148,2,2025-04-29,2025-05-29,43697,2025-04-29 06:00:00
P000148-03,P000148,3,2025-05-29,2025-06-29,51373,2025-05-29 06:00:00
P000148-04,P000148,4,2025-06-29,2025-07-29,51373,2025-06-29 06:00:00
P000148-05,P000148,5,2025-07-29,2025-08-29,51373,2025-07-29 06:00:00
P000148-06,P000148,6,2025-08-29,2025-09-29,51373,2025-08-29 06:00:00
P000148-07,P000148,7,2025-09-29,2025-10-29,51373,2025-09-29 06:00:00
P000148-08,P000148,8,2025-10-29,2025-11-29,51373,2025-10-29 06:00:00
P000148-09,P000148,9,2025-11-29,2025-12-29,51373,2025-11-29 06:00:00
P000148-10,P000148,10,2025-12-29,2026-01-29,51373,2025-12-29 06:00:00
P000149-01,P000149,1,2025-10-21,2025-11-21,11364,2025-10-21 06:00:00
P000149-02,P000149,2,2025-11-21,2025-12-21,11364,2025-11-21 06:00:00
P000149-03,P000149,3,2025-12-21,2026-01-21,13700,2025-12-21 06:00:00
P000150-01,P000150,1,2024-01-24,2024-02-24,2283,2024-01-24 06:00:00
P000150-02,P000150,2,2024-02-24,2024-03-24,2283,2024-02-24 06:00:00
P000150-03,P000150,3,2024-03-24,2024-04-24,2283,2024-03-24 06:00:00
P000150-04,P000150,4,2024-04-24,2024-05-24,2283,2024-04-24 06:00:00
P000150-05,P000150,5,2024-05-24,2024-06-24,2283,2024-05-24 06:00:00
P000150-06,P000150,6,2024-06-24,2024-07-24,2283,2024-06-24 06:00:00
P000150-07,P000150,7,2024-07-24,2024-08-24,2283,2024-07-24 06:00:00
P000150-07,P000150,7,2024-07-24,2024-08-24,2283,2024-07-27 06:00:00
P000150-08,P000150,8,2024-08-24,2024-09-24,2283,2024-08-24 06:00:00
P000150-09,P000150,9,2024-09-24,2024-10-24,2283,2024-09-24 06:00:00
P000150-10,P000150,10,2024-10-24,2024-11-24,2283,2024-10-24 06:00:00
P000150-11,P000150,11,2024-11-24,2024-12-24,2283,2024-11-24 06:00:00
P000150-12,P000150,12,2024-12-24,2025-01-24,2283,2024-12-24 06:00:00
P000151-01,P000151,1,2024-05-13,2024-06-13,11454,2024-05-13 06:00:00
P000151-02,P000151,2,2024-06-13,2024-07-13,11454,2024-06-13 06:00:00
P000151-03,P000151,3,2024-07-13,2024-08-13,11454,2024-07-13 06:00:00
P000151-04,P000151,4,2024-08-13,2024-09-13,11454,2024-08-13 06:00:00
P000151-05,P000151,5,2024-09-13,2024-10-13,11454,2024-09-13 06:00:00
P000151-06,P000151,6,2024-10-13,2024-11-13,11454,2024-10-13 06:00:00
P000151-07,P000151,7,2024-11-13,2024-12-13,11454,2024-11-13 06:00:00
P000151-08,P000151,8,2024-12-13,2025-01-13,11454,2024-12-13 06:00:00
P000151-09,P000151,9,2025-01-13,2025-02-13,11454,2025-01-13 06:00:00
P000151-10,P000151,10,2025-02-13,2025-03-13,11454,2025-02-13 06:00:00
P000151-11,P000151,11,2025-03-13,2025-04-13,11454,2025-03-13 06:00:00
P000151-12,P000151,12,2025-04-13,2025-05-13,11454,2025-04-13 06:00:00
P000152-01,P000152,1,2024-02-15,2024-03-15,13808,2024-02-15 06:00:00
P000152-02,P000152,2,2024-03-15,2024-04-15,13808,2024-03-15 06:00:00
P000152-03,P000152,3,2024-04-15,2024-05-15,13808,2024-04-15 06:00:00
P000152-04,P000152,4,2024-05-15,2024-06-15,13808,2024-05-15 06:00:00
P000152-05,P000152,5,2024-06-15,2024-07-15,13808,2024-06-15 06:00:00
P000152-06,P000152,6,2024-07-15,2024-08-15,13808,2024-07-15 06:00:00
P000152-07,P000152,7,2024-08-15,2024-09-15,13808,2024-08-15 06:00:00
P000152-08,P000152,8,2024-09-15,2024-10-15,13808,2024-09-15 06:00:00
P000152-09,P000152,9,2024-10-15,2024-11-15,13808,2024-10-15 06:00:00
P000152-10,P000152,10,2024-11-15,2024-12-15,13808,2024-11-15 06:00:00
P000152-11,P000152,11,2024-12-15,2025-01-15,13808,2024-12-15 06:00:00
P000152-12,P000152,12,2025-01-15,2025-02-15,13808,2025-01-15 06:00:00
P000153-01,P000153,1,2025-03-29,2025-04-29,2883,2025-03-29 06:00:00
P000153-02,P000153,2,2025-04-29,2025-05-29,2883,2025-04-29 06:00:00
P000153-03,P000153,3,2025-05-29,2025-06-29,2883,2025-05-29 06:00:00
P000153-04,P000153,4,2025-06-29,2025-07-29,3094,2025-06-29 06:00:00
P000153-05,P000153,5,2025-07-29,2025-08-29,3094,2025-07-29 06:00:00
P000153-06,P000153,6,2025-08-29,2025-09-29,3094,2025-08-29 06:00:00
P000153-07,P000153,7,2025-09-29,2025-10-29,3094,2025-09-29 06:00:00
P000153-08,P000153,8,2025-10-29,2025-11-29,3094,2025-10-29 06:00:00
P000153-09,P000153,9,2025-11-29,2025-12-29,3094,2025-11-29 06:00:00
P000153-10,P000153,10,2025-12-29,2026-01-29,3094,2025-12-29 06:00:00
P000154-01,P000154,1,2025-08-26,2025-09-26,8114,2025-08-26 06:00:00
P000154-02,P000154,2,2025-09-26,2025-10-26,8114,2025-09-26 06:00:00
P000154-03,P000154,3,2025-10-26,2025-11-26,7907,2025-10-26 06:00:00
P000154-04,P000154,4,2025-11-26,2025-12-26,7907,2025-11-26 06:00:00
P000154-05,P000154,5,2025-12-26,2026-01-26,7907,2025-12-26 06:00:00
P000155-01,P000155,1,2024-11-23,2024-12-23,11370,2024-11-23 06:00:00
P000155-02,P000155,2,2024-12-23,2025-01-23,11370,2024-12-23 06:00:00
P000155-03,P000155,3,2025-01-23,2025-02-23,11370,2025-01-23 06:00:00
P000155-04,P000155,4,2025-02-23,2025-03-23,11370,2025-02-23 06:00:00
P000155-05,P000155,5,2025-03-23,2025-04-23,11370,2025-03-23 06:00:00
P000155-06,P000155,6,2025-04-23,2025-05-23,11370,2025-04-23 06:00:00
P000155-07,P000155,7,2025-05-23,2025-06-23,11370,2025-05-23 06:00:00
P000155-08,P000155,8,2025-06-23,2025-07-23,11720,2025-06-23 06:00:00
P000155-09,P000155,9,2025-07-23,2025-08-23,11720,2025-07-23 06:00:00
P000155-10,P000155,10,2025-08-23,2025-09-23,11720,2025-08-23 06:00:00
P000155-11,P000155,11,2025-09-23,2025-10-23,11720,2025-09-23 06:00:00
P000155-12,P000155,12,2025-10-23,2025-11-23,11720,2025-10-23 06:00:00
P000156-01,P000156,1,2024-09-08,2024-10-08,58272,2024-09-08 06:00:00
P000156-02,P000156,2,2024-10-08,2024-11-08,58272,2024-10-08 06:00:00
P000156-03,P000156,3,2024-11-08,2024-12-08,58272,2024-11-08 06:00:00
P000156-04,P000156,4,2024-12-08,2025-01-08,58272,2024-12-08 06:00:00
P000156-05,P000156,5,2025-01-08,2025-02-08,58272,2025-01-08 06:00:00
P000156-06,P000156,6,2025-02-08,2025-03-08,58272,2025-02-08 06:00:00
P000156-07,P000156,7,2025-03-08,2025-04-08,58272,2025-03-08 06:00:00
P000156-08,P000156,8,2025-04-08,2025-05-08,58272,2025-04-08 06:00:00
P000156-09,P000156,9,2025-05-08,2025-06-08,58272,2025-05-08 06:00:00
P000156-10,P000156,10,2025-06-08,2025-07-08,58272,2025-06-08 06:00:00
P000156-11,P000156,11,2025-07-08,2025-08-08,58272,2025-07-08 06:00:00
P000156-12,P000156,12,2025-08-08,2025-09-08,58272,2025-08-08 06:00:00
P000157-01,P000157,1,2024-05-05,2024-06-05,19537,2024-05-05 06:00:00
P000157-02,P000157,2,2024-06-05,2024-07-05,19537,2024-06-05 06:00:00
P000157-03,P000157,3,2024-07-05,2024-08-05,19537,2024-07-05 06:00:00
P000157-04,P000157,4,2024-08-05,2024-09-05,19537,2024-08-05 06:00:00
P000157-05,P000157,5,2024-09-05,2024-10-05,19537,2024-09-05 06:00:00
P000157-06,P000157,6,2024-10-05,2024-11-05,19537,2024-10-05 06:00:00
P000157-07,P000157,7,2024-11-05,2024-12-05,19537,2024-11-05 06:00:00
P000157-08,P000157,8,2024-12-05,2025-01-05,19537,2024-12-05 06:00:00
P000157-09,P000157,9,2025-01-05,2025-02-05,19537,2025-01-05 06:00:00
P000157-10,P000157,10,2025-02-05,2025-03-05,19537,2025-02-05 06:00:00
P000157-11,P000157,11,2025-03-05,2025-04-05,19537,2025-03-05 06:00:00
P000157-12,P000157,12,2025-04-05,2025-05-05,19537,2025-04-05 06:00:00
P000158-01,P000158,1,2024-06-26,2024-07-26,8175,2024-06-26 06:00:00
P000158-02,P000158,2,2024-07-26,2024-08-26,8175,2024-07-26 06:00:00
P000158-03,P000158,3,2024-08-26,2024-09-26,8175,2024-08-26 06:00:00
P000158-04,P000158,4,2024-09-26,2024-10-26,8175,2024-09-26 06:00:00
P000158-05,P000158,5,2024-10-26,2024-11-26,8175,2024-10-26 06:00:00
P000158-06,P000158,6,2024-11-26,2024-12-26,8175,2024-11-26 06:00:00
P000158-07,P000158,7,2024-12-26,2025-01-26,8175,2024-12-26 06:00:00
P000158-08,P000158,8,2025-01-26,2025-02-26,8175,2025-01-26 06:00:00
P000158-09,P000158,9,2025-02-26,2025-03-26,8175,2025-02-26 06:00:00
P000158-10,P000158,10,2025-03-26,2025-04-26,8175,2025-03-26 06:00:00
P000158-11,P000158,11,2025-04-26,2025-05-26,8175,2025-04-26 06:00:00
P000158-12,P000158,12,2025-05-26,2025-06-26,8175,2025-05-26 06:00:00
P000159-01,P000159,1,2024-01-10,2024-02-10,10911,2024-01-10 06:00:00
P000159-02,P000159,2,2024-02-10,2024-03-10,10911,2024-02-10 06:00:00
P000159-03,P000159,3,2024-03-10,2024-04-10,10911,2024-03-10 06:00:00
P000159-04,P000159,4,2024-04-10,2024-05-10,10911,2024-04-10 06:00:00
P000159-05,P000159,5,2024-05-10,2024-06-10,10911,2024-05-10 06:00:00
P000159-06,P000159,6,2024-06-10,2024-07-10,10911,2024-06-10 06:00:00
P000159-07,P000159,7,2024-07-10,2024-08-10,10911,2024-07-10 06:00:00
P000159-08,P000159,8,2024-08-10,2024-09-10,10911,2024-08-10 06:00:00
P000159-09,P000159,9,2024-09-10,2024-10-10,10911,2024-09-10 06:00:00
P000159-10,P000159,10,2024-10-10,2024-11-10,10911,2024-10-10 06:00:00
P000160-01,P000160,1,2025-08-01,2025-09-01,1545,2025-08-01 06:00:00
P000160-02,P000160,2,2025-09-01,2025-10-01,1545,2025-09-01 06:00:00
P000160-03,P000160,3,2025-10-01,2025-11-01,1545,2025-10-01 06:00:00
P000160-04,P000160,4,2025-11-01,2025-12-01,1545,2025-11-01 06:00:00
P000160-05,P000160,5,2025-12-01,2026-01-01,1545,2025-12-01 06:00:00
P000161-01,P000161,1,2024-01-03,2024-02-03,78949,2024-01-03 06:00:00
P000161-02,P000161,2,2024-02-03,2024-03-03,78949,2024-02-03 06:00:00
P000161-03,P000161,3,2024-03-03,2024-04-03,96302,2024-03-03 06:00:00
P000161-04,P000161,4,2024-04-03,2024-05-03,96302,2024-04-03 06:00:00
P000161-05,P000161,5,2024-05-03,2024-06-03,96302,2024-05-03 06:00:00
P000161-06,P000161,6,2024-06-03,2024-07-03,96302,2024-06-03 06:00:00
P000161-07,P000161,7,2024-07-03,2024-08-03,96302,2024-07-03 06:00:00
P000161-08,P000161,8,2024-08-03,2024-09-03,96302,2024-08-03 06:00:00
P000161-09,P000161,9,2024-09-03,2024-10-03,96302,2024-09-03 06:00:00
P000161-10,P000161,10,2024-10-03,2024-11-03,96302,2024-10-03 06:00:00
P000161-11,P000161,11,2024-11-03,2024-12-03,96302,2024-11-03 06:00:00
P000161-12,P000161,12,2024-12-03,2025-01-03,96302,2024-12-03 06:00:00
P000162-01,P000162,1,2025-10-02,2025-11-02,77116,2025-10-02 06:00:00
P000162-02,P000162,2,2025-11-02,2025-12-02,77116,2025-11-02 06:00:00
P000162-03,P000162,3,2025-12-02,2026-01-02,77116,2025-12-02 06:00:00
P000163-01,P000163,1,2024-10-28,2024-11-28,19276,2024-10-28 06:00:00
P000163-02,P000163,2,2024-11-28,2024-12-28,19276,2024-11-28 06:00:00
P000163-03,P000163,3,2024-12-28,2025-01-28,19276,2024-12-28 06:00:00
P000163-04,P000163,4,2025-01-28,2025-02-28,19276,2025-01-28 06:00:00
P000163-05,P000163,5,2025-02-28,2025-03-28,19276,2025-02-28 06:00:00
P000163-06,P000163,6,2025-03-28,2025-04-28,19276,2025-03-28 06:00:00
P000163-07,P000163,7,2025-04-28,2025-05-28,19276,2025-04-28 06:00:00
P000163-08,P000163,8,2025-05-28,2025-06-28,19276,2025-05-28 06:00:00
P000163-09,P000163,9,2025-06-28,2025-07-28,21380,2025-06-28 06:00:00
P000163-10,P000163,10,2025-07-28,2025-08-28,21380,2025-07-28 06:00:00
P000163-11,P000163,11,2025-08-28,2025-09-28,21380,2025-08-28 06:00:00
P000163-12,P000163,12,2025-09-28,2025-10-28,21380,2025-09-28 06:00:00
P000164-01,P000164,1,2025-03-31,2025-04-30,1853,2025-03-31 06:00:00
P000164-02,P000164,2,2025-04-30,2025-05-31,1853,2025-04-30 06:00:00
P000164-03,P000164,3,2025-05-31,2025-06-30,1853,2025-05-31 06:00:00
P000164-04,P000164,4,2025-06-30,2025-07-31,1853,2025-06-30 06:00:00
P000164-05,P000164,5,2025-07-31,2025-08-31,1853,2025-07-31 06:00:00
P000164-06,P000164,6,2025-08-31,2025-09-30,1853,2025-08-31 06:00:00
P000164-07,P000164,7,2025-09-30,2025-10-31,1853,2025-09-30 06:00:00
P000164-08,P000164,8,2025-10-31,2025-11-30,1853,2025-10-31 06:00:00
P000164-08,P000164,8,2025-10-31,2025-11-30,1853,2025-11-03 06:00:00
P000164-09,P000164,9,2025-11-30,2025-12-31,1853,2025-11-30 06:00:00
P000164-10,P000164,10,2025-12-31,2026-01-31,1853,2025-12-31 06:00:00
P000165-01,P000165,1,2025-07-26,2025-08-26,19575,2025-07-26 06:00:00
P000165-02,P000165,2,2025-08-26,2025-09-26,19575,2025-08-26 06:00:00
P000165-03,P000165,3,2025-09-26,2025-10-26,19575,2025-09-26 06:00:00
P000165-04,P000165,4,2025-10-26,2025-11-26,19575,2025-10-26 06:00:00
P000165-05,P000165,5,2025-11-26,2025-12-26,19575,2025-11-26 06:00:00
P000165-06,P000165,6,2025-12-26,2026-01-26,21570,2025-12-26 06:00:00
P000166-01,P000166,1,2024-01-04,2024-02-04,14164,2024-01-04 06:00:00
P000166-02,P000166,2,2024-02-04,2024-03-04,14164,2024-02-04 06:00:00
P000166-03,P000166,3,2024-03-04,2024-04-04,14164,2024-03-04 06:00:00
P000166-04,P000166,4,2024-04-04,2024-05-04,14164,2024-04-04 06:00:00
P000167-01,P000167,1,2025-06-23,2025-07-23,1752,2025-06-23 06:00:00
P000167-02,P000167,2,2025-07-23,2025-08-23,1752,2025-07-23 06:00:00
P000167-03,P000167,3,2025-08-23,2025-09-23,1752,2025-08-23 06:00:00
P000167-04,P000167,4,2025-09-23,2025-10-23,1752,2025-09-23 06:00:00
P000167-05,P000167,5,2025-10-23,2025-11-23,1752,2025-10-23 06:00:00
P000167-06,P000167,6,2025-11-23,2025-12-23,1752,2025-11-23 06:00:00
P000167-07,P000167,7,2025-12-23,2026-01-23,1752,2025-12-23 06:00:00
P000168-01,P000168,1,2024-03-24,2024-04-24,26902,2024-03-24 06:00:00
P000168-02,P000168,2,2024-04-24,2024-05-24,26902,2024-04-24 06:00:00
P000168-03,P000168,3,2024-05-24,2024-06-24,26902,2024-05-24 06:00:00
P000168-04,P000168,4,2024-06-24,2024-07-24,26902,2024-06-24 06:00:00
P000168-05,P000168,5,2024-07-24,2024-08-24,26902,2024-07-24 06:00:00
P000168-06,P000168,6,2024-08-24,2024-09-24,26902,2024-08-24 06:00:00
P000168-07,P000168,7,2024-09-24,2024-10-24,26902,2024-09-24 06:00:00
P000168-08,P000168,8,2024-10-24,2024-11-24,26902,2024-10-24 06:00:00
P000168-09,P000168,9,2024-11-24,2024-12-24,26902,2024-11-24 06:00:00
P000168-10,P000168,10,2024-12-24,2025-01-24,26902,2024-12-24 06:00:00
P000168-11,P000168,11,2025-01-24,2025-02-24,28904,2025-01-24 06:00:00
P000168-12,P000168,12,2025-02-24,2025-03-24,28904,2025-02-24 06:00:00
P000169-01,P000169,1,2024-09-17,2024-10-17,81174,2024-09-17 06:00:00
P000169-02,P000169,2,2024-10-17,2024-11-17,81174,2024-10-17 06:00:00
P000169-03,P000169,3,2024-11-17,2024-12-17,81174,2024-11-17 06:00:00
P000169-04,P000169,4,2024-12-17,2025-01-17,81174,2024-12-17 06:00:00
P000169-05,P000169,5,2025-01-17,2025-02-17,81174,2025-01-17 06:00:00
P000169-06,P000169,6,2025-02-17,2025-03-17,81174,2025-02-17 06:00:00
P000169-07,P000169,7,2025-03-17,2025-04-17,81174,2025-03-17 06:00:00
P000169-08,P000169,8,2025-04-17,2025-05-17,81174,2025-04-17 06:00:00
P000169-09,P000169,9,2025-05-17,2025-06-17,81174,2025-05-17 06:00:00
P000169-10,P000169,10,2025-06-17,2025-07-17,81174,2025-06-17 06:00:00
P000169-11,P000169,11,2025-07-17,2025-08-17,85476,2025-07-17 06:00:00
P000169-12,P000169,12,2025-08-17,2025-09-17,85476,2025-08-17 06:00:00
P000170-01,P000170,1,2024-02-09,2024-03-09,12018,2024-02-09 06:00:00
P000170-02,P000170,2,2024-03-09,2024-04-09,12018,2024-03-09 06:00:00
P000170-03,P000170,3,2024-04-09,2024-05-09,12018,2024-04-09 06:00:00
P000170-04,P000170,4,2024-05-09,2024-06-09,12018,2024-05-09 06:00:00
P000170-05,P000170,5,2024-06-09,2024-07-09,12018,2024-06-09 06:00:00
P000170-06,P000170,6,2024-07-09,2024-08-09,12018,2024-07-09 06:00:00
P000170-07,P000170,7,2024-08-09,2024-09-09,12018,2024-08-09 06:00:00
P000170-08,P000170,8,2024-09-09,2024-10-09,12018,2024-09-09 06:00:00
P000170-09,P000170,9,2024-10-09,2024-11-09,12018,2024-10-09 06:00:00
P000170-10,P000170,10,2024-11-09,2024-12-09,12018,2024-11-09 06:00:00
P000170-11,P000170,11,2024-12-09,2025-01-09,12018,2024-12-09 06:00:00
P000170-12,P000170,12,2025-01-09,2025-02-09,12018,2025-01-09 06:00:00
P000171-01,P000171,1,2024-11-30,2024-12-30,15159,2024-11-30 06:00:00
P000171-02,P000171,2,2024-12-30,2025-01-30,15159,2024-12-30 06:00:00
P000171-03,P000171,3,2025-01-30,2025-02-28,15159,2025-01-30 06:00:00
P000171-04,P000171,4,2025-02-28,2025-03-30,15159,2025-02-28 06:00:00
P000171-05,P000171,5,2025-03-30,2025-04-30,15159,2025-03-30 06:00:00
P000171-06,P000171,6,2025-04-30,2025-05-30,17927,2025-04-30 06:00:00
P000171-07,P000171,7,2025-05-30,2025-06-30,17927,2025-05-30 06:00:00
P000171-08,P000171,8,2025-06-30,2025-07-30,17927,2025-06-30 06:00:00
P000171-09,P000171,9,2025-07-30,2025-08-30,17927,2025-07-30 06:00:00
P000171-10,P000171,10,2025-08-30,2025-09-30,17927,2025-08-30 06:00:00
P000171-11,P000171,11,2025-09-30,2025-10-30,17927,2025-09-30 06:00:00
P000171-12,P000171,12,2025-10-30,2025-11-30,17927,2025-10-30 06:00:00
P000172-01,P000172,1,2025-10-05,2025-11-05,12247,2025-10-05 06:00:00
P000172-02,P000172,2,2025-11-05,2025-12-05,12247,2025-11-05 06:00:00
P000173-01,P000173,1,2024-02-15,2024-03-15,11464,2024-02-15 06:00:00
P000173-02,P000173,2,2024-03-15,2024-04-15,11464,2024-03-15 06:00:00
P000173-03,P000173,3,2024-04-15,2024-05-15,11464,2024-04-15 06:00:00
P000173-04,P000173,4,2024-05-15,2024-06-15,11464,2024-05-15 06:00:00
P000173-05,P000173,5,2024-06-15,2024-07-15,11464,2024-06-15 06:00:00
P000173-06,P000173,6,2024-07-15,2024-08-15,13264,2024-07-15 06:00:00
P000173-07,P000173,7,2024-08-15,2024-09-15,13264,2024-08-15 06:00:00
P000173-08,P000173,8,2024-09-15,2024-10-15,13264,2024-09-15 06:00:00
P000173-09,P000173,9,2024-10-15,2024-11-15,13264,2024-10-15 06:00:00
P000173-10,P000173,10,2024-11-15,2024-12-15,13264,2024-11-15 06:00:00
P000173-11,P000173,11,2024-12-15,2025-01-15,13264,2024-12-15 06:00:00
P000173-12,P000173,12,2025-01-15,2025-02-15,13264,2025-01-15 06:00:00
P000174-01,P000174,1,2025-11-24,2025-12-24,66533,2025-11-24 06:00:00
P000174-02,P000174,2,2025-12-24,2026-01-24,66533,2025-12-24 06:00:00
P000175-01,P000175,1,2025-02-03,2025-03-03,65628,2025-02-03 06:00:00
P000175-02,P000175,2,2025-03-03,2025-04-03,65628,2025-03-03 06:00:00
P000175-03,P000175,3,2025-04-03,2025-05-03,65628,2025-04-03 06:00:00
P000175-04,P000175,4,2025-05-03,2025-06-03,65628,2025-05-03 06:00:00
P000175-05,P000175,5,2025-06-03,2025-07-03,65628,2025-06-03 06:00:00
P000175-06,P000175,6,2025-07-03,2025-08-03,65628,2025-07-03 06:00:00
P000175-07,P000175,7,2025-08-03,2025-09-03,65628,2025-08-03 06:00:00
P000175-08,P000175,8,2025-09-03,2025-10-03,65628,2025-09-03 06:00:00
P000175-09,P000175,9,2025-10-03,2025-11-03,65628,2025-10-03 06:00:00
P000175-10,P000175,10,2025-11-03,2025-12-03,65628,2025-11-03 06:00:00
P000175-11,P000175,11,2025-12-03,2026-01-03,65628,2025-12-03 06:00:00
P000176-01,P000176,1,2024-11-30,2024-12-30,12235,2024-11-30 06:00:00
P000176-02,P000176,2,2024-12-30,2025-01-30,12235,2024-12-30 06:00:00
P000176-03,P000176,3,2025-01-30,2025-02-28,12235,2025-01-30 06:00:00
P000176-04,P000176,4,2025-02-28,2025-03-30,10821,2025-02-28 06:00:00
P000176-05,P000176,5,2025-03-30,2025-04-30,10821,2025-03-30 06:00:00
P000176-06,P000176,6,2025-04-30,2025-05-30,10821,2025-04-30 06:00:00
P000176-07,P000176,7,2025-05-30,2025-06-30,10821,2025-05-30 06:00:00
P000176-08,P000176,8,2025-06-30,2025-07-30,10821,2025-06-30 06:00:00
P000176-09,P000176,9,2025-07-30,2025-08-30,10821,2025-07-30 06:00:00
P000176-10,P000176,10,2025-08-30,2025-09-30,10821,2025-08-30 06:00:00
P000176-11,P000176,11,2025-09-30,2025-10-30,10821,2025-09-30 06:00:00
P000176-12,P000176,12,2025-10-30,2025-11-30,10821,2025-10-30 06:00:00
P000177-01,P000177,1,2024-04-07,2024-05-07,15152,2024-04-07 06:00:00
P000177-02,P000177,2,2024-05-07,2024-06-07,15477,2024-05-07 06:00:00
P000177-03,P000177,3,2024-06-07,2024-07-07,15477,2024-06-07 06:00:00
P000177-04,P000177,4,2024-07-07,2024-08-07,15477,2024-07-07 06:00:00
P000177-05,P000177,5,2024-08-07,2024-09-07,15477,2024-08-07 06:00:00
P000177-06,P000177,6,2024-09-07,2024-10-07,15477,2024-09-07 06:00:00
P000177-07,P000177,7,2024-10-07,2024-11-07,15477,2024-10-07 06:00:00
P000177-08,P000177,8,2024-11-07,2024-12-07,15477,2024-11-07 06:00:00
P000177-09,P000177,9,2024-12-07,2025-01-07,15477,2024-12-07 06:00:00
P000177-10,P000177,10,2025-01-07,2025-02-07,15477,2025-01-07 06:00:00
P000177-11,P000177,11,2025-02-07,2025-03-07,15477,2025-02-07 06:00:00
P000177-12,P000177,12,2025-03-07,2025-04-07,15477,2025-03-07 06:00:00
P000178-01,P000178,1,2024-02-08,2024-03-08,7751,2024-02-08 06:00:00
P000178-02,P000178,2,2024-03-08,2024-04-08,7751,2024-03-08 06:00:00
P000178-03,P000178,3,2024-04-08,2024-05-08,7751,2024-04-08 06:00:00
P000178-04,P000178,4,2024-05-08,2024-06-08,7751,2024-05-08 06:00:00
P000178-05,P000178,5,2024-06-08,2024-07-08,7751,2024-06-08 06:00:00
P000178-06,P000178,6,2024-07-08,2024-08-08,7751,2024-07-08 06:00:00
P000178-07,P000178,7,2024-08-08,2024-09-08,7751,2024-08-08 06:00:00
P000178-08,P000178,8,2024-09-08,2024-10-08,7751,2024-09-08 06:00:00
P000178-09,P000178,9,2024-10-08,2024-11-08,7751,2024-10-08 06:00:00
P000178-10,P000178,10,2024-11-08,2024-12-08,7751,2024-11-08 06:00:00
P000178-11,P000178,11,2024-12-08,2025-01-08,7751,2024-12-08 06:00:00
P000178-12,P000178,12,2025-01-08,2025-02-08,7751,2025-01-08 06:00:00
P000179-01,P000179,1,2024-07-21,2024-08-21,10215,2024-07-21 06:00:00
P000179-02,P000179,2,2024-08-21,2024-09-21,10215,2024-08-21 06:00:00
P000179-03,P000179,3,2024-09-21,2024-10-21,10215,2024-09-21 06:00:00
P000179-04,P000179,4,2024-10-21,2024-11-21,10215,2024-10-21 06:00:00
P000179-05,P000179,5,2024-11-21,2024-12-21,10215,2024-11-21 06:00:00
P000179-06,P000179,6,2024-12-21,2025-01-21,10215,2024-12-21 06:00:00
P000179-07,P000179,7,2025-01-21,2025-02-21,10215,2025-01-21 06:00:00
P000179-08,P000179,8,2025-02-21,2025-03-21,10215,2025-02-21 06:00:00
P000179-09,P000179,9,2025-03-21,2025-04-21,10215,2025-03-21 06:00:00
P000179-10,P000179,10,2025-04-21,2025-05-21,9624,2025-04-21 06:00:00
P000179-11,P000179,11,2025-05-21,2025-06-21,9624,2025-05-21 06:00:00
P000179-12,P000179,12,2025-06-21,2025-07-21,9624,2025-06-21 06:00:00
P000180-01,P000180,1,2025-04-09,2025-05-09,12130,2025-04-09 06:00:00
P000180-02,P000180,2,2025-05-09,2025-06-09,12130,2025-05-09 06:00:00
P000180-03,P000180,3,2025-06-09,2025-07-09,12130,2025-06-09 06:00:00
P000180-04,P000180,4,2025-07-09,2025-08-09,12130,2025-07-09 06:00:00
P000180-05,P000180,5,2025-08-09,2025-09-09,12130,2025-08-09 06:00:00
P000180-06,P000180,6,2025-09-09,2025-10-09,12130,2025-09-09 06:00:00
P000180-07,P000180,7,2025-10-09,2025-11-09,12130,2025-10-09 06:00:00
P000180-08,P000180,8,2025-11-09,2025-12-09,12130,2025-11-09 06:00:00
P000180-09,P000180,9,2025-12-09,2026-01-09,12130,2025-12-09 06:00:00
P000181-01,P000181,1,2024-05-07,2024-06-07,10413,2024-05-07 06:00:00
P000181-02,P000181,2,2024-06-07,2024-07-07,10413,2024-06-07 06:00:00
P000181-03,P000181,3,2024-07-07,2024-08-07,10413,2024-07-07 06:00:00
P000181-04,P000181,4,2024-08-07,2024-09-07,10413,2024-08-07 06:00:00
P000181-05,P000181,5,2024-09-07,2024-10-07,10413,2024-09-07 06:00:00
P000181-06,P000181,6,2024-10-07,2024-11-07,10413,2024-10-07 06:00:00
P000181-07,P000181,7,2024-11-07,2024-12-07,10413,2024-11-07 06:00:00
P000181-08,P000181,8,2024-12-07,2025-01-07,10413,2024-12-07 06:00:00
P000181-09,P000181,9,2025-01-07,2025-02-07,10413,2025-01-07 06:00:00
P000181-10,P000181,10,2025-02-07,2025-03-07,10413,2025-02-07 06:00:00
P000181-11,P000181,11,2025-03-07,2025-04-07,10413,2025-03-07 06:00:00
P000181-12,P000181,12,2025-04-07,2025-05-07,10413,2025-04-07 06:00:00
P000182-01,P000182,1,2024-09-17,2024-10-17,1676,2024-09-17 06:00:00
P000182-02,P000182,2,2024-10-17,2024-11-17,1676,2024-10-17 06:00:00
P000182-03,P000182,3,2024-11-17,2024-12-17,1676,2024-11-17 06:00:00
P000182-04,P000182,4,2024-12-17,2025-01-17,1676,2024-12-17 06:00:00
P000182-05,P000182,5,2025-01-17,2025-02-17,1676,2025-01-17 06:00:00
P000182-06,P000182,6,2025-02-17,2025-03-17,1676,2025-02-17 06:00:00
P000182-07,P000182,7,2025-03-17,2025-04-17,1676,2025-03-17 06:00:00
P000182-08,P000182,8,2025-04-17,2025-05-17,1676,2025-04-17 06:00:00
P000182-09,P000182,9,2025-05-17,2025-06-17,1676,2025-05-17 06:00:00
P000182-10,P000182,10,2025-06-17,2025-07-17,1676,2025-06-17 06:00:00
P000182-11,P000182,11,2025-07-17,2025-08-17,1676,2025-07-17 06:00:00
P000182-12,P000182,12,2025-08-17,2025-09-17,1676,2025-08-17 06:00:00
P000183-01,P000183,1,2024-04-01,2024-05-01,38286,2024-04-01 06:00:00
P000183-01,P000183,1,2024-04-01,2024-05-01,38286,2024-04-04 06:00:00
P000183-02,P000183,2,2024-05-01,2024-06-01,38286,2024-05-01 06:00:00
P000183-03,P000183,3,2024-06-01,2024-07-01,38286,2024-06-01 06:00:00
P000183-04,P000183,4,2024-07-01,2024-08-01,38286,2024-07-01 06:00:00
P000183-05,P000183,5,2024-08-01,2024-09-01,38286,2024-08-01 06:00:00
P000184-01,P000184,1,2025-01-18,2025-02-18,9988,2025-01-18 06:00:00
P000184-02,P000184,2,2025-02-18,2025-03-18,9988,2025-02-18 06:00:00
P000184-03,P000184,3,2025-03-18,2025-04-18,9988,2025-03-18 06:00:00
P000184-04,P000184,4,2025-04-18,2025-05-18,9988,2025-04-18 06:00:00
P000184-05,P000184,5,2025-05-18,2025-06-18,9988,2025-05-18 06:00:00
P000184-06,P000184,6,2025-06-18,2025-07-18,9988,2025-06-18 06:00:00
P000184-07,P000184,7,2025-07-18,2025-08-18,9988,2025-07-18 06:00:00
P000184-08,P000184,8,2025-08-18,2025-09-18,9988,2025-08-18 06:00:00
P000184-09,P000184,9,2025-09-18,2025-10-18,9988,2025-09-18 06:00:00
P000184-10,P000184,10,2025-10-18,2025-11-18,9988,2025-10-18 06:00:00
P000184-11,P000184,11,2025-11-18,2025-12-18,9988,2025-11-18 06:00:00
P000184-12,P000184,12,2025-12-18,2026-01-18,9988,2025-12-18 06:00:00
P000185-01,P000185,1,2025-08-22,2025-09-22,12026,2025-08-22 06:00:00
P000185-01,P000185,1,2025-08-22,2025-09-22,12026,2025-08-25 06:00:00
P000185-02,P000185,2,2025-09-22,2025-10-22,12026,2025-09-22 06:00:00
P000185-03,P000185,3,2025-10-22,2025-11-22,12026,2025-10-22 06:00:00
P000186-01,P000186,1,2025-04-29,2025-05-29,74865,2025-04-29 06:00:00
P000186-02,P000186,2,2025-05-29,2025-06-29,74865,2025-05-29 06:00:00
P000186-03,P000186,3,2025-06-29,2025-07-29,74865,2025-06-29 06:00:00
P000186-04,P000186,4,2025-07-29,2025-08-29,74865,2025-07-29 06:00:00
P000186-05,P000186,5,2025-08-29,2025-09-29,74865,2025-08-29 06:00:00
P000186-06,P000186,6,2025-09-29,2025-10-29,74865,2025-09-29 06:00:00
P000186-07,P000186,7,2025-10-29,2025-11-29,74865,2025-10-29 06:00:00
P000186-08,P000186,8,2025-11-29,2025-12-29,74865,2025-11-29 06:00:00
P000186-09,P000186,9,2025-12-29,2026-01-29,74865,2025-12-29 06:00:00
P000187-01,P000187,1,2025-06-27,2025-07-27,1582,2025-06-27 06:00:00
P000187-02,P000187,2,2025-07-27,2025-08-27,1582,2025-07-27 06:00:00
P000187-03,P000187,3,2025-08-27,2025-09-27,1582,2025-08-27 06:00:00
P000187-04,P000187,4,2025-09-27,2025-10-27,1582,2025-09-27 06:00:00
P000187-05,P000187,5,2025-10-27,2025-11-27,1582,2025-10-27 06:00:00
P000188-01,P000188,1,2025-09-19,2025-10-19,18202,2025-09-19 06:00:00
P000188-02,P000188,2,2025-10-19,2025-11-19,18202,2025-10-19 06:00:00
P000188-03,P000188,3,2025-11-19,2025-12-19,18202,2025-11-19 06:00:00
P000188-04,P000188,4,2025-12-19,2026-01-19,18202,2025-12-19 06:00:00
P000189-01,P000189,1,2025-11-20,2025-12-20,10168,2025-11-20 06:00:00
P000189-02,P000189,2,2025-12-20,2026-01-20,10168,2025-12-20 06:00:00
P000190-01,P000190,1,2025-01-25,2025-02-25,2946,2025-01-25 06:00:00
P000190-02,P000190,2,2025-02-25,2025-03-25,2946,2025-02-25 06:00:00
P000190-03,P000190,3,2025-03-25,2025-04-25,2946,2025-03-25 06:00:00
P000190-04,P000190,4,2025-04-25,2025-05-25,2946,2025-04-25 06:00:00
P000190-04,P000190,4,2025-04-25,2025-05-25,2946,2025-04-28 06:00:00
P000190-05,P000190,5,2025-05-25,2025-06-25,2946,2025-05-25 06:00:00
P000190-06,P000190,6,2025-06-25,2025-07-25,2946,2025-06-25 06:00:00
P000190-07,P000190,7,2025-07-25,2025-08-25,2946,2025-07-25 06:00:00
P000190-08,P000190,8,2025-08-25,2025-09-25,3404,2025-08-25 06:00:00
P000190-09,P000190,9,2025-09-25,2025-10-25,3404,2025-09-25 06:00:00
P000190-10,P000190,10,2025-10-25,2025-11-25,3404,2025-10-25 06:00:00
P000190-11,P000190,11,2025-11-25,2025-12-25,3404,2025-11-25 06:00:00
P000190-12,P000190,12,2025-12-25,2026-01-25,3404,2025-12-25 06:00:00
P000191-01,P000191,1,2024-08-15,2024-09-15,2702,2024-08-15 06:00:00
P000191-02,P000191,2,2024-09-15,2024-10-15,2702,2024-09-15 06:00:00
P000191-03,P000191,3,2024-10-15,2024-11-15,2702,2024-10-15 06:00:00
P000191-04,P000191,4,2024-11-15,2024-12-15,2702,2024-11-15 06:00:00
P000191-05,P000191,5,2024-12-15,2025-01-15,2702,2024-12-15 06:00:00
P000191-06,P000191,6,2025-01-15,2025-02-15,2702,2025-01-15 06:00:00
P000191-07,P000191,7,2025-02-15,2025-03-15,2702,2025-02-15 06:00:00
P000191-08,P000191,8,2025-03-15,2025-04-15,2702,2025-03-15 06:00:00
P000191-09,P000191,9,2025-04-15,2025-05-15,2702,2025-04-15 06:00:00
P000191-10,P000191,10,2025-05-15,2025-06-15,2702,2025-05-15 06:00:00
P000191-11,P000191,11,2025-06-15,2025-07-15,2702,2025-06-15 06:00:00
P000191-12,P000191,12,2025-07-15,2025-08-15,2702,2025-07-15 06:00:00
P000192-01,P000192,1,2025-10-28,2025-11-28,87572,2025-10-28 06:00:00
P000192-02,P000192,2,2025-11-28,2025-12-28,87572,2025-11-28 06:00:00
P000192-03,P000192,3,2025-12-28,2026-01-28,87572,2025-12-28 06:00:00
P000193-01,P000193,1,2025-02-17,2025-03-17,1914,2025-02-17 06:00:00
P000193-02,P000193,2,2025-03-17,2025-04-17,1914,2025-03-17 06:00:00
P000193-03,P000193,3,2025-04-17,2025-05-17,1914,2025-04-17 06:00:00
P000193-04,P000193,4,2025-05-17,2025-06-17,1914,2025-05-17 06:00:00
P000193-05,P000193,5,2025-06-17,2025-07-17,1914,2025-06-17 06:00:00
P000193-06,P000193,6,2025-07-17,2025-08-17,1914,2025-07-17 06:00:00
P000193-07,P000193,7,2025-08-17,2025-09-17,1914,2025-08-17 06:00:00
P000193-08,P000193,8,2025-09-17,2025-10-17,1914,2025-09-17 06:00:00
P000193-09,P000193,9,2025-10-17,2025-11-17,1914,2025-10-17 06:00:00
P000193-10,P000193,10,2025-11-17,2025-12-17,1914,2025-11-17 06:00:00
P000193-11,P000193,11,2025-12-17,2026-01-17,1914,2025-12-17 06:00:00
P000194-01,P000194,1,2024-08-18,2024-09-18,59150,2024-08-18 06:00:00
P000194-02,P000194,2,2024-09-18,2024-10-18,59150,2024-09-18 06:00:00
P000194-03,P000194,3,2024-10-18,2024-11-18,59150,2024-10-18 06:00:00
P000194-04,P000194,4,2024-11-18,2024-12-18,59150,2024-11-18 06:00:00
P000194-05,P000194,5,2024-12-18,2025-01-18,59150,2024-12-18 06:00:00
P000194-06,P000194,6,2025-01-18,2025-02-18,59150,2025-01-18 06:00:00
P000194-07,P000194,7,2025-02-18,2025-03-18,59150,2025-02-18 06:00:00
P000194-08,P000194,8,2025-03-18,2025-04-18,67388,2025-03-18 06:00:00
P000194-09,P000194,9,2025-04-18,2025-05-18,67388,2025-04-18 06:00:00
P000194-10,P000194,10,2025-05-18,2025-06-18,67388,2025-05-18 06:00:00
P000194-11,P000194,11,2025-06-18,2025-07-18,67388,2025-06-18 06:00:00
P000194-12,P000194,12,2025-07-18,2025-08-18,67388,2025-07-18 06:00:00
P000195-01,P000195,1,2025-06-30,2025-07-30,11033,2025-06-30 06:00:00
P000195-02,P000195,2,2025-07-30,2025-08-30,11033,2025-07-30 06:00:00
P000195-03,P000195,3,2025-08-30,2025-09-30,11033,2025-08-30 06:00:00
P000195-04,P000195,4,2025-09-30,2025-10-30,11033,2025-09-30 06:00:00
P000195-05,P000195,5,2025-10-30,2025-11-30,11033,2025-10-30 06:00:00
P000195-06,P000195,6,2025-11-30,2025-12-30,11033,2025-11-30 06:00:00
P000195-07,P000195,7,2025-12-30,2026-01-30,11033,2025-12-30 06:00:00
P000196-01,P000196,1,2024-10-11,2024-11-11,1421,2024-10-11 06:00:00
P000196-02,P000196,2,2024-11-11,2024-12-11,1421,2024-11-11 06:00:00
P000196-03,P000196,3,2024-12-11,2025-01-11,1421,2024-12-11 06:00:00
P000196-04,P000196,4,2025-01-11,2025-02-11,1421,2025-01-11 06:00:00
P000196-05,P000196,5,2025-02-11,2025-03-11,1421,2025-02-11 06:00:00
P000196-06,P000196,6,2025-03-11,2025-04-11,1326,2025-03-11 06:00:00
P000196-07,P000196,7,2025-04-11,2025-05-11,1326,2025-04-11 06:00:00
P000196-08,P000196,8,2025-05-11,2025-06-11,1326,2025-05-11 06:00:00
P000196-09,P000196,9,2025-06-11,2025-07-11,1326,2025-06-11 06:00:00
P000196-10,P000196,10,2025-07-11,2025-08-11,1326,2025-07-11 06:00:00
P000196-11,P000196,11,2025-08-11,2025-09-11,1326,2025-08-11 06:00:00
P000196-12,P000196,12,2025-09-11,2025-10-11,1326,2025-09-11 06:00:00
P000197-01,P000197,1,2025-08-08,2025-09-08,21274,2025-08-08 06:00:00
P000197-02,P000197,2,2025-09-08,2025-10-08,21274,2025-09-08 06:00:00
P000197-03,P000197,3,2025-10-08,2025-11-08,21274,2025-10-08 06:00:00
P000197-03,P000197,3,2025-10-08,2025-11-08,21274,2025-10-11 06:00:00
P000197-04,P000197,4,2025-11-08,2025-12-08,21274,2025-11-08 06:00:00
P000197-05,P000197,5,2025-12-08,2026-01-08,21274,2025-12-08 06:00:00
P000198-01,P000198,1,2024-09-30,2024-10-30,11394,2024-09-30 06:00:00
P000198-02,P000198,2,2024-10-30,2024-11-30,11394,2024-10-30 06:00:00
P000198-03,P000198,3,2024-11-30,2024-12-30,11394,2024-11-30 06:00:00
P000198-04,P000198,4,2024-12-30,2025-01-30,11394,2024-12-30 06:00:00
P000198-05,P000198,5,2025-01-30,2025-02-28,11394,2025-01-30 06:00:00
P000198-06,P000198,6,2025-02-28,2025-03-30,11394,2025-02-28 06:00:00
P000198-07,P000198,7,2025-03-30,2025-04-30,11394,2025-03-30 06:00:00
P000198-08,P000198,8,2025-04-30,2025-05-30,11394,2025-04-30 06:00:00
P000198-09,P000198,9,2025-05-30,2025-06-30,13921,2025-05-30 06:00:00
P000198-10,P000198,10,2025-06-30,2025-07-30,13921,2025-06-30 06:00:00
P000198-11,P000198,11,2025-07-30,2025-08-30,13921,2025-07-30 06:00:00
P000198-12,P000198,12,2025-08-30,2025-09-30,13921,2025-08-30 06:00:00
P000199-01,P000199,1,2025-06-24,2025-07-24,85970,2025-06-24 06:00:00
P000199-02,P000199,2,2025-07-24,2025-08-24,85970,2025-07-24 06:00:00
P000199-03,P000199,3,2025-08-24,2025-09-24,89100,2025-08-24 06:00:00
P000199-04,P000199,4,2025-09-24,2025-10-24,89100,2025-09-24 06:00:00
P000199-05,P000199,5,2025-10-24,2025-11-24,89100,2025-10-24 06:00:00
P000199-06,P000199,6,2025-11-24,2025-12-24,89100,2025-11-24 06:00:00
P000199-07,P000199,7,2025-12-24,2026-01-24,89100,2025-12-24 06:00:00
P000200-01,P000200,1,2025-10-08,2025-11-08,12115,2025-10-08 06:00:00
P000200-02,P000200,2,2025-11-08,2025-12-08,12115,2025-11-08 06:00:00
P000200-03,P000200,3,2025-12-08,2026-01-08,12115,2025-12-08 06:00:00
P000201-01,P000201,1,2024-05-06,2024-06-06,13611,2024-05-06 06:00:00
P000201-02,P000201,2,2024-06-06,2024-07-06,13611,2024-06-06 06:00:00
P000201-03,P000201,3,2024-07-06,2024-08-06,13611,2024-07-06 06:00:00
P000201-04,P000201,4,2024-08-06,2024-09-06,13611,2024-08-06 06:00:00
P000201-05,P000201,5,2024-09-06,2024-10-06,13611,2024-09-06 06:00:00
P000201-06,P000201,6,2024-10-06,2024-11-06,13611,2024-10-06 06:00:00
P000201-06,P000201,6,2024-10-06,2024-11-06,13611,2024-10-09 06:00:00
P000201-07,P000201,7,2024-11-06,2024-12-06,13611,2024-11-06 06:00:00
P000201-08,P000201,8,2024-12-06,2025-01-06,13611,2024-12-06 06:00:00
P000201-09,P000201,9,2025-01-06,2025-02-06,13611,2025-01-06 06:00:00
P000201-10,P000201,10,2025-02-06,2025-03-06,13611,2025-02-06 06:00:00
P000201-11,P000201,11,2025-03-06,2025-04-06,13611,2025-03-06 06:00:00
P000201-12,P000201,12,2025-04-06,2025-05-06,13611,2025-04-06 06:00:00
P000202-01,P000202,1,2025-11-13,2025-12-13,9105,2025-11-13 06:00:00
P000202-02,P000202,2,2025-12-13,2026-01-13,9105,2025-12-13 06:00:00
P000203-01,P000203,1,2025-02-02,2025-03-02,17317,2025-02-02 06:00:00
P000203-02,P000203,2,2025-03-02,2025-04-02,17317,2025-03-02 06:00:00
P000203-02,P000203,2,2025-03-02,2025-04-02,17317,2025-03-05 06:00:00
P000203-03,P000203,3,2025-04-02,2025-05-02,17317,2025-04-02 06:00:00
P000203-04,P000203,4,2025-05-02,2025-06-02,17317,2025-05-02 06:00:00
P000203-05,P000203,5,2025-06-02,2025-07-02,17317,2025-06-02 06:00:00
P000203-06,P000203,6,2025-07-02,2025-08-02,17317,2025-07-02 06:00:00
P000203-07,P000203,7,2025-08-02,2025-09-02,17317,2025-08-02 06:00:00
P000203-08,P000203,8,2025-09-02,2025-10-02,17317,2025-09-02 06:00:00
P000203-09,P000203,9,2025-10-02,2025-11-02,17317,2025-10-02 06:00:00
P000203-10,P000203,10,2025-11-02,2025-12-02,17317,2025-11-02 06:00:00
P000203-11,P000203,11,2025-12-02,2026-01-02,17317,2025-12-02 06:00:00
P000204-01,P000204,1,2025-11-13,2025-12-13,2572,2025-11-13 06:00:00
P000204-02,P000204,2,2025-12-13,2026-01-13,3148,2025-12-13 06:00:00
P000205-01,P000205,1,2025-10-10,2025-11-10,11279,2025-10-10 06:00:00
P000205-02,P000205,2,2025-11-10,2025-12-10,11279,2025-11-10 06:00:00
P000205-03,P000205,3,2025-12-10,2026-01-10,11279,2025-12-10 06:00:00
P000206-01,P000206,1,2024-11-25,2024-12-25,1715,2024-11-25 06:00:00
P000206-02,P000206,2,2024-12-25,2025-01-25,1715,2024-12-25 06:00:00
P000206-03,P000206,3,2025-01-25,2025-02-25,1715,2025-01-25 06:00:00
P000206-04,P000206,4,2025-02-25,2025-03-25,1998,2025-02-25 06:00:00
P000206-05,P000206,5,2025-03-25,2025-04-25,1998,2025-03-25 06:00:00
P000206-06,P000206,6,2025-04-25,2025-05-25,1998,2025-04-25 06:00:00
P000206-07,P000206,7,2025-05-25,2025-06-25,1998,2025-05-25 06:00:00
P000206-08,P000206,8,2025-06-25,2025-07-25,1998,2025-06-25 06:00:00
P000206-09,P000206,9,2025-07-25,2025-08-25,1998,2025-07-25 06:00:00
P000206-10,P000206,10,2025-08-25,2025-09-25,1998,2025-08-25 06:00:00
P000206-11,P000206,11,2025-09-25,2025-10-25,1998,2025-09-25 06:00:00
P000206-12,P000206,12,2025-10-25,2025-11-25,1998,2025-10-25 06:00:00
P000207-01,P000207,1,2024-03-17,2024-04-17,8436,2024-03-17 06:00:00
P000207-02,P000207,2,2024-04-17,2024-05-17,8436,2024-04-17 06:00:00
P000207-03,P000207,3,2024-05-17,2024-06-17,8436,2024-05-17 06:00:00
P000207-04,P000207,4,2024-06-17,2024-07-17,8436,2024-06-17 06:00:00
P000207-05,P000207,5,2024-07-17,2024-08-17,8436,2024-07-17 06:00:00
P000207-06,P000207,6,2024-08-17,2024-09-17,8436,2024-08-17 06:00:00
P000207-07,P000207,7,2024-09-17,2024-10-17,8436,2024-09-17 06:00:00
P000207-08,P000207,8,2024-10-17,2024-11-17,8436,2024-10-17 06:00:00
P000207-09,P000207,9,2024-11-17,2024-12-17,8436,2024-11-17 06:00:00
P000207-10,P000207,10,2024-12-17,2025-01-17,8436,2024-12-17 06:00:00
P000207-11,P000207,11,2025-01-17,2025-02-17,8436,2025-01-17 06:00:00
P000207-12,P000207,12,2025-02-17,2025-03-17,8997,2025-02-17 06:00:00
P000208-01,P000208,1,2024-08-03,2024-09-03,57515,2024-08-03 06:00:00
P000208-02,P000208,2,2024-09-03,2024-10-03,57515,2024-09-03 06:00:00
P000208-03,P000208,3,2024-10-03,2024-11-03,57515,2024-10-03 06:00:00
P000208-04,P000208,4,2024-11-03,2024-12-03,57515,2024-11-03 06:00:00
P000208-05,P000208,5,2024-12-03,2025-01-03,57515,2024-12-03 06:00:00
P000208-06,P000208,6,2025-01-03,2025-02-03,57515,2025-01-03 06:00:00
P000208-07,P000208,7,2025-02-03,2025-03-03,57515,2025-02-03 06:00:00
P000208-08,P000208,8,2025-03-03,2025-04-03,57515,2025-03-03 06:00:00
P000208-09,P000208,9,2025-04-03,2025-05-03,57515,2025-04-03 06:00:00
P000208-10,P000208,10,2025-05-03,2025-06-03,57515,2025-05-03 06:00:00
P000208-11,P000208,11,2025-06-03,2025-07-03,57515,2025-06-03 06:00:00
P000208-12,P000208,12,2025-07-03,2025-08-03,57515,2025-07-03 06:00:00
P000209-01,P000209,1,2025-01-26,2025-02-26,102404,2025-01-26 06:00:00
P000209-02,P000209,2,2025-02-26,2025-03-26,102404,2025-02-26 06:00:00
P000209-03,P000209,3,2025-03-26,2025-04-26,102404,2025-03-26 06:00:00
P000209-04,P000209,4,2025-04-26,2025-05-26,102404,2025-04-26 06:00:00
P000209-05,P000209,5,2025-05-26,2025-06-26,102404,2025-05-26 06:00:00
P000209-06,P000209,6,2025-06-26,2025-07-26,102404,2025-06-26 06:00:00
P000209-07,P000209,7,2025-07-26,2025-08-26,102404,2025-07-26 06:00:00
P000209-08,P000209,8,2025-08-26,2025-09-26,102404,2025-08-26 06:00:00
P000209-09,P000209,9,2025-09-26,2025-10-26,102404,2025-09-26 06:00:00
P000209-10,P000209,10,2025-10-26,2025-11-26,102404,2025-10-26 06:00:00
P000209-11,P000209,11,2025-11-26,2025-12-26,102404,2025-11-26 06:00:00
P000209-12,P000209,12,2025-12-26,2026-01-26,102404,2025-12-26 06:00:00
P000210-01,P000210,1,2024-11-13,2024-12-13,9786,2024-11-13 06:00:00
P000210-02,P000210,2,2024-12-13,2025-01-13,9786,2024-12-13 06:00:00
P000210-03,P000210,3,2025-01-13,2025-02-13,9786,2025-01-13 06:00:00
P000210-04,P000210,4,2025-02-13,2025-03-13,9786,2025-02-13 06:00:00
P000210-05,P000210,5,2025-03-13,2025-04-13,9786,2025-03-13 06:00:00
P000210-06,P000210,6,2025-04-13,2025-05-13,9786,2025-04-13 06:00:00
P000210-07,P000210,7,2025-05-13,2025-06-13,9786,2025-05-13 06:00:00
P000210-08,P000210,8,2025-06-13,2025-07-13,9786,2025-06-13 06:00:00
P000210-09,P000210,9,2025-07-13,2025-08-13,9786,2025-07-13 06:00:00
P000210-10,P000210,10,2025-08-13,2025-09-13,9786,2025-08-13 06:00:00
P000210-11,P000210,11,2025-09-13,2025-10-13,9786,2025-09-13 06:00:00
P000210-12,P000210,12,2025-10-13,2025-11-13,9786,2025-10-13 06:00:00
P000211-01,P000211,1,2024-09-30,2024-10-30,15965,2024-09-30 06:00:00
P000211-02,P000211,2,2024-10-30,2024-11-30,15965,2024-10-30 06:00:00
P000211-03,P000211,3,2024-11-30,2024-12-30,15965,2024-11-30 06:00:00
P000211-04,P000211,4,2024-12-30,2025-01-30,15965,2024-12-30 06:00:00
P000211-05,P000211,5,2025-01-30,2025-02-28,15965,2025-01-30 06:00:00
P000211-06,P000211,6,2025-02-28,2025-03-30,16136,2025-02-28 06:00:00
P000211-07,P000211,7,2025-03-30,2025-04-30,16136,2025-03-30 06:00:00
P000211-08,P000211,8,2025-04-30,2025-05-30,16136,2025-04-30 06:00:00
P000211-09,P000211,9,2025-05-30,2025-06-30,16136,2025-05-30 06:00:00
P000211-10,P000211,10,2025-06-30,2025-07-30,16136,2025-06-30 06:00:00
P000211-11,P000211,11,2025-07-30,2025-08-30,16136,2025-07-30 06:00:00
P000211-12,P000211,12,2025-08-30,2025-09-30,16136,2025-08-30 06:00:00
P000212-01,P000212,1,2024-06-01,2024-07-01,13414,2024-06-01 06:00:00
P000212-02,P000212,2,2024-07-01,2024-08-01,13414,2024-07-01 06:00:00
P000212-03,P000212,3,2024-08-01,2024-09-01,13414,2024-08-01 06:00:00
P000212-04,P000212,4,2024-09-01,2024-10-01,13414,2024-09-01 06:00:00
P000212-05,P000212,5,2024-10-01,2024-11-01,13414,2024-10-01 06:00:00
P000212-06,P000212,6,2024-11-01,2024-12-01,13414,2024-11-01 06:00:00
P000212-07,P000212,7,2024-12-01,2025-01-01,13414,2024-12-01 06:00:00
P000212-08,P000212,8,2025-01-01,2025-02-01,13414,2025-01-01 06:00:00
P000212-09,P000212,9,2025-02-01,2025-03-01,13414,2025-02-01 06:00:00
P000212-10,P000212,10,2025-03-01,2025-04-01,13414,2025-03-01 06:00:00
P000212-11,P000212,11,2025-04-01,2025-05-01,13414,2025-04-01 06:00:00
P000212-12,P000212,12,2025-05-01,2025-06-01,13414,2025-05-01 06:00:00
P000213-01,P000213,1,2025-04-30,2025-05-30,11220,2025-04-30 06:00:00
P000213-02,P000213,2,2025-05-30,2025-06-30,11220,2025-05-30 06:00:00
P000213-03,P000213,3,2025-06-30,2025-07-30,11220,2025-06-30 06:00:00
P000213-04,P000213,4,2025-07-30,2025-08-30,11441,2025-07-30 06:00:00
P000213-05,P000213,5,2025-08-30,2025-09-30,11441,2025-08-30 06:00:00
P000214-01,P000214,1,2024-03-19,2024-04-19,10015,2024-03-19 06:00:00
P000214-02,P000214,2,2024-04-19,2024-05-19,10015,2024-04-19 06:00:00
P000214-03,P000214,3,2024-05-19,2024-06-19,10015,2024-05-19 06:00:00
P000214-04,P000214,4,2024-06-19,2024-07-19,10015,2024-06-19 06:00:00
P000214-05,P000214,5,2024-07-19,2024-08-19,10015,2024-07-19 06:00:00
P000214-06,P000214,6,2024-08-19,2024-09-19,10015,2024-08-19 06:00:00
P000214-07,P000214,7,2024-09-19,2024-10-19,10015,2024-09-19 06:00:00
P000214-08,P000214,8,2024-10-19,2024-11-19,10015,2024-10-19 06:00:00
P000214-09,P000214,9,2024-11-19,2024-12-19,10015,2024-11-19 06:00:00
P000214-10,P000214,10,2024-12-19,2025-01-19,10015,2024-12-19 06:00:00
P000214-11,P000214,11,2025-01-19,2025-02-19,10015,2025-01-19 06:00:00
P000214-12,P000214,12,2025-02-19,2025-03-19,10015,2025-02-19 06:00:00
P000215-01,P000215,1,2024-12-09,2025-01-09,11314,2024-12-09 06:00:00
P000215-02,P000215,2,2025-01-09,2025-02-09,11314,2025-01-09 06:00:00
P000215-03,P000215,3,2025-02-09,2025-03-09,11314,2025-02-09 06:00:00
P000215-04,P000215,4,2025-03-09,2025-04-09,11314,2025-03-09 06:00:00
P000215-05,P000215,5,2025-04-09,2025-05-09,11314,2025-04-09 06:00:00
P000215-06,P000215,6,2025-05-09,2025-06-09,10312,2025-05-09 06:00:00
P000215-07,P000215,7,2025-06-09,2025-07-09,10312,2025-06-09 06:00:00
P000215-08,P000215,8,2025-07-09,2025-08-09,10312,2025-07-09 06:00:00
P000215-09,P000215,9,2025-08-09,2025-09-09,10312,2025-08-09 06:00:00
P000215-10,P000215,10,2025-09-09,2025-10-09,10312,2025-09-09 06:00:00
P000215-11,P000215,11,2025-10-09,2025-11-09,10312,2025-10-09 06:00:00
P000215-12,P000215,12,2025-11-09,2025-12-09,10312,2025-11-09 06:00:00
P000216-01,P000216,1,2024-12-05,2025-01-05,1858,2024-12-05 06:00:00
P000216-02,P000216,2,2025-01-05,2025-02-05,1858,2025-01-05 06:00:00
P000216-03,P000216,3,2025-02-05,2025-03-05,1858,2025-02-05 06:00:00
P000216-04,P000216,4,2025-03-05,2025-04-05,1858,2025-03-05 06:00:00
P000216-05,P000216,5,2025-04-05,2025-05-05,1858,2025-04-05 06:00:00
P000217-01,P000217,1,2024-06-13,2024-07-13,2262,2024-06-13 06:00:00
P000217-02,P000217,2,2024-07-13,2024-08-13,2262,2024-07-13 06:00:00
P000217-03,P000217,3,2024-08-13,2024-09-13,2262,2024-08-13 06:00:00
P000217-04,P000217,4,2024-09-13,2024-10-13,2262,2024-09-13 06:00:00
P000217-05,P000217,5,2024-10-13,2024-11-13,2262,2024-10-13 06:00:00
P000217-06,P000217,6,2024-11-13,2024-12-13,2262,2024-11-13 06:00:00
P000217-07,P000217,7,2024-12-13,2025-01-13,2262,2024-12-13 06:00:00
P000217-08,P000217,8,2025-01-13,2025-02-13,2262,2025-01-13 06:00:00
P000217-09,P000217,9,2025-02-13,2025-03-13,2465,2025-02-13 06:00:00
P000217-10,P000217,10,2025-03-13,2025-04-13,2465,2025-03-13 06:00:00
P000217-11,P000217,11,2025-04-13,2025-05-13,2465,2025-04-13 06:00:00
P000217-12,P000217,12,2025-05-13,2025-06-13,2465,2025-05-13 06:00:00
P000218-01,P000218,1,2025-04-16,2025-05-16,9580,2025-04-16 06:00:00
P000218-02,P000218,2,2025-05-16,2025-06-16,9580,2025-05-16 06:00:00
P000218-03,P000218,3,2025-06-16,2025-07-16,9580,2025-06-16 06:00:00
P000218-04,P000218,4,2025-07-16,2025-08-16,9580,2025-07-16 06:00:00
P000218-05,P000218,5,2025-08-16,2025-09-16,9580,2025-08-16 06:00:00
P000218-06,P000218,6,2025-09-16,2025-10-16,9580,2025-09-16 06:00:00
P000218-07,P000218,7,2025-10-16,2025-11-16,9580,2025-10-16 06:00:00
P000218-08,P000218,8,2025-11-16,2025-12-16,9580,2025-11-16 06:00:00
P000218-09,P000218,9,2025-12-16,2026-01-16,9580,2025-12-16 06:00:00
P000219-01,P000219,1,2025-11-29,2025-12-29,18231,2025-11-29 06:00:00
P000219-02,P000219,2,2025-12-29,2026-01-29,18231,2025-12-29 06:00:00
P000220-01,P000220,1,2025-07-01,2025-08-01,20671,2025-07-01 06:00:00
P000220-02,P000220,2,2025-08-01,2025-09-01,20671,2025-08-01 06:00:00
P000220-03,P000220,3,2025-09-01,2025-10-01,20671,2025-09-01 06:00:00
P000220-04,P000220,4,2025-10-01,2025-11-01,20671,2025-10-01 06:00:00
P000220-05,P000220,5,2025-11-01,2025-12-01,20671,2025-11-01 06:00:00
P000221-01,P000221,1,2025-10-17,2025-11-17,11285,2025-10-17 06:00:00
P000221-02,P000221,2,2025-11-17,2025-12-17,11285,2025-11-17 06:00:00
P000221-03,P000221,3,2025-12-17,2026-01-17,12785,2025-12-17 06:00:00
P000222-01,P000222,1,2025-03-05,2025-04-05,2238,2025-03-05 06:00:00
P000222-02,P000222,2,2025-04-05,2025-05-05,2238,2025-04-05 06:00:00
P000222-03,P000222,3,2025-05-05,2025-06-05,2238,2025-05-05 06:00:00
P000222-04,P000222,4,2025-06-05,2025-07-05,2238,2025-06-05 06:00:00
P000222-05,P000222,5,2025-07-05,2025-08-05,2238,2025-07-05 06:00:00
P000222-06,P000222,6,2025-08-05,2025-09-05,2238,2025-08-05 06:00:00
P000222-07,P000222,7,2025-09-05,2025-10-05,2238,2025-09-05 06:00:00
P000222-08,P000222,8,2025-10-05,2025-11-05,2238,2025-10-05 06:00:00
P000222-09,P000222,9,2025-11-05,2025-12-05,2238,2025-11-05 06:00:00
P000222-10,P000222,10,2025-12-05,2026-01-05,2238,2025-12-05 06:00:00
P000223-01,P000223,1,2024-07-22,2024-08-22,61012,2024-07-22 06:00:00
P000223-02,P000223,2,2024-08-22,2024-09-22,61012,2024-08-22 06:00:00
P000223-03,P000223,3,2024-09-22,2024-10-22,61012,2024-09-22 06:00:00
P000223-04,P000223,4,2024-10-22,2024-11-22,61012,2024-10-22 06:00:00
P000223-04,P000223,4,2024-10-22,2024-11-22,61012,2024-10-25 06:00:00
P000223-05,P000223,5,2024-11-22,2024-12-22,61012,2024-11-22 06:00:00
P000223-06,P000223,6,2024-12-22,2025-01-22,61012,2024-12-22 06:00:00
P000223-07,P000223,7,2025-01-22,2025-02-22,61012,2025-01-22 06:00:00
P000223-08,P000223,8,2025-02-22,2025-03-22,61012,2025-02-22 06:00:00
P000223-09,P000223,9,2025-03-22,2025-04-22,61012,2025-03-22 06:00:00
P000223-10,P000223,10,2025-04-22,2025-05-22,61012,2025-04-22 06:00:00
P000223-11,P000223,11,2025-05-22,2025-06-22,61012,2025-05-22 06:00:00
P000223-12,P000223,12,2025-06-22,2025-07-22,61012,2025-06-22 06:00:00
P000224-01,P000224,1,2024-06-19,2024-07-19,15852,2024-06-19 06:00:00
P000224-02,P000224,2,2024-07-19,2024-08-19,15852,2024-07-19 06:00:00
P000224-03,P000224,3,2024-08-19,2024-09-19,15852,2024-08-19 06:00:00
P000224-04,P000224,4,2024-09-19,2024-10-19,15852,2024-09-19 06:00:00
P000224-05,P000224,5,2024-10-19,2024-11-19,15852,2024-10-19 06:00:00
P000224-06,P000224,6,2024-11-19,2024-12-19,15852,2024-11-19 06:00:00
P000224-07,P000224,7,2024-12-19,2025-01-19,15852,2024-12-19 06:00:00
P000225-01,P000225,1,2024-04-26,2024-05-26,110990,2024-04-26 06:00:00
P000225-02,P000225,2,2024-05-26,2024-06-26,110990,2024-05-26 06:00:00
P000225-03,P000225,3,2024-06-26,2024-07-26,110990,2024-06-26 06:00:00
P000225-04,P000225,4,2024-07-26,2024-08-26,110990,2024-07-26 06:00:00
P000225-05,P000225,5,2024-08-26,2024-09-26,110990,2024-08-26 06:00:00
P000225-06,P000225,6,2024-09-26,2024-10-26,110990,2024-09-26 06:00:00
P000225-07,P000225,7,2024-10-26,2024-11-26,110990,2024-10-26 06:00:00
P000225-08,P000225,8,2024-11-26,2024-12-26,110990,2024-11-26 06:00:00
P000225-09,P000225,9,2024-12-26,2025-01-26,110990,2024-12-26 06:00:00
P000225-10,P000225,10,2025-01-26,2025-02-26,110990,2025-01-26 06:00:00
P000225-11,P000225,11,2025-02-26,2025-03-26,110990,2025-02-26 06:00:00
P000225-12,P000225,12,2025-03-26,2025-04-26,110990,2025-03-26 06:00:00
P000226-01,P000226,1,2025-02-28,2025-03-28,58476,2025-02-28 06:00:00
P000226-02,P000226,2,2025-03-28,2025-04-28,58476,2025-03-28 06:00:00
P000226-03,P000226,3,2025-04-28,2025-05-28,58476,2025-04-28 06:00:00
P000226-04,P000226,4,2025-05-28,2025-06-28,58476,2025-05-28 06:00:00
P000226-05,P000226,5,2025-06-28,2025-07-28,58476,2025-06-28 06:00:00
P000226-06,P000226,6,2025-07-28,2025-08-28,58476,2025-07-28 06:00:00
P000226-07,P000226,7,2025-08-28,2025-09-28,58476,2025-08-28 06:00:00
P000226-08,P000226,8,2025-09-28,2025-10-28,58476,2025-09-28 06:00:00
P000226-09,P000226,9,2025-10-28,2025-11-28,58476,2025-10-28 06:00:00
P000226-10,P000226,10,2025-11-28,2025-12-28,58476,2025-11-28 06:00:00
P000226-11,P000226,11,2025-12-28,2026-01-28,58476,2025-12-28 06:00:00
P000227-01,P000227,1,2025-05-31,2025-06-30,53768,2025-05-31 06:00:00
P000227-02,P000227,2,2025-06-30,2025-07-31,58691,2025-06-30 06:00:00
P000227-03,P000227,3,2025-07-31,2025-08-31,58691,2025-07-31 06:00:00
P000228-01,P000228,1,2024-09-08,2024-10-08,19296,2024-09-08 06:00:00
P000228-02,P000228,2,2024-10-08,2024-11-08,19296,2024-10-08 06:00:00
P000228-03,P000228,3,2024-11-08,2024-12-08,19296,2024-11-08 06:00:00
P000228-04,P000228,4,2024-12-08,2025-01-08,19296,2024-12-08 06:00:00
P000228-05,P000228,5,2025-01-08,2025-02-08,19296,2025-01-08 06:00:00
P000228-06,P000228,6,2025-02-08,2025-03-08,19296,2025-02-08 06:00:00
P000228-07,P000228,7,2025-03-08,2025-04-08,19296,2025-03-08 06:00:00
P000228-08,P000228,8,2025-04-08,2025-05-08,19296,2025-04-08 06:00:00
P000228-09,P000228,9,2025-05-08,2025-06-08,19296,2025-05-08 06:00:00
P000228-10,P000228,10,2025-06-08,2025-07-08,19296,2025-06-08 06:00:00
P000228-11,P000228,11,2025-07-08,2025-08-08,19296,2025-07-08 06:00:00
P000228-12,P000228,12,2025-08-08,2025-09-08,19296,2025-08-08 06:00:00
P000229-01,P000229,1,2024-03-16,2024-04-16,11488,2024-03-16 06:00:00
P000229-02,P000229,2,2024-04-16,2024-05-16,11488,2024-04-16 06:00:00
P000229-03,P000229,3,2024-05-16,2024-06-16,11488,2024-05-16 06:00:00
P000229-04,P000229,4,2024-06-16,2024-07-16,11488,2024-06-16 06:00:00
P000229-05,P000229,5,2024-07-16,2024-08-16,11488,2024-07-16 06:00:00
P000229-06,P000229,6,2024-08-16,2024-09-16,11488,2024-08-16 06:00:00
P000229-07,P000229,7,2024-09-16,2024-10-16,11488,2024-09-16 06:00:00
P000229-08,P000229,8,2024-10-16,2024-11-16,11488,2024-10-16 06:00:00
P000229-09,P000229,9,2024-11-16,2024-12-16,11488,2024-11-16 06:00:00
P000229-10,P000229,10,2024-12-16,2025-01-16,11488,2024-12-16 06:00:00
P000229-11,P000229,11,2025-01-16,2025-02-16,11488,2025-01-16 06:00:00
P000229-12,P000229,12,2025-02-16,2025-03-16,11488,2025-02-16 06:00:00
P000230-01,P000230,1,2024-09-13,2024-10-13,36197,2024-09-13 06:00:00
P000230-02,P000230,2,2024-10-13,2024-11-13,36197,2024-10-13 06:00:00
P000230-03,P000230,3,2024-11-13,2024-12-13,36197,2024-11-13 06:00:00
P000230-04,P000230,4,2024-12-13,2025-01-13,36197,2024-12-13 06:00:00
P000230-05,P000230,5,2025-01-13,2025-02-13,36197,2025-01-13 06:00:00
P000230-06,P000230,6,2025-02-13,2025-03-13,36197,2025-02-13 06:00:00
P000230-07,P000230,7,2025-03-13,2025-04-13,36197,2025-03-13 06:00:00
P000230-08,P000230,8,2025-04-13,2025-05-13,36197,2025-04-13 06:00:00
P000230-09,P000230,9,2025-05-13,2025-06-13,36197,2025-05-13 06:00:00
P000230-10,P000230,10,2025-06-13,2025-07-13,36197,2025-06-13 06:00:00
P000230-11,P000230,11,2025-07-13,2025-08-13,36197,2025-07-13 06:00:00
P000230-12,P000230,12,2025-08-13,2025-09-13,36197,2025-08-13 06:00:00
P000231-01,P000231,1,2025-08-23,2025-09-23,13604,2025-08-23 06:00:00
P000231-02,P000231,2,2025-09-23,2025-10-23,13604,2025-09-23 06:00:00
P000231-03,P000231,3,2025-10-23,2025-11-23,13604,2025-10-23 06:00:00
P000231-04,P000231,4,2025-11-23,2025-12-23,13604,2025-11-23 06:00:00
P000231-05,P000231,5,2025-12-23,2026-01-23,13604,2025-12-23 06:00:00
P000232-01,P000232,1,2024-12-02,2025-01-02,1631,2024-12-02 06:00:00
P000232-02,P000232,2,2025-01-02,2025-02-02,1631,2025-01-02 06:00:00
P000232-03,P000232,3,2025-02-02,2025-03-02,1631,2025-02-02 06:00:00
P000232-04,P000232,4,2025-03-02,2025-04-02,1631,2025-03-02 06:00:00
P000232-05,P000232,5,2025-04-02,2025-05-02,1631,2025-04-02 06:00:00
P000232-06,P000232,6,2025-05-02,2025-06-02,2007,2025-05-02 06:00:00
P000232-07,P000232,7,2025-06-02,2025-07-02,2007,2025-06-02 06:00:00
P000232-08,P000232,8,2025-07-02,2025-08-02,2007,2025-07-02 06:00:00
P000232-09,P000232,9,2025-08-02,2025-09-02,2007,2025-08-02 06:00:00
P000232-10,P000232,10,2025-09-02,2025-10-02,2007,2025-09-02 06:00:00
P000232-11,P000232,11,2025-10-02,2025-11-02,2007,2025-10-02 06:00:00
P000232-12,P000232,12,2025-11-02,2025-12-02,2007,2025-11-02 06:00:00
P000233-01,P000233,1,2024-08-30,2024-09-30,2268,2024-08-30 06:00:00
P000233-02,P000233,2,2024-09-30,2024-10-30,2268,2024-09-30 06:00:00
P000234-01,P000234,1,2024-12-20,2025-01-20,10595,2024-12-20 06:00:00
P000234-02,P000234,2,2025-01-20,2025-02-20,10595,2025-01-20 06:00:00
P000234-03,P000234,3,2025-02-20,2025-03-20,10595,2025-02-20 06:00:00
P000234-04,P000234,4,2025-03-20,2025-04-20,10595,2025-03-20 06:00:00
P000234-05,P000234,5,2025-04-20,2025-05-20,10595,2025-04-20 06:00:00
P000234-06,P000234,6,2025-05-20,2025-06-20,10595,2025-05-20 06:00:00
P000234-07,P000234,7,2025-06-20,2025-07-20,10595,2025-06-20 06:00:00
P000234-08,P000234,8,2025-07-20,2025-08-20,10595,2025-07-20 06:00:00
P000234-09,P000234,9,2025-08-20,2025-09-20,10595,2025-08-20 06:00:00
P000234-10,P000234,10,2025-09-20,2025-10-20,10595,2025-09-20 06:00:00
P000234-11,P000234,11,2025-10-20,2025-11-20,10595,2025-10-20 06:00:00
P000234-12,P000234,12,2025-11-20,2025-12-20,10595,2025-11-20 06:00:00
P000235-01,P000235,1,2025-01-12,2025-02-12,2905,2025-01-12 06:00:00
P000235-02,P000235,2,2025-02-12,2025-03-12,2905,2025-02-12 06:00:00
P000235-03,P000235,3,2025-03-12,2025-04-12,2905,2025-03-12 06:00:00
P000235-04,P000235,4,2025-04-12,2025-05-12,2905,2025-04-12 06:00:00
P000235-05,P000235,5,2025-05-12,2025-06-12,2905,2025-05-12 06:00:00
P000235-06,P000235,6,2025-06-12,2025-07-12,2905,2025-06-12 06:00:00
P000235-07,P000235,7,2025-07-12,2025-08-12,2905,2025-07-12 06:00:00
P000235-08,P000235,8,2025-08-12,2025-09-12,2905,2025-08-12 06:00:00
P000236-01,P000236,1,2025-02-27,2025-03-27,94494,2025-02-27 06:00:00
P000236-02,P000236,2,2025-03-27,2025-04-27,94494,2025-03-27 06:00:00
P000236-03,P000236,3,2025-04-27,2025-05-27,94494,2025-04-27 06:00:00
P000236-04,P000236,4,2025-05-27,2025-06-27,94494,2025-05-27 06:00:00
P000236-05,P000236,5,2025-06-27,2025-07-27,94494,2025-06-27 06:00:00
P000236-06,P000236,6,2025-07-27,2025-08-27,94494,2025-07-27 06:00:00
P000236-07,P000236,7,2025-08-27,2025-09-27,94494,2025-08-27 06:00:00
P000236-08,P000236,8,2025-09-27,2025-10-27,94494,2025-09-27 06:00:00
P000236-09,P000236,9,2025-10-27,2025-11-27,94494,2025-10-27 06:00:00
P000236-10,P000236,10,2025-11-27,2025-12-27,94494,2025-11-27 06:00:00
P000236-11,P000236,11,2025-12-27,2026-01-27,94494,2025-12-27 06:00:00
P000237-01,P000237,1,2024-11-10,2024-12-10,18445,2024-11-10 06:00:00
P000237-02,P000237,2,2024-12-10,2025-01-10,18445,2024-12-10 06:00:00
P000237-03,P000237,3,2025-01-10,2025-02-10,18445,2025-01-10 06:00:00
P000237-04,P000237,4,2025-02-10,2025-03-10,18445,2025-02-10 06:00:00
P000237-05,P000237,5,2025-03-10,2025-04-10,18445,2025-03-10 06:00:00
P000237-06,P000237,6,2025-04-10,2025-05-10,18445,2025-04-10 06:00:00
P000237-07,P000237,7,2025-05-10,2025-06-10,18445,2025-05-10 06:00:00
P000237-08,P000237,8,2025-06-10,2025-07-10,18445,2025-06-10 06:00:00
P000237-09,P000237,9,2025-07-10,2025-08-10,18445,2025-07-10 06:00:00
P000237-10,P000237,10,2025-08-10,2025-09-10,19854,2025-08-10 06:00:00
P000237-11,P000237,11,2025-09-10,2025-10-10,19854,2025-09-10 06:00:00
P000237-12,P000237,12,2025-10-10,2025-11-10,19854,2025-10-10 06:00:00
P000238-01,P000238,1,2024-10-09,2024-11-09,11962,2024-10-09 06:00:00
P000238-02,P000238,2,2024-11-09,2024-12-09,11962,2024-11-09 06:00:00
P000238-03,P000238,3,2024-12-09,2025-01-09,11746,2024-12-09 06:00:00
P000238-04,P000238,4,2025-01-09,2025-02-09,11746,2025-01-09 06:00:00
P000238-05,P000238,5,2025-02-09,2025-03-09,11746,2025-02-09 06:00:00
P000238-06,P000238,6,2025-03-09,2025-04-09,11746,2025-03-09 06:00:00
P000238-07,P000238,7,2025-04-09,2025-05-09,11746,2025-04-09 06:00:00
P000238-08,P000238,8,2025-05-09,2025-06-09,11746,2025-05-09 06:00:00
P000238-09,P000238,9,2025-06-09,2025-07-09,11746,2025-06-09 06:00:00
P000238-10,P000238,10,2025-07-09,2025-08-09,11746,2025-07-09 06:00:00
P000238-11,P000238,11,2025-08-09,2025-09-09,11746,2025-08-09 06:00:00
P000238-12,P000238,12,2025-09-09,2025-10-09,11746,2025-09-09 06:00:00
P000238-12,P000238,12,2025-09-09,2025-10-09,11746,2025-09-12 06:00:00
P000239-01,P000239,1,2025-09-29,2025-10-29,55859,2025-09-29 06:00:00
P000239-02,P000239,2,2025-10-29,2025-11-29,55859,2025-10-29 06:00:00
P000240-01,P000240,1,2025-04-30,2025-05-30,16083,2025-04-30 06:00:00
P000240-02,P000240,2,2025-05-30,2025-06-30,16083,2025-05-30 06:00:00
P000240-03,P000240,3,2025-06-30,2025-07-30,16083,2025-06-30 06:00:00
P000240-04,P000240,4,2025-07-30,2025-08-30,16083,2025-07-30 06:00:00
P000240-05,P000240,5,2025-08-30,2025-09-30,16083,2025-08-30 06:00:00
P000240-06,P000240,6,2025-09-30,2025-10-30,16083,2025-09-30 06:00:00
P000240-07,P000240,7,2025-10-30,2025-11-30,16083,2025-10-30 06:00:00
P000240-08,P000240,8,2025-11-30,2025-12-30,16083,2025-11-30 06:00:00
P000240-09,P000240,9,2025-12-30,2026-01-30,16083,2025-12-30 06:00:00
P000241-01,P000241,1,2025-01-08,2025-02-08,13536,2025-01-08 06:00:00
P000241-02,P000241,2,2025-02-08,2025-03-08,13536,2025-02-08 06:00:00
P000241-03,P000241,3,2025-03-08,2025-04-08,13536,2025-03-08 06:00:00
P000241-04,P000241,4,2025-04-08,2025-05-08,13536,2025-04-08 06:00:00
P000241-05,P000241,5,2025-05-08,2025-06-08,13536,2025-05-08 06:00:00
P000241-06,P000241,6,2025-06-08,2025-07-08,13536,2025-06-08 06:00:00
P000241-07,P000241,7,2025-07-08,2025-08-08,13536,2025-07-08 06:00:00
P000241-08,P000241,8,2025-08-08,2025-09-08,13536,2025-08-08 06:00:00
P000241-09,P000241,9,2025-09-08,2025-10-08,13536,2025-09-08 06:00:00
P000241-10,P000241,10,2025-10-08,2025-11-08,13536,2025-10-08 06:00:00
P000241-11,P000241,11,2025-11-08,2025-12-08,16200,2025-11-08 06:00:00
P000241-12,P000241,12,2025-12-08,2026-01-08,16200,2025-12-08 06:00:00
P000242-01,P000242,1,2024-10-23,2024-11-23,13666,2024-10-23 06:00:00
P000242-01,P000242,1,2024-10-23,2024-11-23,13666,2024-10-26 06:00:00
P000242-02,P000242,2,2024-11-23,2024-12-23,13666,2024-11-23 06:00:00
P000242-03,P000242,3,2024-12-23,2025-01-23,13666,2024-12-23 06:00:00
P000242-04,P000242,4,2025-01-23,2025-02-23,13666,2025-01-23 06:00:00
P000242-05,P000242,5,2025-02-23,2025-03-23,13666,2025-02-23 06:00:00
P000242-06,P000242,6,2025-03-23,2025-04-23,13666,2025-03-23 06:00:00
P000242-07,P000242,7,2025-04-23,2025-05-23,13572,2025-04-23 06:00:00
P000242-08,P000242,8,2025-05-23,2025-06-23,13572,2025-05-23 06:00:00
P000242-09,P000242,9,2025-06-23,2025-07-23,13572,2025-06-23 06:00:00
P000242-10,P000242,10,2025-07-23,2025-08-23,13572,2025-07-23 06:00:00
P000242-11,P000242,11,2025-08-23,2025-09-23,13572,2025-08-23 06:00:00
P000242-12,P000242,12,2025-09-23,2025-10-23,13572,2025-09-23 06:00:00
P000243-01,P000243,1,2025-07-12,2025-08-12,2538,2025-07-12 06:00:00
P000243-02,P000243,2,2025-08-12,2025-09-12,2538,2025-08-12 06:00:00
P000243-03,P000243,3,2025-09-12,2025-10-12,2538,2025-09-12 06:00:00
P000243-04,P000243,4,2025-10-12,2025-11-12,2538,2025-10-12 06:00:00
P000243-05,P000243,5,2025-11-12,2025-12-12,2538,2025-11-12 06:00:00
P000243-06,P000243,6,2025-12-12,2026-01-12,2538,2025-12-12 06:00:00
P000244-01,P000244,1,2024-09-05,2024-10-05,12326,2024-09-05 06:00:00
P000244-02,P000244,2,2024-10-05,2024-11-05,12326,2024-10-05 06:00:00
P000244-03,P000244,3,2024-11-05,2024-12-05,12326,2024-11-05 06:00:00
P000244-04,P000244,4,2024-12-05,2025-01-05,12326,2024-12-05 06:00:00
P000244-05,P000244,5,2025-01-05,2025-02-05,12326,2025-01-05 06:00:00
P000244-06,P000244,6,2025-02-05,2025-03-05,12326,2025-02-05 06:00:00
P000244-07,P000244,7,2025-03-05,2025-04-05,12326,2025-03-05 06:00:00
P000244-08,P000244,8,2025-04-05,2025-05-05,12326,2025-04-05 06:00:00
P000244-09,P000244,9,2025-05-05,2025-06-05,12326,2025-05-05 06:00:00
P000244-10,P000244,10,2025-06-05,2025-07-05,12326,2025-06-05 06:00:00
P000244-11,P000244,11,2025-07-05,2025-08-05,12326,2025-07-05 06:00:00
P000244-12,P000244,12,2025-08-05,2025-09-05,12326,2025-08-05 06:00:00
P000245-01,P000245,1,2025-06-07,2025-07-07,16718,2025-06-07 06:00:00
P000245-02,P000245,2,2025-07-07,2025-08-07,16718,2025-07-07 06:00:00
P000245-03,P000245,3,2025-08-07,2025-09-07,16718,2025-08-07 06:00:00
P000245-04,P000245,4,2025-09-07,2025-10-07,16718,2025-09-07 06:00:00
P000245-05,P000245,5,2025-10-07,2025-11-07,16718,2025-10-07 06:00:00
P000245-06,P000245,6,2025-11-07,2025-12-07,16718,2025-11-07 06:00:00
P000245-07,P000245,7,2025-12-07,2026-01-07,16718,2025-12-07 06:00:00
P000246-01,P000246,1,2024-05-03,2024-06-03,11799,2024-05-03 06:00:00
P000246-02,P000246,2,2024-06-03,2024-07-03,11799,2024-06-03 06:00:00
P000246-03,P000246,3,2024-07-03,2024-08-03,11799,2024-07-03 06:00:00
P000246-04,P000246,4,2024-08-03,2024-09-03,13964,2024-08-03 06:00:00
P000246-05,P000246,5,2024-09-03,2024-10-03,13964,2024-09-03 06:00:00
P000246-06,P000246,6,2024-10-03,2024-11-03,13964,2024-10-03 06:00:00
P000246-07,P000246,7,2024-11-03,2024-12-03,13964,2024-11-03 06:00:00
P000246-08,P000246,8,2024-12-03,2025-01-03,13964,2024-12-03 06:00:00
P000246-09,P000246,9,2025-01-03,2025-02-03,13964,2025-01-03 06:00:00
P000246-10,P000246,10,2025-02-03,2025-03-03,13964,2025-02-03 06:00:00
P000246-11,P000246,11,2025-03-03,2025-04-03,13964,2025-03-03 06:00:00
P000246-12,P000246,12,2025-04-03,2025-05-03,13964,2025-04-03 06:00:00
P000247-01,P000247,1,2025-11-14,2025-12-14,7688,2025-11-14 06:00:00
P000247-02,P000247,2,2025-12-14,2026-01-14,7688,2025-12-14 06:00:00
P000248-01,P000248,1,2024-02-04,2024-03-04,26867,2024-02-04 06:00:00
P000248-01,P000248,1,2024-02-04,2024-03-04,26867,2024-02-07 06:00:00
P000248-02,P000248,2,2024-03-04,2024-04-04,26867,2024-03-04 06:00:00
P000248-03,P000248,3,2024-04-04,2024-05-04,26867,2024-04-04 06:00:00
P000248-04,P000248,4,2024-05-04,2024-06-04,26867,2024-05-04 06:00:00
P000248-05,P000248,5,2024-06-04,2024-07-04,26867,2024-06-04 06:00:00
P000248-06,P000248,6,2024-07-04,2024-08-04,26867,2024-07-04 06:00:00
P000248-07,P000248,7,2024-08-04,2024-09-04,26867,2024-08-04 06:00:00
P000248-08,P000248,8,2024-09-04,2024-10-04,26867,2024-09-04 06:00:00
P000248-09,P000248,9,2024-10-04,2024-11-04,26867,2024-10-04 06:00:00
P000248-10,P000248,10,2024-11-04,2024-12-04,26867,2024-11-04 06:00:00
P000248-11,P000248,11,2024-12-04,2025-01-04,26867,2024-12-04 06:00:00
P000248-12,P000248,12,2025-01-04,2025-02-04,26867,2025-01-04 06:00:00
P000249-01,P000249,1,2024-05-23,2024-06-23,53043,2024-05-23 06:00:00
P000249-02,P000249,2,2024-06-23,2024-07-23,53043,2024-06-23 06:00:00
P000249-03,P000249,3,2024-07-23,2024-08-23,53043,2024-07-23 06:00:00
P000249-04,P000249,4,2024-08-23,2024-09-23,53043,2024-08-23 06:00:00
P000249-05,P000249,5,2024-09-23,2024-10-23,53043,2024-09-23 06:00:00
P000249-06,P000249,6,2024-10-23,2024-11-23,53043,2024-10-23 06:00:00
P000249-07,P000249,7,2024-11-23,2024-12-23,53043,2024-11-23 06:00:00
P000249-08,P000249,8,2024-12-23,2025-01-23,53043,2024-12-23 06:00:00
P000249-09,P000249,9,2025-01-23,2025-02-23,53043,2025-01-23 06:00:00
P000249-10,P000249,10,2025-02-23,2025-03-23,53043,2025-02-23 06:00:00
P000249-11,P000249,11,2025-03-23,2025-04-23,53043,2025-03-23 06:00:00
P000249-12,P000249,12,2025-04-23,2025-05-23,53043,2025-04-23 06:00:00
P000250-01,P000250,1,2025-05-26,2025-06-26,3092,2025-05-26 06:00:00
P000250-02,P000250,2,2025-06-26,2025-07-26,3092,2025-06-26 06:00:00
P000250-03,P000250,3,2025-07-26,2025-08-26,3092,2025-07-26 06:00:00
P000250-04,P000250,4,2025-08-26,2025-09-26,3092,2025-08-26 06:00:00
P000250-05,P000250,5,2025-09-26,2025-10-26,3092,2025-09-26 06:00:00
P000250-06,P000250,6,2025-10-26,2025-11-26,3092,2025-10-26 06:00:00
P000250-07,P000250,7,2025-11-26,2025-12-26,3092,2025-11-26 06:00:00
P000250-08,P000250,8,2025-12-26,2026-01-26,3092,2025-12-26 06:00:00
P000251-01,P000251,1,2024-07-08,2024-08-08,14357,2024-07-08 06:00:00
P000251-02,P000251,2,2024-08-08,2024-09-08,14357,2024-08-08 06:00:00
P000251-03,P000251,3,2024-09-08,2024-10-08,14357,2024-09-08 06:00:00
P000251-04,P000251,4,2024-10-08,2024-11-08,14357,2024-10-08 06:00:00
P000251-05,P000251,5,2024-11-08,2024-12-08,14357,2024-11-08 06:00:00
P000251-06,P000251,6,2024-12-08,2025-01-08,14357,2024-12-08 06:00:00
P000251-07,P000251,7,2025-01-08,2025-02-08,14357,2025-01-08 06:00:00
P000251-08,P000251,8,2025-02-08,2025-03-08,14357,2025-02-08 06:00:00
P000251-09,P000251,9,2025-03-08,2025-04-08,14357,2025-03-08 06:00:00
P000251-10,P000251,10,2025-04-08,2025-05-08,14357,2025-04-08 06:00:00
P000251-11,P000251,11,2025-05-08,2025-06-08,14357,2025-05-08 06:00:00
P000251-12,P000251,12,2025-06-08,2025-07-08,14965,2025-06-08 06:00:00
P000252-01,P000252,1,2024-06-10,2024-07-10,70622,2024-06-10 06:00:00
P000252-02,P000252,2,2024-07-10,2024-08-10,70622,2024-07-10 06:00:00
P000252-03,P000252,3,2024-08-10,2024-09-10,70622,2024-08-10 06:00:00
P000252-04,P000252,4,2024-09-10,2024-10-10,70622,2024-09-10 06:00:00
P000252-05,P000252,5,2024-10-10,2024-11-10,70622,2024-10-10 06:00:00
P000252-06,P000252,6,2024-11-10,2024-12-10,70622,2024-11-10 06:00:00
P000252-07,P000252,7,2024-12-10,2025-01-10,70622,2024-12-10 06:00:00
P000252-08,P000252,8,2025-01-10,2025-02-10,70622,2025-01-10 06:00:00
P000252-09,P000252,9,2025-02-10,2025-03-10,70622,2025-02-10 06:00:00
P000252-10,P000252,10,2025-03-10,2025-04-10,70622,2025-03-10 06:00:00
P000252-11,P000252,11,2025-04-10,2025-05-10,70622,2025-04-10 06:00:00
P000252-12,P000252,12,2025-05-10,2025-06-10,70622,2025-05-10 06:00:00
P000253-01,P000253,1,2025-07-31,2025-08-31,16721,2025-07-31 06:00:00
P000253-02,P000253,2,2025-08-31,2025-09-30,16721,2025-08-31 06:00:00
P000253-03,P000253,3,2025-09-30,2025-10-31,16721,2025-09-30 06:00:00
P000253-04,P000253,4,2025-10-31,2025-11-30,16721,2025-10-31 06:00:00
P000253-05,P000253,5,2025-11-30,2025-12-31,16721,2025-11-30 06:00:00
P000253-06,P000253,6,2025-12-31,2026-01-31,17384,2025-12-31 06:00:00
P000254-01,P000254,1,2025-09-22,2025-10-22,20808,2025-09-22 06:00:00
P000254-02,P000254,2,2025-10-22,2025-11-22,24530,2025-10-22 06:00:00
P000254-03,P000254,3,2025-11-22,2025-12-22,24530,2025-11-22 06:00:00
P000254-04,P000254,4,2025-12-22,2026-01-22,24530,2025-12-22 06:00:00
P000255-01,P000255,1,2024-10-16,2024-11-16,11102,2024-10-16 06:00:00
P000255-02,P000255,2,2024-11-16,2024-12-16,11102,2024-11-16 06:00:00
P000255-03,P000255,3,2024-12-16,2025-01-16,11102,2024-12-16 06:00:00
P000255-04,P000255,4,2025-01-16,2025-02-16,11102,2025-01-16 06:00:00
P000255-05,P000255,5,2025-02-16,2025-03-16,11102,2025-02-16 06:00:00
P000255-06,P000255,6,2025-03-16,2025-04-16,11102,2025-03-16 06:00:00
P000255-07,P000255,7,2025-04-16,2025-05-16,11102,2025-04-16 06:00:00
P000255-08,P000255,8,2025-05-16,2025-06-16,11102,2025-05-16 06:00:00
P000255-09,P000255,9,2025-06-16,2025-07-16,11102,2025-06-16 06:00:00
P000255-10,P000255,10,2025-07-16,2025-08-16,11102,2025-07-16 06:00:00
P000255-11,P000255,11,2025-08-16,2025-09-16,11102,2025-08-16 06:00:00
P000255-12,P000255,12,2025-09-16,2025-10-16,11102,2025-09-16 06:00:00
P000256-01,P000256,1,2024-10-11,2024-11-11,12315,2024-10-11 06:00:00
P000256-02,P000256,2,2024-11-11,2024-12-11,12315,2024-11-11 06:00:00
P000256-03,P000256,3,2024-12-11,2025-01-11,12315,2024-12-11 06:00:00
P000256-04,P000256,4,2025-01-11,2025-02-11,12315,2025-01-11 06:00:00
P000256-05,P000256,5,2025-02-11,2025-03-11,12315,2025-02-11 06:00:00
P000256-06,P000256,6,2025-03-11,2025-04-11,12315,2025-03-11 06:00:00
P000256-07,P000256,7,2025-04-11,2025-05-11,12315,2025-04-11 06:00:00
P000256-08,P000256,8,2025-05-11,2025-06-11,12315,2025-05-11 06:00:00
P000256-09,P000256,9,2025-06-11,2025-07-11,11678,2025-06-11 06:00:00
P000256-10,P000256,10,2025-07-11,2025-08-11,11678,2025-07-11 06:00:00
P000256-11,P000256,11,2025-08-11,2025-09-11,11678,2025-08-11 06:00:00
P000256-12,P000256,12,2025-09-11,2025-10-11,11678,2025-09-11 06:00:00
P000257-01,P000257,1,2025-07-09,2025-08-09,46202,2025-07-09 06:00:00
P000257-02,P000257,2,2025-08-09,2025-09-09,46202,2025-08-09 06:00:00
P000257-03,P000257,3,2025-09-09,2025-10-09,46202,2025-09-09 06:00:00
P000257-04,P000257,4,2025-10-09,2025-11-09,46202,2025-10-09 06:00:00
P000257-05,P000257,5,2025-11-09,2025-12-09,45180,2025-11-09 06:00:00
P000257-06,P000257,6,2025-12-09,2026-01-09,45180,2025-12-09 06:00:00
P000258-01,P000258,1,2024-10-10,2024-11-10,82832,2024-10-10 06:00:00
P000258-02,P000258,2,2024-11-10,2024-12-10,82832,2024-11-10 06:00:00
P000258-03,P000258,3,2024-12-10,2025-01-10,82832,2024-12-10 06:00:00
P000258-04,P000258,4,2025-01-10,2025-02-10,82832,2025-01-10 06:00:00
P000258-05,P000258,5,2025-02-10,2025-03-10,82832,2025-02-10 06:00:00
P000258-06,P000258,6,2025-03-10,2025-04-10,82832,2025-03-10 06:00:00
P000258-07,P000258,7,2025-04-10,2025-05-10,82832,2025-04-10 06:00:00
P000258-08,P000258,8,2025-05-10,2025-06-10,82832,2025-05-10 06:00:00
P000258-09,P000258,9,2025-06-10,2025-07-10,82832,2025-06-10 06:00:00
P000258-10,P000258,10,2025-07-10,2025-08-10,82832,2025-07-10 06:00:00
P000258-11,P000258,11,2025-08-10,2025-09-10,82832,2025-08-10 06:00:00
P000258-12,P000258,12,2025-09-10,2025-10-10,82832,2025-09-10 06:00:00
P000259-01,P000259,1,2024-04-25,2024-05-25,15093,2024-04-25 06:00:00
P000259-02,P000259,2,2024-05-25,2024-06-25,15093,2024-05-25 06:00:00
P000259-03,P000259,3,2024-06-25,2024-07-25,15093,2024-06-25 06:00:00
P000259-04,P000259,4,2024-07-25,2024-08-25,15093,2024-07-25 06:00:00
P000259-05,P000259,5,2024-08-25,2024-09-25,15093,2024-08-25 06:00:00
P000259-06,P000259,6,2024-09-25,2024-10-25,15093,2024-09-25 06:00:00
P000259-07,P000259,7,2024-10-25,2024-11-25,15093,2024-10-25 06:00:00
P000259-08,P000259,8,2024-11-25,2024-12-25,15093,2024-11-25 06:00:00
P000259-09,P000259,9,2024-12-25,2025-01-25,15093,2024-12-25 06:00:00
P000259-10,P000259,10,2025-01-25,2025-02-25,15093,2025-01-25 06:00:00
P000259-11,P000259,11,2025-02-25,2025-03-25,15093,2025-02-25 06:00:00
P000259-12,P000259,12,2025-03-25,2025-04-25,15093,2025-03-25 06:00:00
P000260-01,P000260,1,2024-08-04,2024-09-04,15284,2024-08-04 06:00:00
P000260-02,P000260,2,2024-09-04,2024-10-04,15284,2024-09-04 06:00:00
P000260-03,P000260,3,2024-10-04,2024-11-04,15284,2024-10-04 06:00:00
P000260-04,P000260,4,2024-11-04,2024-12-04,15284,2024-11-04 06:00:00
P000260-05,P000260,5,2024-12-04,2025-01-04,15284,2024-12-04 06:00:00
P000260-06,P000260,6,2025-01-04,2025-02-04,15284,2025-01-04 06:00:00
P000260-07,P000260,7,2025-02-04,2025-03-04,15284,2025-02-04 06:00:00
P000260-08,P000260,8,2025-03-04,2025-04-04,15284,2025-03-04 06:00:00
P000260-09,P000260,9,2025-04-04,2025-05-04,15284,2025-04-04 06:00:00
P000260-10,P000260,10,2025-05-04,2025-06-04,15284,2025-05-04 06:00:00
P000260-11,P000260,11,2025-06-04,2025-07-04,15284,2025-06-04 06:00:00
P000260-12,P000260,12,2025-07-04,2025-08-04,15284,2025-07-04 06:00:00
P000261-01,P000261,1,2025-09-11,2025-10-11,1261,2025-09-11 06:00:00
P000261-02,P000261,2,2025-10-11,2025-11-11,1261,2025-10-11 06:00:00
P000261-03,P000261,3,2025-11-11,2025-12-11,1261,2025-11-11 06:00:00
P000261-04,P000261,4,2025-12-11,2026-01-11,1261,2025-12-11 06:00:00
P000262-01,P000262,1,2025-08-12,2025-09-12,55490,2025-08-12 06:00:00
P000262-02,P000262,2,2025-09-12,2025-10-12,55490,2025-09-12 06:00:00
P000262-03,P000262,3,2025-10-12,2025-11-12,55490,2025-10-12 06:00:00
P000262-04,P000262,4,2025-11-12,2025-12-12,55490,2025-11-12 06:00:00
P000262-05,P000262,5,2025-12-12,2026-01-12,55490,2025-12-12 06:00:00
P000263-01,P000263,1,2024-03-15,2024-04-15,10509,2024-03-15 06:00:00
P000263-02,P000263,2,2024-04-15,2024-05-15,10509,2024-04-15 06:00:00
P000263-03,P000263,3,2024-05-15,2024-06-15,10509,2024-05-15 06:00:00
P000263-04,P000263,4,2024-06-15,2024-07-15,10509,2024-06-15 06:00:00
P000263-05,P000263,5,2024-07-15,2024-08-15,10509,2024-07-15 06:00:00
P000263-06,P000263,6,2024-08-15,2024-09-15,10509,2024-08-15 06:00:00
P000263-07,P000263,7,2024-09-15,2024-10-15,10509,2024-09-15 06:00:00
P000263-08,P000263,8,2024-10-15,2024-11-15,10509,2024-10-15 06:00:00
P000263-09,P000263,9,2024-11-15,2024-12-15,10509,2024-11-15 06:00:00
P000263-10,P000263,10,2024-12-15,2025-01-15,10509,2024-12-15 06:00:00
P000263-11,P000263,11,2025-01-15,2025-02-15,10509,2025-01-15 06:00:00
P000263-12,P000263,12,2025-02-15,2025-03-15,10509,2025-02-15 06:00:00
P000264-01,P000264,1,2025-01-13,2025-02-13,88720,2025-01-13 06:00:00
P000264-02,P000264,2,2025-02-13,2025-03-13,88720,2025-02-13 06:00:00
P000264-03,P000264,3,2025-03-13,2025-04-13,88720,2025-03-13 06:00:00
P000264-04,P000264,4,2025-04-13,2025-05-13,88720,2025-04-13 06:00:00
P000264-05,P000264,5,2025-05-13,2025-06-13,88720,2025-05-13 06:00:00
P000264-06,P000264,6,2025-06-13,2025-07-13,88720,2025-06-13 06:00:00
P000264-07,P000264,7,2025-07-13,2025-08-13,88720,2025-07-13 06:00:00
P000264-08,P000264,8,2025-08-13,2025-09-13,88720,2025-08-13 06:00:00
P000264-09,P000264,9,2025-09-13,2025-10-13,88720,2025-09-13 06:00:00
P000264-10,P000264,10,2025-10-13,2025-11-13,88720,2025-10-13 06:00:00
P000264-11,P000264,11,2025-11-13,2025-12-13,88720,2025-11-13 06:00:00
P000264-12,P000264,12,2025-12-13,2026-01-13,88720,2025-12-13 06:00:00
P000265-01,P000265,1,2025-06-09,2025-07-09,16245,2025-06-09 06:00:00
P000265-02,P000265,2,2025-07-09,2025-08-09,16245,2025-07-09 06:00:00
P000265-03,P000265,3,2025-08-09,2025-09-09,16245,2025-08-09 06:00:00
P000265-04,P000265,4,2025-09-09,2025-10-09,16245,2025-09-09 06:00:00
P000265-05,P000265,5,2025-10-09,2025-11-09,16245,2025-10-09 06:00:00
P000265-06,P000265,6,2025-11-09,2025-12-09,16245,2025-11-09 06:00:00
P000265-07,P000265,7,2025-12-09,2026-01-09,16245,2025-12-09 06:00:00
P000265-07,P000265,7,2025-12-09,2026-01-09,16245,2025-12-12 06:00:00
P000266-01,P000266,1,2024-08-13,2024-09-13,16597,2024-08-13 06:00:00
P000266-02,P000266,2,2024-09-13,2024-10-13,16597,2024-09-13 06:00:00
P000266-03,P000266,3,2024-10-13,2024-11-13,16597,2024-10-13 06:00:00
P000267-01,P000267,1,2024-08-28,2024-09-28,2430,2024-08-28 06:00:00
P000267-02,P000267,2,2024-09-28,2024-10-28,2430,2024-09-28 06:00:00
P000267-03,P000267,3,2024-10-28,2024-11-28,2430,2024-10-28 06:00:00
P000267-04,P000267,4,2024-11-28,2024-12-28,2430,2024-11-28 06:00:00
P000267-05,P000267,5,2024-12-28,2025-01-28,2430,2024-12-28 06:00:00
P000267-06,P000267,6,2025-01-28,2025-02-28,2430,2025-01-28 06:00:00
P000267-07,P000267,7,2025-02-28,2025-03-28,2430,2025-02-28 06:00:00
P000267-08,P000267,8,2025-03-28,2025-04-28,2430,2025-03-28 06:00:00
P000267-09,P000267,9,2025-04-28,2025-05-28,2430,2025-04-28 06:00:00
P000267-10,P000267,10,2025-05-28,2025-06-28,2430,2025-05-28 06:00:00
P000267-11,P000267,11,2025-06-28,2025-07-28,2430,2025-06-28 06:00:00
P000267-12,P000267,12,2025-07-28,2025-08-28,2430,2025-07-28 06:00:00
P000268-01,P000268,1,2024-02-16,2024-03-16,1885,2024-02-16 06:00:00
P000268-02,P000268,2,2024-03-16,2024-04-16,1885,2024-03-16 06:00:00
P000268-03,P000268,3,2024-04-16,2024-05-16,1885,2024-04-16 06:00:00
P000268-04,P000268,4,2024-05-16,2024-06-16,1885,2024-05-16 06:00:00
P000268-05,P000268,5,2024-06-16,2024-07-16,1885,2024-06-16 06:00:00
P000268-06,P000268,6,2024-07-16,2024-08-16,1885,2024-07-16 06:00:00
P000268-07,P000268,7,2024-08-16,2024-09-16,1885,2024-08-16 06:00:00
P000268-08,P000268,8,2024-09-16,2024-10-16,1885,2024-09-16 06:00:00
P000268-09,P000268,9,2024-10-16,2024-11-16,1885,2024-10-16 06:00:00
P000268-10,P000268,10,2024-11-16,2024-12-16,1885,2024-11-16 06:00:00
P000268-11,P000268,11,2024-12-16,2025-01-16,1885,2024-12-16 06:00:00
P000268-12,P000268,12,2025-01-16,2025-02-16,1674,2025-01-16 06:00:00
P000269-01,P000269,1,2025-02-27,2025-03-27,9494,2025-02-27 06:00:00
P000269-02,P000269,2,2025-03-27,2025-04-27,9494,2025-03-27 06:00:00
P000269-03,P000269,3,2025-04-27,2025-05-27,9494,2025-04-27 06:00:00
P000269-04,P000269,4,2025-05-27,2025-06-27,9494,2025-05-27 06:00:00
P000269-05,P000269,5,2025-06-27,2025-07-27,9494,2025-06-27 06:00:00
P000269-06,P000269,6,2025-07-27,2025-08-27,9494,2025-07-27 06:00:00
P000269-07,P000269,7,2025-08-27,2025-09-27,9494,2025-08-27 06:00:00
P000269-08,P000269,8,2025-09-27,2025-10-27,9494,2025-09-27 06:00:00
P000269-09,P000269,9,2025-10-27,2025-11-27,9494,2025-10-27 06:00:00
P000269-10,P000269,10,2025-11-27,2025-12-27,9163,2025-11-27 06:00:00
P000269-11,P000269,11,2025-12-27,2026-01-27,9163,2025-12-27 06:00:00
P000270-01,P000270,1,2025-07-08,2025-08-08,12302,2025-07-08 06:00:00
P000270-02,P000270,2,2025-08-08,2025-09-08,12302,2025-08-08 06:00:00
P000270-03,P000270,3,2025-09-08,2025-10-08,12302,2025-09-08 06:00:00
P000270-04,P000270,4,2025-10-08,2025-11-08,12302,2025-10-08 06:00:00
P000270-05,P000270,5,2025-11-08,2025-12-08,12302,2025-11-08 06:00:00
P000270-06,P000270,6,2025-12-08,2026-01-08,12302,2025-12-08 06:00:00
P000271-01,P000271,1,2025-02-20,2025-03-20,12273,2025-02-20 06:00:00
P000271-02,P000271,2,2025-03-20,2025-04-20,12273,2025-03-20 06:00:00
P000271-03,P000271,3,2025-04-20,2025-05-20,12273,2025-04-20 06:00:00
P000271-04,P000271,4,2025-05-20,2025-06-20,12273,2025-05-20 06:00:00
P000271-05,P000271,5,2025-06-20,2025-07-20,12273,2025-06-20 06:00:00
P000271-06,P000271,6,2025-07-20,2025-08-20,12273,2025-07-20 06:00:00
P000271-07,P000271,7,2025-08-20,2025-09-20,12273,2025-08-20 06:00:00
P000271-08,P000271,8,2025-09-20,2025-10-20,12273,2025-09-20 06:00:00
P000271-09,P000271,9,2025-10-20,2025-11-20,12273,2025-10-20 06:00:00
P000271-10,P000271,10,2025-11-20,2025-12-20,12273,2025-11-20 06:00:00
P000271-11,P000271,11,2025-12-20,2026-01-20,12273,2025-12-20 06:00:00
P000272-01,P000272,1,2024-07-31,2024-08-31,20384,2024-07-31 06:00:00
P000272-02,P000272,2,2024-08-31,2024-09-30,20384,2024-08-31 06:00:00
P000272-03,P000272,3,2024-09-30,2024-10-31,20384,2024-09-30 06:00:00
P000272-04,P000272,4,2024-10-31,2024-11-30,20384,2024-10-31 06:00:00
P000272-05,P000272,5,2024-11-30,2024-12-31,20384,2024-11-30 06:00:00
P000272-06,P000272,6,2024-12-31,2025-01-31,20384,2024-12-31 06:00:00
P000272-07,P000272,7,2025-01-31,2025-02-28,20384,2025-01-31 06:00:00
P000272-08,P000272,8,2025-02-28,2025-03-31,20384,2025-02-28 06:00:00
P000272-09,P000272,9,2025-03-31,2025-04-30,20384,2025-03-31 06:00:00
P000272-10,P000272,10,2025-04-30,2025-05-31,20384,2025-04-30 06:00:00
P000272-10,P000272,10,2025-04-30,2025-05-31,20384,2025-05-03 06:00:00
P000272-11,P000272,11,2025-05-31,2025-06-30,20384,2025-05-31 06:00:00
P000272-12,P000272,12,2025-06-30,2025-07-31,20384,2025-06-30 06:00:00
P000273-01,P000273,1,2024-02-09,2024-03-09,78626,2024-02-09 06:00:00
P000273-02,P000273,2,2024-03-09,2024-04-09,78626,2024-03-09 06:00:00
P000273-03,P000273,3,2024-04-09,2024-05-09,78626,2024-04-09 06:00:00
P000273-04,P000273,4,2024-05-09,2024-06-09,78626,2024-05-09 06:00:00
P000273-05,P000273,5,2024-06-09,2024-07-09,78626,2024-06-09 06:00:00
P000273-06,P000273,6,2024-07-09,2024-08-09,78626,2024-07-09 06:00:00
P000273-07,P000273,7,2024-08-09,2024-09-09,78626,2024-08-09 06:00:00
P000273-08,P000273,8,2024-09-09,2024-10-09,78626,2024-09-09 06:00:00
P000273-09,P000273,9,2024-10-09,2024-11-09,94798,2024-10-09 06:00:00
P000273-10,P000273,10,2024-11-09,2024-12-09,94798,2024-11-09 06:00:00
P000273-11,P000273,11,2024-12-09,2025-01-09,94798,2024-12-09 06:00:00
P000273-12,P000273,12,2025-01-09,2025-02-09,94798,2025-01-09 06:00:00
P000274-01,P000274,1,2025-01-29,2025-02-28,17205,2025-01-29 06:00:00
P000274-02,P000274,2,2025-02-28,2025-03-29,17205,2025-02-28 06:00:00
P000274-03,P000274,3,2025-03-29,2025-04-29,17205,2025-03-29 06:00:00
P000274-04,P000274,4,2025-04-29,2025-05-29,17205,2025-04-29 06:00:00
P000274-05,P000274,5,2025-05-29,2025-06-29,17205,2025-05-29 06:00:00
P000274-06,P000274,6,2025-06-29,2025-07-29,17205,2025-06-29 06:00:00
P000274-07,P000274,7,2025-07-29,2025-08-29,17205,2025-07-29 06:00:00
P000274-08,P000274,8,2025-08-29,2025-09-29,17205,2025-08-29 06:00:00
P000274-09,P000274,9,2025-09-29,2025-10-29,17205,2025-09-29 06:00:00
P000274-10,P000274,10,2025-10-29,2025-11-29,17205,2025-10-29 06:00:00
P000274-11,P000274,11,2025-11-29,2025-12-29,17205,2025-11-29 06:00:00
P000274-12,P000274,12,2025-12-29,2026-01-29,17205,2025-12-29 06:00:00
P000275-01,P000275,1,2025-10-24,2025-11-24,9695,2025-10-24 06:00:00
P000275-02,P000275,2,2025-11-24,2025-12-24,9695,2025-11-24 06:00:00
P000275-03,P000275,3,2025-12-24,2026-01-24,9695,2025-12-24 06:00:00
P000276-01,P000276,1,2025-07-12,2025-08-12,32245,2025-07-12 06:00:00
P000276-02,P000276,2,2025-08-12,2025-09-12,32245,2025-08-12 06:00:00
P000277-01,P000277,1,2024-12-06,2025-01-06,1653,2024-12-06 06:00:00
P000277-02,P000277,2,2025-01-06,2025-02-06,1653,2025-01-06 06:00:00
P000277-03,P000277,3,2025-02-06,2025-03-06,1653,2025-02-06 06:00:00
P000277-04,P000277,4,2025-03-06,2025-04-06,1653,2025-03-06 06:00:00
P000277-05,P000277,5,2025-04-06,2025-05-06,1653,2025-04-06 06:00:00
P000277-06,P000277,6,2025-05-06,2025-06-06,1653,2025-05-06 06:00:00
P000277-07,P000277,7,2025-06-06,2025-07-06,1653,2025-06-06 06:00:00
P000277-08,P000277,8,2025-07-06,2025-08-06,1653,2025-07-06 06:00:00
P000277-09,P000277,9,2025-08-06,2025-09-06,1653,2025-08-06 06:00:00
P000277-10,P000277,10,2025-09-06,2025-10-06,1653,2025-09-06 06:00:00
P000278-01,P000278,1,2025-04-22,2025-05-22,12846,2025-04-22 06:00:00
P000278-02,P000278,2,2025-05-22,2025-06-22,12846,2025-05-22 06:00:00
P000278-03,P000278,3,2025-06-22,2025-07-22,12846,2025-06-22 06:00:00
P000278-04,P000278,4,2025-07-22,2025-08-22,12846,2025-07-22 06:00:00
P000278-05,P000278,5,2025-08-22,2025-09-22,14948,2025-08-22 06:00:00
P000278-06,P000278,6,2025-09-22,2025-10-22,14948,2025-09-22 06:00:00
P000278-07,P000278,7,2025-10-22,2025-11-22,14948,2025-10-22 06:00:00
P000278-08,P000278,8,2025-11-22,2025-12-22,14948,2025-11-22 06:00:00
P000278-09,P000278,9,2025-12-22,2026-01-22,14948,2025-12-22 06:00:00
P000279-01,P000279,1,2024-10-20,2024-11-20,9935,2024-10-20 06:00:00
P000279-02,P000279,2,2024-11-20,2024-12-20,9935,2024-11-20 06:00:00
P000279-03,P000279,3,2024-12-20,2025-01-20,9935,2024-12-20 06:00:00
P000279-04,P000279,4,2025-01-20,2025-02-20,9935,2025-01-20 06:00:00
P000279-05,P000279,5,2025-02-20,2025-03-20,9935,2025-02-20 06:00:00
P000279-06,P000279,6,2025-03-20,2025-04-20,9935,2025-03-20 06:00:00
P000279-07,P000279,7,2025-04-20,2025-05-20,10048,2025-04-20 06:00:00
P000279-08,P000279,8,2025-05-20,2025-06-20,10048,2025-05-20 06:00:00
P000279-09,P000279,9,2025-06-20,2025-07-20,10048,2025-06-20 06:00:00
P000279-10,P000279,10,2025-07-20,2025-08-20,10048,2025-07-20 06:00:00
P000279-11,P000279,11,2025-08-20,2025-09-20,10048,2025-08-20 06:00:00
P000279-12,P000279,12,2025-09-20,2025-10-20,10048,2025-09-20 06:00:00
P000280-01,P000280,1,2025-05-30,2025-06-30,16350,2025-05-30 06:00:00
P000280-02,P000280,2,2025-06-30,2025-07-30,16350,2025-06-30 06:00:00
P000280-03,P000280,3,2025-07-30,2025-08-30,16350,2025-07-30 06:00:00
P000281-01,P000281,1,2025-11-05,2025-12-05,15600,2025-11-05 06:00:00
P000281-02,P000281,2,2025-12-05,2026-01-05,15600,2025-12-05 06:00:00
P000282-01,P000282,1,2025-07-13,2025-08-13,14890,2025-07-13 06:00:00
P000282-02,P000282,2,2025-08-13,2025-09-13,14890,2025-08-13 06:00:00
P000282-03,P000282,3,2025-09-13,2025-10-13,14890,2025-09-13 06:00:00
P000282-04,P000282,4,2025-10-13,2025-11-13,14890,2025-10-13 06:00:00
P000282-05,P000282,5,2025-11-13,2025-12-13,14890,2025-11-13 06:00:00
P000282-06,P000282,6,2025-12-13,2026-01-13,14890,2025-12-13 06:00:00
P000283-01,P000283,1,2025-11-05,2025-12-05,13672,2025-11-05 06:00:00
P000283-01,P000283,1,2025-11-05,2025-12-05,13672,2025-11-08 06:00:00
P000283-02,P000283,2,2025-12-05,2026-01-05,13672,2025-12-05 06:00:00
P000284-01,P000284,1,2025-02-07,2025-03-07,23020,2025-02-07 06:00:00
P000284-02,P000284,2,2025-03-07,2025-04-07,23020,2025-03-07 06:00:00
P000284-03,P000284,3,2025-04-07,2025-05-07,23020,2025-04-07 06:00:00
P000284-04,P000284,4,2025-05-07,2025-06-07,27241,2025-05-07 06:00:00
P000284-05,P000284,5,2025-06-07,2025-07-07,27241,2025-06-07 06:00:00
P000284-06,P000284,6,2025-07-07,2025-08-07,27241,2025-07-07 06:00:00
P000284-07,P000284,7,2025-08-07,2025-09-07,27241,2025-08-07 06:00:00
P000284-08,P000284,8,2025-09-07,2025-10-07,27241,2025-09-07 06:00:00
P000284-09,P000284,9,2025-10-07,2025-11-07,27241,2025-10-07 06:00:00
P000284-10,P000284,10,2025-11-07,2025-12-07,27241,2025-11-07 06:00:00
P000284-11,P000284,11,2025-12-07,2026-01-07,27241,2025-12-07 06:00:00
P000285-01,P000285,1,2024-03-20,2024-04-20,85114,2024-03-20 06:00:00
P000285-02,P000285,2,2024-04-20,2024-05-20,85114,2024-04-20 06:00:00
P000285-03,P000285,3,2024-05-20,2024-06-20,85114,2024-05-20 06:00:00
P000285-04,P000285,4,2024-06-20,2024-07-20,85114,2024-06-20 06:00:00
P000285-05,P000285,5,2024-07-20,2024-08-20,96166,2024-07-20 06:00:00
P000285-06,P000285,6,2024-08-20,2024-09-20,96166,2024-08-20 06:00:00
P000285-07,P000285,7,2024-09-20,2024-10-20,96166,2024-09-20 06:00:00
P000285-08,P000285,8,2024-10-20,2024-11-20,96166,2024-10-20 06:00:00
P000285-09,P000285,9,2024-11-20,2024-12-20,96166,2024-11-20 06:00:00
P000285-10,P000285,10,2024-12-20,2025-01-20,96166,2024-12-20 06:00:00
P000285-11,P000285,11,2025-01-20,2025-02-20,96166,2025-01-20 06:00:00
P000285-12,P000285,12,2025-02-20,2025-03-20,96166,2025-02-20 06:00:00
P000286-01,P000286,1,2025-04-10,2025-05-10,17021,2025-04-10 06:00:00
P000286-02,P000286,2,2025-05-10,2025-06-10,17021,2025-05-10 06:00:00
P000286-03,P000286,3,2025-06-10,2025-07-10,17021,2025-06-10 06:00:00
P000286-04,P000286,4,2025-07-10,2025-08-10,17021,2025-07-10 06:00:00
P000286-05,P000286,5,2025-08-10,2025-09-10,17021,2025-08-10 06:00:00
P000286-06,P000286,6,2025-09-10,2025-10-10,17021,2025-09-10 06:00:00
P000286-07,P000286,7,2025-10-10,2025-11-10,17021,2025-10-10 06:00:00
P000286-08,P000286,8,2025-11-10,2025-12-10,17021,2025-11-10 06:00:00
P000286-09,P000286,9,2025-12-10,2026-01-10,17021,2025-12-10 06:00:00
P000287-01,P000287,1,2025-08-27,2025-09-27,45745,2025-08-27 06:00:00
P000287-02,P000287,2,2025-09-27,2025-10-27,45745,2025-09-27 06:00:00
P000287-03,P000287,3,2025-10-27,2025-11-27,45745,2025-10-27 06:00:00
P000287-04,P000287,4,2025-11-27,2025-12-27,45745,2025-11-27 06:00:00
P000287-05,P000287,5,2025-12-27,2026-01-27,45745,2025-12-27 06:00:00
P000288-01,P000288,1,2024-09-30,2024-10-30,9417,2024-09-30 06:00:00
P000288-02,P000288,2,2024-10-30,2024-11-30,9417,2024-10-30 06:00:00
P000288-03,P000288,3,2024-11-30,2024-12-30,8897,2024-11-30 06:00:00
P000288-04,P000288,4,2024-12-30,2025-01-30,8897,2024-12-30 06:00:00
P000288-05,P000288,5,2025-01-30,2025-02-28,8897,2025-01-30 06:00:00
P000288-06,P000288,6,2025-02-28,2025-03-30,8897,2025-02-28 06:00:00
P000288-07,P000288,7,2025-03-30,2025-04-30,8897,2025-03-30 06:00:00
P000288-08,P000288,8,2025-04-30,2025-05-30,8897,2025-04-30 06:00:00
P000288-09,P000288,9,2025-05-30,2025-06-30,8897,2025-05-30 06:00:00
P000288-10,P000288,10,2025-06-30,2025-07-30,8897,2025-06-30 06:00:00
P000288-11,P000288,11,2025-07-30,2025-08-30,8897,2025-07-30 06:00:00
P000288-12,P000288,12,2025-08-30,2025-09-30,8897,2025-08-30 06:00:00
P000289-01,P000289,1,2025-09-15,2025-10-15,15208,2025-09-15 06:00:00
P000289-02,P000289,2,2025-10-15,2025-11-15,15208,2025-10-15 06:00:00
P000289-03,P000289,3,2025-11-15,2025-12-15,13829,2025-11-15 06:00:00
P000289-04,P000289,4,2025-12-15,2026-01-15,13829,2025-12-15 06:00:00
P000290-01,P000290,1,2024-02-20,2024-03-20,71466,2024-02-20 06:00:00
P000290-02,P000290,2,2024-03-20,2024-04-20,71466,2024-03-20 06:00:00
P000290-03,P000290,3,2024-04-20,2024-05-20,71466,2024-04-20 06:00:00
P000290-04,P000290,4,2024-05-20,2024-06-20,71466,2024-05-20 06:00:00
P000290-05,P000290,5,2024-06-20,2024-07-20,71466,2024-06-20 06:00:00
P000290-06,P000290,6,2024-07-20,2024-08-20,71466,2024-07-20 06:00:00
P000290-07,P000290,7,2024-08-20,2024-09-20,71466,2024-08-20 06:00:00
P000290-08,P000290,8,2024-09-20,2024-10-20,71466,2024-09-20 06:00:00
P000290-09,P000290,9,2024-10-20,2024-11-20,71466,2024-10-20 06:00:00
P000290-10,P000290,10,2024-11-20,2024-12-20,71466,2024-11-20 06:00:00
P000290-11,P000290,11,2024-12-20,2025-01-20,71466,2024-12-20 06:00:00
P000290-12,P000290,12,2025-01-20,2025-02-20,71466,2025-01-20 06:00:00
P000291-01,P000291,1,2024-03-06,2024-04-06,13908,2024-03-06 06:00:00
P000291-02,P000291,2,2024-04-06,2024-05-06,13908,2024-04-06 06:00:00
P000291-03,P000291,3,2024-05-06,2024-06-06,13908,2024-05-06 06:00:00
P000291-04,P000291,4,2024-06-06,2024-07-06,13908,2024-06-06 06:00:00
P000291-05,P000291,5,2024-07-06,2024-08-06,13908,2024-07-06 06:00:00
P000291-06,P000291,6,2024-08-06,2024-09-06,13908,2024-08-06 06:00:00
P000291-07,P000291,7,2024-09-06,2024-10-06,13908,2024-09-06 06:00:00
P000291-08,P000291,8,2024-10-06,2024-11-06,13908,2024-10-06 06:00:00
P000291-09,P000291,9,2024-11-06,2024-12-06,13908,2024-11-06 06:00:00
P000291-10,P000291,10,2024-12-06,2025-01-06,13908,2024-12-06 06:00:00
P000291-11,P000291,11,2025-01-06,2025-02-06,16472,2025-01-06 06:00:00
P000291-12,P000291,12,2025-02-06,2025-03-06,16472,2025-02-06 06:00:00
P000292-01,P000292,1,2024-11-18,2024-12-18,11220,2024-11-18 06:00:00
P000292-02,P000292,2,2024-12-18,2025-01-18,11220,2024-12-18 06:00:00
P000292-03,P000292,3,2025-01-18,2025-02-18,11220,2025-01-18 06:00:00
P000292-04,P000292,4,2025-02-18,2025-03-18,11220,2025-02-18 06:00:00
P000292-05,P000292,5,2025-03-18,2025-04-18,11220,2025-03-18 06:00:00
P000292-06,P000292,6,2025-04-18,2025-05-18,11220,2025-04-18 06:00:00
P000292-07,P000292,7,2025-05-18,2025-06-18,11220,2025-05-18 06:00:00
P000293-01,P000293,1,2025-08-07,2025-09-07,29035,2025-08-07 06:00:00
P000293-02,P000293,2,2025-09-07,2025-10-07,29035,2025-09-07 06:00:00
P000293-03,P000293,3,2025-10-07,2025-11-07,29035,2025-10-07 06:00:00
P000293-04,P000293,4,2025-11-07,2025-12-07,29035,2025-11-07 06:00:00
P000293-05,P000293,5,2025-12-07,2026-01-07,32929,2025-12-07 06:00:00
P000294-01,P000294,1,2024-06-09,2024-07-09,70687,2024-06-09 06:00:00
P000294-02,P000294,2,2024-07-09,2024-08-09,70687,2024-07-09 06:00:00
P000294-03,P000294,3,2024-08-09,2024-09-09,70687,2024-08-09 06:00:00
P000294-04,P000294,4,2024-09-09,2024-10-09,72936,2024-09-09 06:00:00
P000294-05,P000294,5,2024-10-09,2024-11-09,72936,2024-10-09 06:00:00
P000294-06,P000294,6,2024-11-09,2024-12-09,72936,2024-11-09 06:00:00
P000294-07,P000294,7,2024-12-09,2025-01-09,72936,2024-12-09 06:00:00
P000294-08,P000294,8,2025-01-09,2025-02-09,72936,2025-01-09 06:00:00
P000294-09,P000294,9,2025-02-09,2025-03-09,72936,2025-02-09 06:00:00
P000294-10,P000294,10,2025-03-09,2025-04-09,72936,2025-03-09 06:00:00
P000294-11,P000294,11,2025-04-09,2025-05-09,72936,2025-04-09 06:00:00
P000294-12,P000294,12,2025-05-09,2025-06-09,72936,2025-05-09 06:00:00
P000295-01,P000295,1,2025-07-04,2025-08-04,13359,2025-07-04 06:00:00
P000295-02,P000295,2,2025-08-04,2025-09-04,13359,2025-08-04 06:00:00
P000295-03,P000295,3,2025-09-04,2025-10-04,13359,2025-09-04 06:00:00
P000295-04,P000295,4,2025-10-04,2025-11-04,13359,2025-10-04 06:00:00
P000295-05,P000295,5,2025-11-04,2025-12-04,13359,2025-11-04 06:00:00
P000295-06,P000295,6,2025-12-04,2026-01-04,13359,2025-12-04 06:00:00
P000296-01,P000296,1,2025-08-16,2025-09-16,89478,2025-08-16 06:00:00
P000296-02,P000296,2,2025-09-16,2025-10-16,89478,2025-09-16 06:00:00
P000296-03,P000296,3,2025-10-16,2025-11-16,89478,2025-10-16 06:00:00
P000296-04,P000296,4,2025-11-16,2025-12-16,89478,2025-11-16 06:00:00
P000296-05,P000296,5,2025-12-16,2026-01-16,89478,2025-12-16 06:00:00
P000297-01,P000297,1,2024-10-29,2024-11-29,13170,2024-10-29 06:00:00
P000297-02,P000297,2,2024-11-29,2024-12-29,13170,2024-11-29 06:00:00
P000297-03,P000297,3,2024-12-29,2025-01-29,13170,2024-12-29 06:00:00
P000297-04,P000297,4,2025-01-29,2025-02-28,13170,2025-01-29 06:00:00
P000297-05,P000297,5,2025-02-28,2025-03-29,13170,2025-02-28 06:00:00
P000297-06,P000297,6,2025-03-29,2025-04-29,13170,2025-03-29 06:00:00
P000297-07,P000297,7,2025-04-29,2025-05-29,15068,2025-04-29 06:00:00
P000297-08,P000297,8,2025-05-29,2025-06-29,15068,2025-05-29 06:00:00
P000297-09,P000297,9,2025-06-29,2025-07-29,15068,2025-06-29 06:00:00
P000297-10,P000297,10,2025-07-29,2025-08-29,15068,2025-07-29 06:00:00
P000297-11,P000297,11,2025-08-29,2025-09-29,15068,2025-08-29 06:00:00
P000297-12,P000297,12,2025-09-29,2025-10-29,15068,2025-09-29 06:00:00
P000298-01,P000298,1,2024-08-17,2024-09-17,7951,2024-08-17 06:00:00
P000298-02,P000298,2,2024-09-17,2024-10-17,7951,2024-09-17 06:00:00
P000298-03,P000298,3,2024-10-17,2024-11-17,7951,2024-10-17 06:00:00
P000298-04,P000298,4,2024-11-17,2024-12-17,7951,2024-11-17 06:00:00
P000298-05,P000298,5,2024-12-17,2025-01-17,7951,2024-12-17 06:00:00
P000298-06,P000298,6,2025-01-17,2025-02-17,7951,2025-01-17 06:00:00
P000298-07,P000298,7,2025-02-17,2025-03-17,7951,2025-02-17 06:00:00
P000298-08,P000298,8,2025-03-17,2025-04-17,7951,2025-03-17 06:00:00
P000298-09,P000298,9,2025-04-17,2025-05-17,7951,2025-04-17 06:00:00
P000298-10,P000298,10,2025-05-17,2025-06-17,7951,2025-05-17 06:00:00
P000298-11,P000298,11,2025-06-17,2025-07-17,7951,2025-06-17 06:00:00
P000298-12,P000298,12,2025-07-17,2025-08-17,7951,2025-07-17 06:00:00
P000299-01,P000299,1,2025-05-04,2025-06-04,8786,2025-05-04 06:00:00
P000299-02,P000299,2,2025-06-04,2025-07-04,8786,2025-06-04 06:00:00
P000299-03,P000299,3,2025-07-04,2025-08-04,8786,2025-07-04 06:00:00
P000299-04,P000299,4,2025-08-04,2025-09-04,8786,2025-08-04 06:00:00
P000299-05,P000299,5,2025-09-04,2025-10-04,8786,2025-09-04 06:00:00
P000299-06,P000299,6,2025-10-04,2025-11-04,8786,2025-10-04 06:00:00
P000299-07,P000299,7,2025-11-04,2025-12-04,8786,2025-11-04 06:00:00
P000299-07,P000299,7,2025-11-04,2025-12-04,8786,2025-11-07 06:00:00
P000299-08,P000299,8,2025-12-04,2026-01-04,8786,2025-12-04 06:00:00
P000300-01,P000300,1,2024-06-29,2024-07-29,13011,2024-06-29 06:00:00
P000300-01,P000300,1,2024-06-29,2024-07-29,13011,2024-07-02 06:00:00
P000300-02,P000300,2,2024-07-29,2024-08-29,13011,2024-07-29 06:00:00
P000300-03,P000300,3,2024-08-29,2024-09-29,13011,2024-08-29 06:00:00
P000300-04,P000300,4,2024-09-29,2024-10-29,13011,2024-09-29 06:00:00
P000300-05,P000300,5,2024-10-29,2024-11-29,13011,2024-10-29 06:00:00
P000300-06,P000300,6,2024-11-29,2024-12-29,13011,2024-11-29 06:00:00
P000300-07,P000300,7,2024-12-29,2025-01-29,13011,2024-12-29 06:00:00
P000300-08,P000300,8,2025-01-29,2025-02-28,13011,2025-01-29 06:00:00
P000300-09,P000300,9,2025-02-28,2025-03-29,13011,2025-02-28 06:00:00
P000300-10,P000300,10,2025-03-29,2025-04-29,13011,2025-03-29 06:00:00
P000300-11,P000300,11,2025-04-29,2025-05-29,13011,2025-04-29 06:00:00
P000300-12,P000300,12,2025-05-29,2025-06-29,11987,2025-05-29 06:00:00
P000301-01,P000301,1,2024-08-25,2024-09-25,9114,2024-08-25 06:00:00
P000301-02,P000301,2,2024-09-25,2024-10-25,9114,2024-09-25 06:00:00
P000301-03,P000301,3,2024-10-25,2024-11-25,9114,2024-10-25 06:00:00
P000301-04,P000301,4,2024-11-25,2024-12-25,9114,2024-11-25 06:00:00
P000301-05,P000301,5,2024-12-25,2025-01-25,9114,2024-12-25 06:00:00
P000301-06,P000301,6,2025-01-25,2025-02-25,9114,2025-01-25 06:00:00
P000301-07,P000301,7,2025-02-25,2025-03-25,9114,2025-02-25 06:00:00
P000301-08,P000301,8,2025-03-25,2025-04-25,9114,2025-03-25 06:00:00
P000301-09,P000301,9,2025-04-25,2025-05-25,9114,2025-04-25 06:00:00
P000301-10,P000301,10,2025-05-25,2025-06-25,9114,2025-05-25 06:00:00
P000301-11,P000301,11,2025-06-25,2025-07-25,9114,2025-06-25 06:00:00
P000301-12,P000301,12,2025-07-25,2025-08-25,9114,2025-07-25 06:00:00
P000302-01,P000302,1,2024-11-25,2024-12-25,14264,2024-11-25 06:00:00
P000302-02,P000302,2,2024-12-25,2025-01-25,14264,2024-12-25 06:00:00
P000302-03,P000302,3,2025-01-25,2025-02-25,14264,2025-01-25 06:00:00
P000302-04,P000302,4,2025-02-25,2025-03-25,14264,2025-02-25 06:00:00
P000302-05,P000302,5,2025-03-25,2025-04-25,14264,2025-03-25 06:00:00
P000302-06,P000302,6,2025-04-25,2025-05-25,14264,2025-04-25 06:00:00
P000302-07,P000302,7,2025-05-25,2025-06-25,14264,2025-05-25 06:00:00
P000302-08,P000302,8,2025-06-25,2025-07-25,14264,2025-06-25 06:00:00
P000302-09,P000302,9,2025-07-25,2025-08-25,14264,2025-07-25 06:00:00
P000302-10,P000302,10,2025-08-25,2025-09-25,14264,2025-08-25 06:00:00
P000302-11,P000302,11,2025-09-25,2025-10-25,14264,2025-09-25 06:00:00
P000302-12,P000302,12,2025-10-25,2025-11-25,14264,2025-10-25 06:00:00
P000303-01,P000303,1,2024-03-10,2024-04-10,134320,2024-03-10 06:00:00
P000303-02,P000303,2,2024-04-10,2024-05-10,134320,2024-04-10 06:00:00
P000303-03,P000303,3,2024-05-10,2024-06-10,134320,2024-05-10 06:00:00
P000303-04,P000303,4,2024-06-10,2024-07-10,134320,2024-06-10 06:00:00
P000303-05,P000303,5,2024-07-10,2024-08-10,134320,2024-07-10 06:00:00
P000303-06,P000303,6,2024-08-10,2024-09-10,134320,2024-08-10 06:00:00
P000303-07,P000303,7,2024-09-10,2024-10-10,134320,2024-09-10 06:00:00
P000303-08,P000303,8,2024-10-10,2024-11-10,134320,2024-10-10 06:00:00
P000303-09,P000303,9,2024-11-10,2024-12-10,134320,2024-11-10 06:00:00
P000303-10,P000303,10,2024-12-10,2025-01-10,151881,2024-12-10 06:00:00
P000303-11,P000303,11,2025-01-10,2025-02-10,151881,2025-01-10 06:00:00
P000303-12,P000303,12,2025-02-10,2025-03-10,151881,2025-02-10 06:00:00
P000304-01,P000304,1,2024-11-30,2024-12-30,19163,2024-11-30 06:00:00
P000304-02,P000304,2,2024-12-30,2025-01-30,19163,2024-12-30 06:00:00
P000304-03,P000304,3,2025-01-30,2025-02-28,19163,2025-01-30 06:00:00
P000304-04,P000304,4,2025-02-28,2025-03-30,19163,2025-02-28 06:00:00
P000304-05,P000304,5,2025-03-30,2025-04-30,19163,2025-03-30 06:00:00
P000304-06,P000304,6,2025-04-30,2025-05-30,19163,2025-04-30 06:00:00
P000304-07,P000304,7,2025-05-30,2025-06-30,19163,2025-05-30 06:00:00
P000304-08,P000304,8,2025-06-30,2025-07-30,19163,2025-06-30 06:00:00
P000304-09,P000304,9,2025-07-30,2025-08-30,19163,2025-07-30 06:00:00
P000304-10,P000304,10,2025-08-30,2025-09-30,19163,2025-08-30 06:00:00
P000304-11,P000304,11,2025-09-30,2025-10-30,19163,2025-09-30 06:00:00
P000304-12,P000304,12,2025-10-30,2025-11-30,19163,2025-10-30 06:00:00
P000305-01,P000305,1,2024-08-10,2024-09-10,14135,2024-08-10 06:00:00
P000305-02,P000305,2,2024-09-10,2024-10-10,14135,2024-09-10 06:00:00
P000305-03,P000305,3,2024-10-10,2024-11-10,14135,2024-10-10 06:00:00
P000305-04,P000305,4,2024-11-10,2024-12-10,14135,2024-11-10 06:00:00
P000305-05,P000305,5,2024-12-10,2025-01-10,14135,2024-12-10 06:00:00
P000305-06,P000305,6,2025-01-10,2025-02-10,14135,2025-01-10 06:00:00
P000305-07,P000305,7,2025-02-10,2025-03-10,14135,2025-02-10 06:00:00
P000305-08,P000305,8,2025-03-10,2025-04-10,14135,2025-03-10 06:00:00
P000305-09,P000305,9,2025-04-10,2025-05-10,14135,2025-04-10 06:00:00
P000305-10,P000305,10,2025-05-10,2025-06-10,14135,2025-05-10 06:00:00
P000305-11,P000305,11,2025-06-10,2025-07-10,14135,2025-06-10 06:00:00
P000305-12,P000305,12,2025-07-10,2025-08-10,14135,2025-07-10 06:00:00
P000306-01,P000306,1,2025-05-04,2025-06-04,13328,2025-05-04 06:00:00
P000306-02,P000306,2,2025-06-04,2025-07-04,13328,2025-06-04 06:00:00
P000306-03,P000306,3,2025-07-04,2025-08-04,13328,2025-07-04 06:00:00
P000306-04,P000306,4,2025-08-04,2025-09-04,13328,2025-08-04 06:00:00
P000306-05,P000306,5,2025-09-04,2025-10-04,15909,2025-09-04 06:00:00
P000306-06,P000306,6,2025-10-04,2025-11-04,15909,2025-10-04 06:00:00
P000306-07,P000306,7,2025-11-04,2025-12-04,15909,2025-11-04 06:00:00
P000306-08,P000306,8,2025-12-04,2026-01-04,15909,2025-12-04 06:00:00
P000307-01,P000307,1,2025-08-01,2025-09-01,8721,2025-08-01 06:00:00
P000307-02,P000307,2,2025-09-01,2025-10-01,8721,2025-09-01 06:00:00
P000307-03,P000307,3,2025-10-01,2025-11-01,8721,2025-10-01 06:00:00
P000307-04,P000307,4,2025-11-01,2025-12-01,8721,2025-11-01 06:00:00
P000307-05,P000307,5,2025-12-01,2026-01-01,8721,2025-12-01 06:00:00
P000308-01,P000308,1,2025-02-17,2025-03-17,21057,2025-02-17 06:00:00
P000308-02,P000308,2,2025-03-17,2025-04-17,21057,2025-03-17 06:00:00
P000308-03,P000308,3,2025-04-17,2025-05-17,21057,2025-04-17 06:00:00
P000308-04,P000308,4,2025-05-17,2025-06-17,21057,2025-05-17 06:00:00
P000309-01,P000309,1,2024-08-16,2024-09-16,8497,2024-08-16 06:00:00
P000309-02,P000309,2,2024-09-16,2024-10-16,8497,2024-09-16 06:00:00
P000309-03,P000309,3,2024-10-16,2024-11-16,8497,2024-10-16 06:00:00
P000309-04,P000309,4,2024-11-16,2024-12-16,8497,2024-11-16 06:00:00
P000309-05,P000309,5,2024-12-16,2025-01-16,8497,2024-12-16 06:00:00
P000309-06,P000309,6,2025-01-16,2025-02-16,8497,2025-01-16 06:00:00
P000309-07,P000309,7,2025-02-16,2025-03-16,8497,2025-02-16 06:00:00
P000309-08,P000309,8,2025-03-16,2025-04-16,8497,2025-03-16 06:00:00
P000309-09,P000309,9,2025-04-16,2025-05-16,8497,2025-04-16 06:00:00
P000309-10,P000309,10,2025-05-16,2025-06-16,9541,2025-05-16 06:00:00
P000309-11,P000309,11,2025-06-16,2025-07-16,9541,2025-06-16 06:00:00
P000309-12,P000309,12,2025-07-16,2025-08-16,9541,2025-07-16 06:00:00
P000310-01,P000310,1,2024-08-31,2024-09-30,63912,2024-08-31 06:00:00
P000310-02,P000310,2,2024-09-30,2024-10-31,63912,2024-09-30 06:00:00
P000310-03,P000310,3,2024-10-31,2024-11-30,63912,2024-10-31 06:00:00
P000310-04,P000310,4,2024-11-30,2024-12-31,63912,2024-11-30 06:00:00
P000310-05,P000310,5,2024-12-31,2025-01-31,63912,2024-12-31 06:00:00
P000310-06,P000310,6,2025-01-31,2025-02-28,63912,2025-01-31 06:00:00
P000310-07,P000310,7,2025-02-28,2025-03-31,63912,2025-02-28 06:00:00
P000310-08,P000310,8,2025-03-31,2025-04-30,63912,2025-03-31 06:00:00
P000310-09,P000310,9,2025-04-30,2025-05-31,63912,2025-04-30 06:00:00
P000310-10,P000310,10,2025-05-31,2025-06-30,63912,2025-05-31 06:00:00
P000310-11,P000310,11,2025-06-30,2025-07-31,63912,2025-06-30 06:00:00
P000310-12,P000310,12,2025-07-31,2025-08-31,63912,2025-07-31 06:00:00
P000311-01,P000311,1,2025-02-11,2025-03-11,15082,2025-02-11 06:00:00
P000311-02,P000311,2,2025-03-11,2025-04-11,15082,2025-03-11 06:00:00
P000311-03,P000311,3,2025-04-11,2025-05-11,15082,2025-04-11 06:00:00
P000311-04,P000311,4,2025-05-11,2025-06-11,15082,2025-05-11 06:00:00
P000311-05,P000311,5,2025-06-11,2025-07-11,13534,2025-06-11 06:00:00
P000311-06,P000311,6,2025-07-11,2025-08-11,13534,2025-07-11 06:00:00
P000311-07,P000311,7,2025-08-11,2025-09-11,13534,2025-08-11 06:00:00
P000311-08,P000311,8,2025-09-11,2025-10-11,13534,2025-09-11 06:00:00
P000311-09,P000311,9,2025-10-11,2025-11-11,13534,2025-10-11 06:00:00
P000311-10,P000311,10,2025-11-11,2025-12-11,13534,2025-11-11 06:00:00
P000311-11,P000311,11,2025-12-11,2026-01-11,13534,2025-12-11 06:00:00
P000312-01,P000312,1,2024-09-05,2024-10-05,53608,2024-09-05 06:00:00
P000312-02,P000312,2,2024-10-05,2024-11-05,53608,2024-10-05 06:00:00
P000312-03,P000312,3,2024-11-05,2024-12-05,53608,2024-11-05 06:00:00
P000312-04,P000312,4,2024-12-05,2025-01-05,53608,2024-12-05 06:00:00
P000312-05,P000312,5,2025-01-05,2025-02-05,53608,2025-01-05 06:00:00
P000312-06,P000312,6,2025-02-05,2025-03-05,53608,2025-02-05 06:00:00
P000312-07,P000312,7,2025-03-05,2025-04-05,51257,2025-03-05 06:00:00
P000312-08,P000312,8,2025-04-05,2025-05-05,51257,2025-04-05 06:00:00
P000312-09,P000312,9,2025-05-05,2025-06-05,51257,2025-05-05 06:00:00
P000312-10,P000312,10,2025-06-05,2025-07-05,51257,2025-06-05 06:00:00
P000312-11,P000312,11,2025-07-05,2025-08-05,51257,2025-07-05 06:00:00
P000312-12,P000312,12,2025-08-05,2025-09-05,51257,2025-08-05 06:00:00
P000313-01,P000313,1,2024-03-26,2024-04-26,55825,2024-03-26 06:00:00
P000313-02,P000313,2,2024-04-26,2024-05-26,55825,2024-04-26 06:00:00
P000313-03,P000313,3,2024-05-26,2024-06-26,55825,2024-05-26 06:00:00
P000313-04,P000313,4,2024-06-26,2024-07-26,55825,2024-06-26 06:00:00
P000313-05,P000313,5,2024-07-26,2024-08-26,55825,2024-07-26 06:00:00
P000313-06,P000313,6,2024-08-26,2024-09-26,55825,2024-08-26 06:00:00
P000313-07,P000313,7,2024-09-26,2024-10-26,55825,2024-09-26 06:00:00
P000313-08,P000313,8,2024-10-26,2024-11-26,55825,2024-10-26 06:00:00
P000313-09,P000313,9,2024-11-26,2024-12-26,55825,2024-11-26 06:00:00
P000313-10,P000313,10,2024-12-26,2025-01-26,55825,2024-12-26 06:00:00
P000313-11,P000313,11,2025-01-26,2025-02-26,55825,2025-01-26 06:00:00
P000313-12,P000313,12,2025-02-26,2025-03-26,55825,2025-02-26 06:00:00
P000314-01,P000314,1,2024-06-13,2024-07-13,1258,2024-06-13 06:00:00
P000314-02,P000314,2,2024-07-13,2024-08-13,1258,2024-07-13 06:00:00
P000314-03,P000314,3,2024-08-13,2024-09-13,1258,2024-08-13 06:00:00
P000314-04,P000314,4,2024-09-13,2024-10-13,1258,2024-09-13 06:00:00
P000314-05,P000314,5,2024-10-13,2024-11-13,1258,2024-10-13 06:00:00
P000314-06,P000314,6,2024-11-13,2024-12-13,1258,2024-11-13 06:00:00
P000314-07,P000314,7,2024-12-13,2025-01-13,1258,2024-12-13 06:00:00
P000314-08,P000314,8,2025-01-13,2025-02-13,1258,2025-01-13 06:00:00
P000314-09,P000314,9,2025-02-13,2025-03-13,1258,2025-02-13 06:00:00
P000314-10,P000314,10,2025-03-13,2025-04-13,1258,2025-03-13 06:00:00
P000314-11,P000314,11,2025-04-13,2025-05-13,1258,2025-04-13 06:00:00
P000314-12,P000314,12,2025-05-13,2025-06-13,1258,2025-05-13 06:00:00
P000315-01,P000315,1,2024-01-17,2024-02-17,7832,2024-01-17 06:00:00
P000315-02,P000315,2,2024-02-17,2024-03-17,7832,2024-02-17 06:00:00
P000315-03,P000315,3,2024-03-17,2024-04-17,7832,2024-03-17 06:00:00
P000315-04,P000315,4,2024-04-17,2024-05-17,7832,2024-04-17 06:00:00
P000316-01,P000316,1,2025-02-10,2025-03-10,11612,2025-02-10 06:00:00
P000316-02,P000316,2,2025-03-10,2025-04-10,11612,2025-03-10 06:00:00
P000316-03,P000316,3,2025-04-10,2025-05-10,11612,2025-04-10 06:00:00
P000316-04,P000316,4,2025-05-10,2025-06-10,11612,2025-05-10 06:00:00
P000316-05,P000316,5,2025-06-10,2025-07-10,11612,2025-06-10 06:00:00
P000317-01,P000317,1,2024-08-09,2024-09-09,1745,2024-08-09 06:00:00
P000317-02,P000317,2,2024-09-09,2024-10-09,1745,2024-09-09 06:00:00
P000317-03,P000317,3,2024-10-09,2024-11-09,1745,2024-10-09 06:00:00
P000317-04,P000317,4,2024-11-09,2024-12-09,1745,2024-11-09 06:00:00
P000317-05,P000317,5,2024-12-09,2025-01-09,1745,2024-12-09 06:00:00
P000317-06,P000317,6,2025-01-09,2025-02-09,1745,2025-01-09 06:00:00
P000317-07,P000317,7,2025-02-09,2025-03-09,1745,2025-02-09 06:00:00
P000317-08,P000317,8,2025-03-09,2025-04-09,1745,2025-03-09 06:00:00
P000317-09,P000317,9,2025-04-09,2025-05-09,1745,2025-04-09 06:00:00
P000317-10,P000317,10,2025-05-09,2025-06-09,1745,2025-05-09 06:00:00
P000317-11,P000317,11,2025-06-09,2025-07-09,1745,2025-06-09 06:00:00
P000317-12,P000317,12,2025-07-09,2025-08-09,1745,2025-07-09 06:00:00
P000318-01,P000318,1,2025-07-26,2025-08-26,27850,2025-07-26 06:00:00
P000318-02,P000318,2,2025-08-26,2025-09-26,27850,2025-08-26 06:00:00
P000318-03,P000318,3,2025-09-26,2025-10-26,27850,2025-09-26 06:00:00
P000318-04,P000318,4,2025-10-26,2025-11-26,31861,2025-10-26 06:00:00
P000318-05,P000318,5,2025-11-26,2025-12-26,31861,2025-11-26 06:00:00
P000318-06,P000318,6,2025-12-26,2026-01-26,31861,2025-12-26 06:00:00
P000319-01,P000319,1,2025-06-04,2025-07-04,15821,2025-06-04 06:00:00
P000319-02,P000319,2,2025-07-04,2025-08-04,15821,2025-07-04 06:00:00
P000319-03,P000319,3,2025-08-04,2025-09-04,15821,2025-08-04 06:00:00
P000319-04,P000319,4,2025-09-04,2025-10-04,15821,2025-09-04 06:00:00
P000319-05,P000319,5,2025-10-04,2025-11-04,15821,2025-10-04 06:00:00
P000319-06,P000319,6,2025-11-04,2025-12-04,15821,2025-11-04 06:00:00
P000319-07,P000319,7,2025-12-04,2026-01-04,15821,2025-12-04 06:00:00
P000320-01,P000320,1,2025-06-25,2025-07-25,41539,2025-06-25 06:00:00
P000320-02,P000320,2,2025-07-25,2025-08-25,41539,2025-07-25 06:00:00
P000320-03,P000320,3,2025-08-25,2025-09-25,41539,2025-08-25 06:00:00
P000320-04,P000320,4,2025-09-25,2025-10-25,41539,2025-09-25 06:00:00
P000320-05,P000320,5,2025-10-25,2025-11-25,41539,2025-10-25 06:00:00
P000320-06,P000320,6,2025-11-25,2025-12-25,41539,2025-11-25 06:00:00
P000320-07,P000320,7,2025-12-25,2026-01-25,38045,2025-12-25 06:00:00
P000321-01,P000321,1,2025-07-04,2025-08-04,2624,2025-07-04 06:00:00
P000321-02,P000321,2,2025-08-04,2025-09-04,2624,2025-08-04 06:00:00
P000321-03,P000321,3,2025-09-04,2025-10-04,2624,2025-09-04 06:00:00
P000321-04,P000321,4,2025-10-04,2025-11-04,2624,2025-10-04 06:00:00
P000321-05,P000321,5,2025-11-04,2025-12-04,2624,2025-11-04 06:00:00
P000321-06,P000321,6,2025-12-04,2026-01-04,2624,2025-12-04 06:00:00
P000322-01,P000322,1,2024-09-02,2024-10-02,22105,2024-09-02 06:00:00
P000322-02,P000322,2,2024-10-02,2024-11-02,22105,2024-10-02 06:00:00
P000322-03,P000322,3,2024-11-02,2024-12-02,22105,2024-11-02 06:00:00
P000322-04,P000322,4,2024-12-02,2025-01-02,22105,2024-12-02 06:00:00
P000322-05,P000322,5,2025-01-02,2025-02-02,22105,2025-01-02 06:00:00
P000322-06,P000322,6,2025-02-02,2025-03-02,22105,2025-02-02 06:00:00
P000322-07,P000322,7,2025-03-02,2025-04-02,22105,2025-03-02 06:00:00
P000322-08,P000322,8,2025-04-02,2025-05-02,22105,2025-04-02 06:00:00
P000322-09,P000322,9,2025-05-02,2025-06-02,22105,2025-05-02 06:00:00
P000322-10,P000322,10,2025-06-02,2025-07-02,22105,2025-06-02 06:00:00
P000322-11,P000322,11,2025-07-02,2025-08-02,22105,2025-07-02 06:00:00
P000322-12,P000322,12,2025-08-02,2025-09-02,22105,2025-08-02 06:00:00
P000323-01,P000323,1,2025-02-17,2025-03-17,2102,2025-02-17 06:00:00
P000323-02,P000323,2,2025-03-17,2025-04-17,2102,2025-03-17 06:00:00
P000323-03,P000323,3,2025-04-17,2025-05-17,2102,2025-04-17 06:00:00
P000323-04,P000323,4,2025-05-17,2025-06-17,2102,2025-05-17 06:00:00
P000323-05,P000323,5,2025-06-17,2025-07-17,2102,2025-06-17 06:00:00
P000323-06,P000323,6,2025-07-17,2025-08-17,2102,2025-07-17 06:00:00
P000323-07,P000323,7,2025-08-17,2025-09-17,2102,2025-08-17 06:00:00
P000323-08,P000323,8,2025-09-17,2025-10-17,2102,2025-09-17 06:00:00
P000323-09,P000323,9,2025-10-17,2025-11-17,2102,2025-10-17 06:00:00
P000323-10,P000323,10,2025-11-17,2025-12-17,2102,2025-11-17 06:00:00
P000323-11,P000323,11,2025-12-17,2026-01-17,2449,2025-12-17 06:00:00
P000324-01,P000324,1,2024-02-23,2024-03-23,87954,2024-02-23 06:00:00
P000324-02,P000324,2,2024-03-23,2024-04-23,87954,2024-03-23 06:00:00
P000324-03,P000324,3,2024-04-23,2024-05-23,87954,2024-04-23 06:00:00
P000324-04,P000324,4,2024-05-23,2024-06-23,87954,2024-05-23 06:00:00
P000324-05,P000324,5,2024-06-23,2024-07-23,87954,2024-06-23 06:00:00
P000324-06,P000324,6,2024-07-23,2024-08-23,87954,2024-07-23 06:00:00
P000324-07,P000324,7,2024-08-23,2024-09-23,87954,2024-08-23 06:00:00
P000324-08,P000324,8,2024-09-23,2024-10-23,87954,2024-09-23 06:00:00
P000324-09,P000324,9,2024-10-23,2024-11-23,87954,2024-10-23 06:00:00
P000324-10,P000324,10,2024-11-23,2024-12-23,87954,2024-11-23 06:00:00
P000324-11,P000324,11,2024-12-23,2025-01-23,87954,2024-12-23 06:00:00
P000324-12,P000324,12,2025-01-23,2025-02-23,87954,2025-01-23 06:00:00
P000325-01,P000325,1,2025-02-11,2025-03-11,1904,2025-02-11 06:00:00
P000325-02,P000325,2,2025-03-11,2025-04-11,1904,2025-03-11 06:00:00
P000325-03,P000325,3,2025-04-11,2025-05-11,1904,2025-04-11 06:00:00
P000325-04,P000325,4,2025-05-11,2025-06-11,1904,2025-05-11 06:00:00
P000325-05,P000325,5,2025-06-11,2025-07-11,1904,2025-06-11 06:00:00
P000325-06,P000325,6,2025-07-11,2025-08-11,1904,2025-07-11 06:00:00
P000325-07,P000325,7,2025-08-11,2025-09-11,1904,2025-08-11 06:00:00
P000325-08,P000325,8,2025-09-11,2025-10-11,1904,2025-09-11 06:00:00
P000325-09,P000325,9,2025-10-11,2025-11-11,1904,2025-10-11 06:00:00
P000325-10,P000325,10,2025-11-11,2025-12-11,1904,2025-11-11 06:00:00
P000325-11,P000325,11,2025-12-11,2026-01-11,1904,2025-12-11 06:00:00
P000326-01,P000326,1,2025-09-03,2025-10-03,16430,2025-09-03 06:00:00
P000326-02,P000326,2,2025-10-03,2025-11-03,16430,2025-10-03 06:00:00
P000326-03,P000326,3,2025-11-03,2025-12-03,16587,2025-11-03 06:00:00
P000326-04,P000326,4,2025-12-03,2026-01-03,16587,2025-12-03 06:00:00
P000327-01,P000327,1,2025-11-04,2025-12-04,9913,2025-11-04 06:00:00
P000327-02,P000327,2,2025-12-04,2026-01-04,11379,2025-12-04 06:00:00
P000328-01,P000328,1,2024-02-29,2024-03-29,20872,2024-02-29 06:00:00
P000328-02,P000328,2,2024-03-29,2024-04-29,20872,2024-03-29 06:00:00
P000328-03,P000328,3,2024-04-29,2024-05-29,20872,2024-04-29 06:00:00
P000328-04,P000328,4,2024-05-29,2024-06-29,20872,2024-05-29 06:00:00
P000328-05,P000328,5,2024-06-29,2024-07-29,20872,2024-06-29 06:00:00
P000328-06,P000328,6,2024-07-29,2024-08-29,20872,2024-07-29 06:00:00
P000328-07,P000328,7,2024-08-29,2024-09-29,20872,2024-08-29 06:00:00
P000328-08,P000328,8,2024-09-29,2024-10-29,20872,2024-09-29 06:00:00
P000328-09,P000328,9,2024-10-29,2024-11-29,20872,2024-10-29 06:00:00
P000328-10,P000328,10,2024-11-29,2024-12-29,20872,2024-11-29 06:00:00
P000328-11,P000328,11,2024-12-29,2025-01-29,20872,2024-12-29 06:00:00
P000328-12,P000328,12,2025-01-29,2025-02-28,20872,2025-01-29 06:00:00
P000329-01,P000329,1,2025-02-01,2025-03-01,2045,2025-02-01 06:00:00
P000329-02,P000329,2,2025-03-01,2025-04-01,2045,2025-03-01 06:00:00
P000329-03,P000329,3,2025-04-01,2025-05-01,2045,2025-04-01 06:00:00
P000329-04,P000329,4,2025-05-01,2025-06-01,2045,2025-05-01 06:00:00
P000329-05,P000329,5,2025-06-01,2025-07-01,2045,2025-06-01 06:00:00
P000329-06,P000329,6,2025-07-01,2025-08-01,2045,2025-07-01 06:00:00
P000329-07,P000329,7,2025-08-01,2025-09-01,2045,2025-08-01 06:00:00
P000329-08,P000329,8,2025-09-01,2025-10-01,2045,2025-09-01 06:00:00
P000329-09,P000329,9,2025-10-01,2025-11-01,2045,2025-10-01 06:00:00
P000329-10,P000329,10,2025-11-01,2025-12-01,2045,2025-11-01 06:00:00
P000329-11,P000329,11,2025-12-01,2026-01-01,2045,2025-12-01 06:00:00
P000330-01,P000330,1,2024-09-08,2024-10-08,12910,2024-09-08 06:00:00
P000330-02,P000330,2,2024-10-08,2024-11-08,12910,2024-10-08 06:00:00
P000330-03,P000330,3,2024-11-08,2024-12-08,12910,2024-11-08 06:00:00
P000330-04,P000330,4,2024-12-08,2025-01-08,12910,2024-12-08 06:00:00
P000330-05,P000330,5,2025-01-08,2025-02-08,12910,2025-01-08 06:00:00
P000330-06,P000330,6,2025-02-08,2025-03-08,12910,2025-02-08 06:00:00
P000330-07,P000330,7,2025-03-08,2025-04-08,12910,2025-03-08 06:00:00
P000330-08,P000330,8,2025-04-08,2025-05-08,12910,2025-04-08 06:00:00
P000330-09,P000330,9,2025-05-08,2025-06-08,12910,2025-05-08 06:00:00
P000330-10,P000330,10,2025-06-08,2025-07-08,12910,2025-06-08 06:00:00
P000330-11,P000330,11,2025-07-08,2025-08-08,12910,2025-07-08 06:00:00
P000330-12,P000330,12,2025-08-08,2025-09-08,12910,2025-08-08 06:00:00
P000331-01,P000331,1,2025-03-29,2025-04-29,12081,2025-03-29 06:00:00
P000331-02,P000331,2,2025-04-29,2025-05-29,12081,2025-04-29 06:00:00
P000331-03,P000331,3,2025-05-29,2025-06-29,12081,2025-05-29 06:00:00
P000331-04,P000331,4,2025-06-29,2025-07-29,12081,2025-06-29 06:00:00
P000331-05,P000331,5,2025-07-29,2025-08-29,12081,2025-07-29 06:00:00
P000331-06,P000331,6,2025-08-29,2025-09-29,12081,2025-08-29 06:00:00
P000331-07,P000331,7,2025-09-29,2025-10-29,12081,2025-09-29 06:00:00
P000331-08,P000331,8,2025-10-29,2025-11-29,12081,2025-10-29 06:00:00
P000331-09,P000331,9,2025-11-29,2025-12-29,12081,2025-11-29 06:00:00
P000331-10,P000331,10,2025-12-29,2026-01-29,12081,2025-12-29 06:00:00
P000332-01,P000332,1,2024-02-24,2024-03-24,10776,2024-02-24 06:00:00
P000332-02,P000332,2,2024-03-24,2024-04-24,10776,2024-03-24 06:00:00
P000332-03,P000332,3,2024-04-24,2024-05-24,10776,2024-04-24 06:00:00
P000332-04,P000332,4,2024-05-24,2024-06-24,10776,2024-05-24 06:00:00
P000332-05,P000332,5,2024-06-24,2024-07-24,10776,2024-06-24 06:00:00
P000332-06,P000332,6,2024-07-24,2024-08-24,10776,2024-07-24 06:00:00
P000332-07,P000332,7,2024-08-24,2024-09-24,11377,2024-08-24 06:00:00
P000332-08,P000332,8,2024-09-24,2024-10-24,11377,2024-09-24 06:00:00
P000332-09,P000332,9,2024-10-24,2024-11-24,11377,2024-10-24 06:00:00
P000332-10,P000332,10,2024-11-24,2024-12-24,11377,2024-11-24 06:00:00
P000332-11,P000332,11,2024-12-24,2025-01-24,11377,2024-12-24 06:00:00
P000332-12,P000332,12,2025-01-24,2025-02-24,11377,2025-01-24 06:00:00
P000333-01,P000333,1,2024-12-11,2025-01-11,69600,2024-12-11 06:00:00
P000333-02,P000333,2,2025-01-11,2025-02-11,69600,2025-01-11 06:00:00
P000333-03,P000333,3,2025-02-11,2025-03-11,69600,2025-02-11 06:00:00
P000333-04,P000333,4,2025-03-11,2025-04-11,69600,2025-03-11 06:00:00
P000333-05,P000333,5,2025-04-11,2025-05-11,69600,2025-04-11 06:00:00
P000333-06,P000333,6,2025-05-11,2025-06-11,69600,2025-05-11 06:00:00
P000333-07,P000333,7,2025-06-11,2025-07-11,69600,2025-06-11 06:00:00
P000333-08,P000333,8,2025-07-11,2025-08-11,69600,2025-07-11 06:00:00
P000334-01,P000334,1,2024-05-15,2024-06-15,2264,2024-05-15 06:00:00
P000334-02,P000334,2,2024-06-15,2024-07-15,2264,2024-06-15 06:00:00
P000334-03,P000334,3,2024-07-15,2024-08-15,2264,2024-07-15 06:00:00
P000334-04,P000334,4,2024-08-15,2024-09-15,2264,2024-08-15 06:00:00
P000334-05,P000334,5,2024-09-15,2024-10-15,2264,2024-09-15 06:00:00
P000334-06,P000334,6,2024-10-15,2024-11-15,2264,2024-10-15 06:00:00
P000334-07,P000334,7,2024-11-15,2024-12-15,2264,2024-11-15 06:00:00
P000334-08,P000334,8,2024-12-15,2025-01-15,2264,2024-12-15 06:00:00
P000334-09,P000334,9,2025-01-15,2025-02-15,2264,2025-01-15 06:00:00
P000334-10,P000334,10,2025-02-15,2025-03-15,2264,2025-02-15 06:00:00
P000334-11,P000334,11,2025-03-15,2025-04-15,2264,2025-03-15 06:00:00
P000334-12,P000334,12,2025-04-15,2025-05-15,2264,2025-04-15 06:00:00
P000335-01,P000335,1,2024-03-13,2024-04-13,38201,2024-03-13 06:00:00
P000335-02,P000335,2,2024-04-13,2024-05-13,38201,2024-04-13 06:00:00
P000335-03,P000335,3,2024-05-13,2024-06-13,38201,2024-05-13 06:00:00
P000335-04,P000335,4,2024-06-13,2024-07-13,33671,2024-06-13 06:00:00
P000335-05,P000335,5,2024-07-13,2024-08-13,33671,2024-07-13 06:00:00
P000335-06,P000335,6,2024-08-13,2024-09-13,33671,2024-08-13 06:00:00
P000335-07,P000335,7,2024-09-13,2024-10-13,33671,2024-09-13 06:00:00
P000335-08,P000335,8,2024-10-13,2024-11-13,33671,2024-10-13 06:00:00
P000335-09,P000335,9,2024-11-13,2024-12-13,33671,2024-11-13 06:00:00
P000335-10,P000335,10,2024-12-13,2025-01-13,33671,2024-12-13 06:00:00
P000335-11,P000335,11,2025-01-13,2025-02-13,33671,2025-01-13 06:00:00
P000335-12,P000335,12,2025-02-13,2025-03-13,33671,2025-02-13 06:00:00
P000336-01,P000336,1,2024-01-07,2024-02-07,12142,2024-01-07 06:00:00
P000336-02,P000336,2,2024-02-07,2024-03-07,12142,2024-02-07 06:00:00
P000336-03,P000336,3,2024-03-07,2024-04-07,12142,2024-03-07 06:00:00
P000336-04,P000336,4,2024-04-07,2024-05-07,12142,2024-04-07 06:00:00
P000336-05,P000336,5,2024-05-07,2024-06-07,12142,2024-05-07 06:00:00
P000336-06,P000336,6,2024-06-07,2024-07-07,12142,2024-06-07 06:00:00
P000336-07,P000336,7,2024-07-07,2024-08-07,12142,2024-07-07 06:00:00
P000336-08,P000336,8,2024-08-07,2024-09-07,12142,2024-08-07 06:00:00
P000336-09,P000336,9,2024-09-07,2024-10-07,12142,2024-09-07 06:00:00
P000336-10,P000336,10,2024-10-07,2024-11-07,12142,2024-10-07 06:00:00
P000336-11,P000336,11,2024-11-07,2024-12-07,12142,2024-11-07 06:00:00
P000336-12,P000336,12,2024-12-07,2025-01-07,11967,2024-12-07 06:00:00
P000337-01,P000337,1,2025-04-01,2025-05-01,51561,2025-04-01 06:00:00
P000337-02,P000337,2,2025-05-01,2025-06-01,51561,2025-05-01 06:00:00
P000337-03,P000337,3,2025-06-01,2025-07-01,51561,2025-06-01 06:00:00
P000337-04,P000337,4,2025-07-01,2025-08-01,51561,2025-07-01 06:00:00
P000337-05,P000337,5,2025-08-01,2025-09-01,51561,2025-08-01 06:00:00
P000337-06,P000337,6,2025-09-01,2025-10-01,51561,2025-09-01 06:00:00
P000337-07,P000337,7,2025-10-01,2025-11-01,51561,2025-10-01 06:00:00
P000337-08,P000337,8,2025-11-01,2025-12-01,51561,2025-11-01 06:00:00
P000337-09,P000337,9,2025-12-01,2026-01-01,51561,2025-12-01 06:00:00
P000338-01,P000338,1,2025-02-16,2025-03-16,48549,2025-02-16 06:00:00
P000338-02,P000338,2,2025-03-16,2025-04-16,48549,2025-03-16 06:00:00
P000338-03,P000338,3,2025-04-16,2025-05-16,48549,2025-04-16 06:00:00
P000338-04,P000338,4,2025-05-16,2025-06-16,48549,2025-05-16 06:00:00
P000338-05,P000338,5,2025-06-16,2025-07-16,48549,2025-06-16 06:00:00
P000338-06,P000338,6,2025-07-16,2025-08-16,48549,2025-07-16 06:00:00
P000338-07,P000338,7,2025-08-16,2025-09-16,48549,2025-08-16 06:00:00
P000338-08,P000338,8,2025-09-16,2025-10-16,48549,2025-09-16 06:00:00
P000338-09,P000338,9,2025-10-16,2025-11-16,48549,2025-10-16 06:00:00
P000338-10,P000338,10,2025-11-16,2025-12-16,48549,2025-11-16 06:00:00
P000338-11,P000338,11,2025-12-16,2026-01-16,48549,2025-12-16 06:00:00
P000339-01,P000339,1,2024-07-21,2024-08-21,8324,2024-07-21 06:00:00
P000339-02,P000339,2,2024-08-21,2024-09-21,8324,2024-08-21 06:00:00
P000339-03,P000339,3,2024-09-21,2024-10-21,8324,2024-09-21 06:00:00
P000339-04,P000339,4,2024-10-21,2024-11-21,8324,2024-10-21 06:00:00
P000339-05,P000339,5,2024-11-21,2024-12-21,8324,2024-11-21 06:00:00
P000339-06,P000339,6,2024-12-21,2025-01-21,8324,2024-12-21 06:00:00
P000339-07,P000339,7,2025-01-21,2025-02-21,8324,2025-01-21 06:00:00
P000339-08,P000339,8,2025-02-21,2025-03-21,8324,2025-02-21 06:00:00
P000339-09,P000339,9,2025-03-21,2025-04-21,8324,2025-03-21 06:00:00
P000339-10,P000339,10,2025-04-21,2025-05-21,8324,2025-04-21 06:00:00
P000339-11,P000339,11,2025-05-21,2025-06-21,8324,2025-05-21 06:00:00
P000339-12,P000339,12,2025-06-21,2025-07-21,8324,2025-06-21 06:00:00
P000340-01,P000340,1,2025-10-08,2025-11-08,38129,2025-10-08 06:00:00
P000340-02,P000340,2,2025-11-08,2025-12-08,38129,2025-11-08 06:00:00
P000340-03,P000340,3,2025-12-08,2026-01-08,38129,2025-12-08 06:00:00
P000341-01,P000341,1,2025-03-03,2025-04-03,24037,2025-03-03 06:00:00
P000341-02,P000341,2,2025-04-03,2025-05-03,24037,2025-04-03 06:00:00
P000341-03,P000341,3,2025-05-03,2025-06-03,24037,2025-05-03 06:00:00
P000341-04,P000341,4,2025-06-03,2025-07-03,26242,2025-06-03 06:00:00
P000341-05,P000341,5,2025-07-03,2025-08-03,26242,2025-07-03 06:00:00
P000341-06,P000341,6,2025-08-03,2025-09-03,26242,2025-08-03 06:00:00
P000341-07,P000341,7,2025-09-03,2025-10-03,26242,2025-09-03 06:00:00
P000341-08,P000341,8,2025-10-03,2025-11-03,26242,2025-10-03 06:00:00
P000341-09,P000341,9,2025-11-03,2025-12-03,26242,2025-11-03 06:00:00
P000341-10,P000341,10,2025-12-03,2026-01-03,26242,2025-12-03 06:00:00
P000342-01,P000342,1,2024-09-29,2024-10-29,11065,2024-09-29 06:00:00
P000342-02,P000342,2,2024-10-29,2024-11-29,11065,2024-10-29 06:00:00
P000342-03,P000342,3,2024-11-29,2024-12-29,11065,2024-11-29 06:00:00
P000342-04,P000342,4,2024-12-29,2025-01-29,11065,2024-12-29 06:00:00
P000342-05,P000342,5,2025-01-29,2025-02-28,11065,2025-01-29 06:00:00
P000342-06,P000342,6,2025-02-28,2025-03-29,11065,2025-02-28 06:00:00
P000342-07,P000342,7,2025-03-29,2025-04-29,11065,2025-03-29 06:00:00
P000342-08,P000342,8,2025-04-29,2025-05-29,11065,2025-04-29 06:00:00
P000342-09,P000342,9,2025-05-29,2025-06-29,11065,2025-05-29 06:00:00
P000342-10,P000342,10,2025-06-29,2025-07-29,11065,2025-06-29 06:00:00
P000342-11,P000342,11,2025-07-29,2025-08-29,11065,2025-07-29 06:00:00
P000342-12,P000342,12,2025-08-29,2025-09-29,11065,2025-08-29 06:00:00
P000343-01,P000343,1,2024-05-25,2024-06-25,11298,2024-05-25 06:00:00
P000343-02,P000343,2,2024-06-25,2024-07-25,11298,2024-06-25 06:00:00
P000343-03,P000343,3,2024-07-25,2024-08-25,13104,2024-07-25 06:00:00
P000343-04,P000343,4,2024-08-25,2024-09-25,13104,2024-08-25 06:00:00
P000343-05,P000343,5,2024-09-25,2024-10-25,13104,2024-09-25 06:00:00
P000343-06,P000343,6,2024-10-25,2024-11-25,13104,2024-10-25 06:00:00
P000343-07,P000343,7,2024-11-25,2024-12-25,13104,2024-11-25 06:00:00
P000343-08,P000343,8,2024-12-25,2025-01-25,13104,2024-12-25 06:00:00
P000343-09,P000343,9,2025-01-25,2025-02-25,13104,2025-01-25 06:00:00
P000343-10,P000343,10,2025-02-25,2025-03-25,13104,2025-02-25 06:00:00
P000343-11,P000343,11,2025-03-25,2025-04-25,13104,2025-03-25 06:00:00
P000344-01,P000344,1,2024-08-18,2024-09-18,2146,2024-08-18 06:00:00
P000344-02,P000344,2,2024-09-18,2024-10-18,2146,2024-09-18 06:00:00
P000344-03,P000344,3,2024-10-18,2024-11-18,2146,2024-10-18 06:00:00
P000344-04,P000344,4,2024-11-18,2024-12-18,2146,2024-11-18 06:00:00
P000344-05,P000344,5,2024-12-18,2025-01-18,2146,2024-12-18 06:00:00
P000344-06,P000344,6,2025-01-18,2025-02-18,2146,2025-01-18 06:00:00
P000344-06,P000344,6,2025-01-18,2025-02-18,2146,2025-01-21 06:00:00
P000344-07,P000344,7,2025-02-18,2025-03-18,2146,2025-02-18 06:00:00
P000344-08,P000344,8,2025-03-18,2025-04-18,2146,2025-03-18 06:00:00
P000344-09,P000344,9,2025-04-18,2025-05-18,2146,2025-04-18 06:00:00
P000344-10,P000344,10,2025-05-18,2025-06-18,2146,2025-05-18 06:00:00
P000344-11,P000344,11,2025-06-18,2025-07-18,2146,2025-06-18 06:00:00
P000344-12,P000344,12,2025-07-18,2025-08-18,2146,2025-07-18 06:00:00
P000345-01,P000345,1,2025-09-29,2025-10-29,45875,2025-09-29 06:00:00
P000345-02,P000345,2,2025-10-29,2025-11-29,45875,2025-10-29 06:00:00
P000345-03,P000345,3,2025-11-29,2025-12-29,47933,2025-11-29 06:00:00
P000345-04,P000345,4,2025-12-29,2026-01-29,47933,2025-12-29 06:00:00
P000346-01,P000346,1,2024-07-29,2024-08-29,42012,2024-07-29 06:00:00
P000346-02,P000346,2,2024-08-29,2024-09-29,42012,2024-08-29 06:00:00
P000346-03,P000346,3,2024-09-29,2024-10-29,42012,2024-09-29 06:00:00
P000346-04,P000346,4,2024-10-29,2024-11-29,42012,2024-10-29 06:00:00
P000346-05,P000346,5,2024-11-29,2024-12-29,42012,2024-11-29 06:00:00
P000346-06,P000346,6,2024-12-29,2025-01-29,42012,2024-12-29 06:00:00
P000346-07,P000346,7,2025-01-29,2025-02-28,42012,2025-01-29 06:00:00
P000346-08,P000346,8,2025-02-28,2025-03-29,42012,2025-02-28 06:00:00
P000346-09,P000346,9,2025-03-29,2025-04-29,42012,2025-03-29 06:00:00
P000346-10,P000346,10,2025-04-29,2025-05-29,42012,2025-04-29 06:00:00
P000346-11,P000346,11,2025-05-29,2025-06-29,42012,2025-05-29 06:00:00
P000346-12,P000346,12,2025-06-29,2025-07-29,42012,2025-06-29 06:00:00
P000347-01,P000347,1,2025-01-16,2025-02-16,57943,2025-01-16 06:00:00
P000347-02,P000347,2,2025-02-16,2025-03-16,57943,2025-02-16 06:00:00
P000347-03,P000347,3,2025-03-16,2025-04-16,57943,2025-03-16 06:00:00
P000347-04,P000347,4,2025-04-16,2025-05-16,57943,2025-04-16 06:00:00
P000347-05,P000347,5,2025-05-16,2025-06-16,57943,2025-05-16 06:00:00
P000347-06,P000347,6,2025-06-16,2025-07-16,70971,2025-06-16 06:00:00
P000347-07,P000347,7,2025-07-16,2025-08-16,70971,2025-07-16 06:00:00
P000347-08,P000347,8,2025-08-16,2025-09-16,70971,2025-08-16 06:00:00
P000347-09,P000347,9,2025-09-16,2025-10-16,70971,2025-09-16 06:00:00
P000347-10,P000347,10,2025-10-16,2025-11-16,70971,2025-10-16 06:00:00
P000347-11,P000347,11,2025-11-16,2025-12-16,70971,2025-11-16 06:00:00
P000347-12,P000347,12,2025-12-16,2026-01-16,70971,2025-12-16 06:00:00
P000348-01,P000348,1,2025-04-21,2025-05-21,15526,2025-04-21 06:00:00
P000348-02,P000348,2,2025-05-21,2025-06-21,15526,2025-05-21 06:00:00
P000348-03,P000348,3,2025-06-21,2025-07-21,15526,2025-06-21 06:00:00
P000348-04,P000348,4,2025-07-21,2025-08-21,18318,2025-07-21 06:00:00
P000348-05,P000348,5,2025-08-21,2025-09-21,18318,2025-08-21 06:00:00
P000348-06,P000348,6,2025-09-21,2025-10-21,18318,2025-09-21 06:00:00
P000348-07,P000348,7,2025-10-21,2025-11-21,18318,2025-10-21 06:00:00
P000348-08,P000348,8,2025-11-21,2025-12-21,18318,2025-11-21 06:00:00
P000348-09,P000348,9,2025-12-21,2026-01-21,18318,2025-12-21 06:00:00
P000349-01,P000349,1,2025-07-11,2025-08-11,51900,2025-07-11 06:00:00
P000349-02,P000349,2,2025-08-11,2025-09-11,51900,2025-08-11 06:00:00
P000349-03,P000349,3,2025-09-11,2025-10-11,51900,2025-09-11 06:00:00
P000349-04,P000349,4,2025-10-11,2025-11-11,51900,2025-10-11 06:00:00
P000349-05,P000349,5,2025-11-11,2025-12-11,51900,2025-11-11 06:00:00
P000349-06,P000349,6,2025-12-11,2026-01-11,51900,2025-12-11 06:00:00
P000350-01,P000350,1,2024-03-29,2024-04-29,82880,2024-03-29 06:00:00
P000350-02,P000350,2,2024-04-29,2024-05-29,82880,2024-04-29 06:00:00
P000350-03,P000350,3,2024-05-29,2024-06-29,89501,2024-05-29 06:00:00
P000350-04,P000350,4,2024-06-29,2024-07-29,89501,2024-06-29 06:00:00
P000350-05,P000350,5,2024-07-29,2024-08-29,89501,2024-07-29 06:00:00
P000350-06,P000350,6,2024-08-29,2024-09-29,89501,2024-08-29 06:00:00
P000350-07,P000350,7,2024-09-29,2024-10-29,89501,2024-09-29 06:00:00
P000350-08,P000350,8,2024-10-29,2024-11-29,89501,2024-10-29 06:00:00
P000350-09,P000350,9,2024-11-29,2024-12-29,89501,2024-11-29 06:00:00
P000350-10,P000350,10,2024-12-29,2025-01-29,89501,2024-12-29 06:00:00
P000350-11,P000350,11,2025-01-29,2025-02-28,89501,2025-01-29 06:00:00
P000350-12,P000350,12,2025-02-28,2025-03-29,89501,2025-02-28 06:00:00
P000350-12,P000350,12,2025-02-28,2025-03-29,89501,2025-03-03 06:00:00
P000351-01,P000351,1,2024-01-11,2024-02-11,2446,2024-01-11 06:00:00
P000351-02,P000351,2,2024-02-11,2024-03-11,2446,2024-02-11 06:00:00
P000351-03,P000351,3,2024-03-11,2024-04-11,2446,2024-03-11 06:00:00
P000351-04,P000351,4,2024-04-11,2024-05-11,2446,2024-04-11 06:00:00
P000351-05,P000351,5,2024-05-11,2024-06-11,2446,2024-05-11 06:00:00
P000351-06,P000351,6,2024-06-11,2024-07-11,2446,2024-06-11 06:00:00
P000351-07,P000351,7,2024-07-11,2024-08-11,2446,2024-07-11 06:00:00
P000351-08,P000351,8,2024-08-11,2024-09-11,2446,2024-08-11 06:00:00
P000351-09,P000351,9,2024-09-11,2024-10-11,2446,2024-09-11 06:00:00
P000351-10,P000351,10,2024-10-11,2024-11-11,2446,2024-10-11 06:00:00
P000351-11,P000351,11,2024-11-11,2024-12-11,2446,2024-11-11 06:00:00
P000351-12,P000351,12,2024-12-11,2025-01-11,2446,2024-12-11 06:00:00
P000352-01,P000352,1,2024-01-06,2024-02-06,12414,2024-01-06 06:00:00
P000352-02,P000352,2,2024-02-06,2024-03-06,12414,2024-02-06 06:00:00
P000352-03,P000352,3,2024-03-06,2024-04-06,12414,2024-03-06 06:00:00
P000352-04,P000352,4,2024-04-06,2024-05-06,12414,2024-04-06 06:00:00
P000352-05,P000352,5,2024-05-06,2024-06-06,12414,2024-05-06 06:00:00
P000352-06,P000352,6,2024-06-06,2024-07-06,12414,2024-06-06 06:00:00
P000352-07,P000352,7,2024-07-06,2024-08-06,12414,2024-07-06 06:00:00
P000352-08,P000352,8,2024-08-06,2024-09-06,12414,2024-08-06 06:00:00
P000352-09,P000352,9,2024-09-06,2024-10-06,12414,2024-09-06 06:00:00
P000352-10,P000352,10,2024-10-06,2024-11-06,12414,2024-10-06 06:00:00
P000352-11,P000352,11,2024-11-06,2024-12-06,12414,2024-11-06 06:00:00
P000352-12,P000352,12,2024-12-06,2025-01-06,14638,2024-12-06 06:00:00
P000353-01,P000353,1,2025-03-22,2025-04-22,12174,2025-03-22 06:00:00
P000353-02,P000353,2,2025-04-22,2025-05-22,12174,2025-04-22 06:00:00
P000353-03,P000353,3,2025-05-22,2025-06-22,12174,2025-05-22 06:00:00
P000353-04,P000353,4,2025-06-22,2025-07-22,12174,2025-06-22 06:00:00
P000353-05,P000353,5,2025-07-22,2025-08-22,12174,2025-07-22 06:00:00
P000353-06,P000353,6,2025-08-22,2025-09-22,12174,2025-08-22 06:00:00
P000353-07,P000353,7,2025-09-22,2025-10-22,12174,2025-09-22 06:00:00
P000353-08,P000353,8,2025-10-22,2025-11-22,12174,2025-10-22 06:00:00
P000353-09,P000353,9,2025-11-22,2025-12-22,12174,2025-11-22 06:00:00
P000353-10,P000353,10,2025-12-22,2026-01-22,12174,2025-12-22 06:00:00
P000354-01,P000354,1,2025-03-18,2025-04-18,8743,2025-03-18 06:00:00
P000354-02,P000354,2,2025-04-18,2025-05-18,8743,2025-04-18 06:00:00
P000354-03,P000354,3,2025-05-18,2025-06-18,8743,2025-05-18 06:00:00
P000354-04,P000354,4,2025-06-18,2025-07-18,8743,2025-06-18 06:00:00
P000354-05,P000354,5,2025-07-18,2025-08-18,8743,2025-07-18 06:00:00
P000354-06,P000354,6,2025-08-18,2025-09-18,8743,2025-08-18 06:00:00
P000354-07,P000354,7,2025-09-18,2025-10-18,8743,2025-09-18 06:00:00
P000354-08,P000354,8,2025-10-18,2025-11-18,8743,2025-10-18 06:00:00
P000354-09,P000354,9,2025-11-18,2025-12-18,8743,2025-11-18 06:00:00
P000354-10,P000354,10,2025-12-18,2026-01-18,8743,2025-12-18 06:00:00
P000355-01,P000355,1,2025-08-26,2025-09-26,17136,2025-08-26 06:00:00
P000355-02,P000355,2,2025-09-26,2025-10-26,17136,2025-09-26 06:00:00
P000355-03,P000355,3,2025-10-26,2025-11-26,17136,2025-10-26 06:00:00
P000355-04,P000355,4,2025-11-26,2025-12-26,17136,2025-11-26 06:00:00
P000355-05,P000355,5,2025-12-26,2026-01-26,17136,2025-12-26 06:00:00
P000356-01,P000356,1,2024-11-27,2024-12-27,17447,2024-11-27 06:00:00
P000356-02,P000356,2,2024-12-27,2025-01-27,17447,2024-12-27 06:00:00
P000356-03,P000356,3,2025-01-27,2025-02-27,17447,2025-01-27 06:00:00
P000356-04,P000356,4,2025-02-27,2025-03-27,17447,2025-02-27 06:00:00
P000356-05,P000356,5,2025-03-27,2025-04-27,17447,2025-03-27 06:00:00
P000356-06,P000356,6,2025-04-27,2025-05-27,17447,2025-04-27 06:00:00
P000356-07,P000356,7,2025-05-27,2025-06-27,17447,2025-05-27 06:00:00
P000356-08,P000356,8,2025-06-27,2025-07-27,17447,2025-06-27 06:00:00
P000356-09,P000356,9,2025-07-27,2025-08-27,17447,2025-07-27 06:00:00
P000356-10,P000356,10,2025-08-27,2025-09-27,17447,2025-08-27 06:00:00
P000356-11,P000356,11,2025-09-27,2025-10-27,17447,2025-09-27 06:00:00
P000356-12,P000356,12,2025-10-27,2025-11-27,17447,2025-10-27 06:00:00
P000357-01,P000357,1,2025-08-20,2025-09-20,75108,2025-08-20 06:00:00
P000357-02,P000357,2,2025-09-20,2025-10-20,75108,2025-09-20 06:00:00
P000357-03,P000357,3,2025-10-20,2025-11-20,75108,2025-10-20 06:00:00
P000357-04,P000357,4,2025-11-20,2025-12-20,75108,2025-11-20 06:00:00
P000357-05,P000357,5,2025-12-20,2026-01-20,75108,2025-12-20 06:00:00
P000358-01,P000358,1,2024-10-11,2024-11-11,55110,2024-10-11 06:00:00
P000358-01,P000358,1,2024-10-11,2024-11-11,55110,2024-10-14 06:00:00
P000358-02,P000358,2,2024-11-11,2024-12-11,55110,2024-11-11 06:00:00
P000358-03,P000358,3,2024-12-11,2025-01-11,55110,2024-12-11 06:00:00
P000358-04,P000358,4,2025-01-11,2025-02-11,55110,2025-01-11 06:00:00
P000358-05,P000358,5,2025-02-11,2025-03-11,55110,2025-02-11 06:00:00
P000358-06,P000358,6,2025-03-11,2025-04-11,55110,2025-03-11 06:00:00
P000358-07,P000358,7,2025-04-11,2025-05-11,55110,2025-04-11 06:00:00
P000358-08,P000358,8,2025-05-11,2025-06-11,55110,2025-05-11 06:00:00
P000358-09,P000358,9,2025-06-11,2025-07-11,55110,2025-06-11 06:00:00
P000358-10,P000358,10,2025-07-11,2025-08-11,55110,2025-07-11 06:00:00
P000358-11,P000358,11,2025-08-11,2025-09-11,55110,2025-08-11 06:00:00
P000358-12,P000358,12,2025-09-11,2025-10-11,55110,2025-09-11 06:00:00
P000359-01,P000359,1,2024-09-01,2024-10-01,13286,2024-09-01 06:00:00
P000359-02,P000359,2,2024-10-01,2024-11-01,13286,2024-10-01 06:00:00
P000359-03,P000359,3,2024-11-01,2024-12-01,13286,2024-11-01 06:00:00
P000359-04,P000359,4,2024-12-01,2025-01-01,13286,2024-12-01 06:00:00
P000359-05,P000359,5,2025-01-01,2025-02-01,13286,2025-01-01 06:00:00
P000359-06,P000359,6,2025-02-01,2025-03-01,13286,2025-02-01 06:00:00
P000359-07,P000359,7,2025-03-01,2025-04-01,13286,2025-03-01 06:00:00
P000359-08,P000359,8,2025-04-01,2025-05-01,13286,2025-04-01 06:00:00
P000359-09,P000359,9,2025-05-01,2025-06-01,13286,2025-05-01 06:00:00
P000359-10,P000359,10,2025-06-01,2025-07-01,13286,2025-06-01 06:00:00
P000359-11,P000359,11,2025-07-01,2025-08-01,13286,2025-07-01 06:00:00
P000359-12,P000359,12,2025-08-01,2025-09-01,13286,2025-08-01 06:00:00
P000360-01,P000360,1,2025-03-28,2025-04-28,16134,2025-03-28 06:00:00
P000360-02,P000360,2,2025-04-28,2025-05-28,16134,2025-04-28 06:00:00
P000360-03,P000360,3,2025-05-28,2025-06-28,16134,2025-05-28 06:00:00
P000360-04,P000360,4,2025-06-28,2025-07-28,16134,2025-06-28 06:00:00
P000360-05,P000360,5,2025-07-28,2025-08-28,16134,2025-07-28 06:00:00
P000360-06,P000360,6,2025-08-28,2025-09-28,16134,2025-08-28 06:00:00
P000360-07,P000360,7,2025-09-28,2025-10-28,19561,2025-09-28 06:00:00
P000360-08,P000360,8,2025-10-28,2025-11-28,19561,2025-10-28 06:00:00
P000360-09,P000360,9,2025-11-28,2025-12-28,19561,2025-11-28 06:00:00
P000360-10,P000360,10,2025-12-28,2026-01-28,19561,2025-12-28 06:00:00
P000361-01,P000361,1,2025-03-10,2025-04-10,11843,2025-03-10 06:00:00
P000361-02,P000361,2,2025-04-10,2025-05-10,11843,2025-04-10 06:00:00
P000361-03,P000361,3,2025-05-10,2025-06-10,11843,2025-05-10 06:00:00
P000361-04,P000361,4,2025-06-10,2025-07-10,11843,2025-06-10 06:00:00
P000361-05,P000361,5,2025-07-10,2025-08-10,11843,2025-07-10 06:00:00
P000361-06,P000361,6,2025-08-10,2025-09-10,11843,2025-08-10 06:00:00
P000361-07,P000361,7,2025-09-10,2025-10-10,11843,2025-09-10 06:00:00
P000361-08,P000361,8,2025-10-10,2025-11-10,11843,2025-10-10 06:00:00
P000361-09,P000361,9,2025-11-10,2025-12-10,11843,2025-11-10 06:00:00
P000361-10,P000361,10,2025-12-10,2026-01-10,11843,2025-12-10 06:00:00
P000362-01,P000362,1,2024-08-29,2024-09-29,59435,2024-08-29 06:00:00
P000362-02,P000362,2,2024-09-29,2024-10-29,59435,2024-09-29 06:00:00
P000362-03,P000362,3,2024-10-29,2024-11-29,59435,2024-10-29 06:00:00
P000362-04,P000362,4,2024-11-29,2024-12-29,59435,2024-11-29 06:00:00
P000362-05,P000362,5,2024-12-29,2025-01-29,59435,2024-12-29 06:00:00
P000362-06,P000362,6,2025-01-29,2025-02-28,59435,2025-01-29 06:00:00
P000362-07,P000362,7,2025-02-28,2025-03-29,59435,2025-02-28 06:00:00
P000362-08,P000362,8,2025-03-29,2025-04-29,59435,2025-03-29 06:00:00
P000362-09,P000362,9,2025-04-29,2025-05-29,59435,2025-04-29 06:00:00
P000362-10,P000362,10,2025-05-29,2025-06-29,59435,2025-05-29 06:00:00
P000362-11,P000362,11,2025-06-29,2025-07-29,59435,2025-06-29 06:00:00
P000362-12,P000362,12,2025-07-29,2025-08-29,59435,2025-07-29 06:00:00
P000363-01,P000363,1,2024-05-15,2024-06-15,11302,2024-05-15 06:00:00
P000363-02,P000363,2,2024-06-15,2024-07-15,11302,2024-06-15 06:00:00
P000363-03,P000363,3,2024-07-15,2024-08-15,11302,2024-07-15 06:00:00
P000363-04,P000363,4,2024-08-15,2024-09-15,11302,2024-08-15 06:00:00
P000363-05,P000363,5,2024-09-15,2024-10-15,11302,2024-09-15 06:00:00
P000363-06,P000363,6,2024-10-15,2024-11-15,10226,2024-10-15 06:00:00
P000363-07,P000363,7,2024-11-15,2024-12-15,10226,2024-11-15 06:00:00
P000363-08,P000363,8,2024-12-15,2025-01-15,10226,2024-12-15 06:00:00
P000363-09,P000363,9,2025-01-15,2025-02-15,10226,2025-01-15 06:00:00
P000363-10,P000363,10,2025-02-15,2025-03-15,10226,2025-02-15 06:00:00
P000363-11,P000363,11,2025-03-15,2025-04-15,10226,2025-03-15 06:00:00
P000363-12,P000363,12,2025-04-15,2025-05-15,10226,2025-04-15 06:00:00
P000364-01,P000364,1,2024-01-17,2024-02-17,8721,2024-01-17 06:00:00
P000364-02,P000364,2,2024-02-17,2024-03-17,8721,2024-02-17 06:00:00
P000364-03,P000364,3,2024-03-17,2024-04-17,8721,2024-03-17 06:00:00
P000364-04,P000364,4,2024-04-17,2024-05-17,8721,2024-04-17 06:00:00
P000364-05,P000364,5,2024-05-17,2024-06-17,8490,2024-05-17 06:00:00
P000364-06,P000364,6,2024-06-17,2024-07-17,8490,2024-06-17 06:00:00
P000364-07,P000364,7,2024-07-17,2024-08-17,8490,2024-07-17 06:00:00
P000364-08,P000364,8,2024-08-17,2024-09-17,8490,2024-08-17 06:00:00
P000364-09,P000364,9,2024-09-17,2024-10-17,8490,2024-09-17 06:00:00
P000364-10,P000364,10,2024-10-17,2024-11-17,8490,2024-10-17 06:00:00
P000364-11,P000364,11,2024-11-17,2024-12-17,8490,2024-11-17 06:00:00
P000364-12,P000364,12,2024-12-17,2025-01-17,8490,2024-12-17 06:00:00
P000365-01,P000365,1,2024-02-22,2024-03-22,15935,2024-02-22 06:00:00
P000365-02,P000365,2,2024-03-22,2024-04-22,15935,2024-03-22 06:00:00
P000365-03,P000365,3,2024-04-22,2024-05-22,15935,2024-04-22 06:00:00
P000365-04,P000365,4,2024-05-22,2024-06-22,15935,2024-05-22 06:00:00
P000365-05,P000365,5,2024-06-22,2024-07-22,15935,2024-06-22 06:00:00
P000365-06,P000365,6,2024-07-22,2024-08-22,15935,2024-07-22 06:00:00
P000365-07,P000365,7,2024-08-22,2024-09-22,15935,2024-08-22 06:00:00
P000365-08,P000365,8,2024-09-22,2024-10-22,15935,2024-09-22 06:00:00
P000365-09,P000365,9,2024-10-22,2024-11-22,15935,2024-10-22 06:00:00
P000365-10,P000365,10,2024-11-22,2024-12-22,15935,2024-11-22 06:00:00
P000365-11,P000365,11,2024-12-22,2025-01-22,15935,2024-12-22 06:00:00
P000365-12,P000365,12,2025-01-22,2025-02-22,15935,2025-01-22 06:00:00
P000366-01,P000366,1,2024-02-12,2024-03-12,11443,2024-02-12 06:00:00
P000366-02,P000366,2,2024-03-12,2024-04-12,11443,2024-03-12 06:00:00
P000366-03,P000366,3,2024-04-12,2024-05-12,11443,2024-04-12 06:00:00
P000366-04,P000366,4,2024-05-12,2024-06-12,11443,2024-05-12 06:00:00
P000366-05,P000366,5,2024-06-12,2024-07-12,11443,2024-06-12 06:00:00
P000366-06,P000366,6,2024-07-12,2024-08-12,11443,2024-07-12 06:00:00
P000366-07,P000366,7,2024-08-12,2024-09-12,11443,2024-08-12 06:00:00
P000366-08,P000366,8,2024-09-12,2024-10-12,11443,2024-09-12 06:00:00
P000366-09,P000366,9,2024-10-12,2024-11-12,11443,2024-10-12 06:00:00
P000366-10,P000366,10,2024-11-12,2024-12-12,11443,2024-11-12 06:00:00
P000366-11,P000366,11,2024-12-12,2025-01-12,11443,2024-12-12 06:00:00
P000366-12,P000366,12,2025-01-12,2025-02-12,11443,2025-01-12 06:00:00
P000367-01,P000367,1,2025-02-18,2025-03-18,35370,2025-02-18 06:00:00
P000367-02,P000367,2,2025-03-18,2025-04-18,35370,2025-03-18 06:00:00
P000367-03,P000367,3,2025-04-18,2025-05-18,35370,2025-04-18 06:00:00
P000367-04,P000367,4,2025-05-18,2025-06-18,35370,2025-05-18 06:00:00
P000367-05,P000367,5,2025-06-18,2025-07-18,35370,2025-06-18 06:00:00
P000367-06,P000367,6,2025-07-18,2025-08-18,35370,2025-07-18 06:00:00
P000367-07,P000367,7,2025-08-18,2025-09-18,35370,2025-08-18 06:00:00
P000367-08,P000367,8,2025-09-18,2025-10-18,35370,2025-09-18 06:00:00
P000367-09,P000367,9,2025-10-18,2025-11-18,35370,2025-10-18 06:00:00
P000367-10,P000367,10,2025-11-18,2025-12-18,35370,2025-11-18 06:00:00
P000367-11,P000367,11,2025-12-18,2026-01-18,35370,2025-12-18 06:00:00
P000368-01,P000368,1,2025-03-22,2025-04-22,52780,2025-03-22 06:00:00
P000368-02,P000368,2,2025-04-22,2025-05-22,52780,2025-04-22 06:00:00
P000368-03,P000368,3,2025-05-22,2025-06-22,52780,2025-05-22 06:00:00
P000368-04,P000368,4,2025-06-22,2025-07-22,52780,2025-06-22 06:00:00
P000368-05,P000368,5,2025-07-22,2025-08-22,52780,2025-07-22 06:00:00
P000368-06,P000368,6,2025-08-22,2025-09-22,52780,2025-08-22 06:00:00
P000368-07,P000368,7,2025-09-22,2025-10-22,52780,2025-09-22 06:00:00
P000368-08,P000368,8,2025-10-22,2025-11-22,52780,2025-10-22 06:00:00
P000368-09,P000368,9,2025-11-22,2025-12-22,52780,2025-11-22 06:00:00
P000368-10,P000368,10,2025-12-22,2026-01-22,65160,2025-12-22 06:00:00
P000369-01,P000369,1,2025-05-19,2025-06-19,22740,2025-05-19 06:00:00
P000369-02,P000369,2,2025-06-19,2025-07-19,22740,2025-06-19 06:00:00
P000369-03,P000369,3,2025-07-19,2025-08-19,22740,2025-07-19 06:00:00
P000369-04,P000369,4,2025-08-19,2025-09-19,22740,2025-08-19 06:00:00
P000369-05,P000369,5,2025-09-19,2025-10-19,25901,2025-09-19 06:00:00
P000369-06,P000369,6,2025-10-19,2025-11-19,25901,2025-10-19 06:00:00
P000369-07,P000369,7,2025-11-19,2025-12-19,25901,2025-11-19 06:00:00
P000369-07,P000369,7,2025-11-19,2025-12-19,25901,2025-11-22 06:00:00
P000369-08,P000369,8,2025-12-19,2026-01-19,25901,2025-12-19 06:00:00
P000370-01,P000370,1,2025-08-30,2025-09-30,6743,2025-08-30 06:00:00
P000370-02,P000370,2,2025-09-30,2025-10-30,6743,2025-09-30 06:00:00
P000370-03,P000370,3,2025-10-30,2025-11-30,6743,2025-10-30 06:00:00
P000371-01,P000371,1,2025-02-14,2025-03-14,7033,2025-02-14 06:00:00
P000371-02,P000371,2,2025-03-14,2025-04-14,7033,2025-03-14 06:00:00
P000371-03,P000371,3,2025-04-14,2025-05-14,7033,2025-04-14 06:00:00
P000371-04,P000371,4,2025-05-14,2025-06-14,6517,2025-05-14 06:00:00
P000371-05,P000371,5,2025-06-14,2025-07-14,6517,2025-06-14 06:00:00
P000371-06,P000371,6,2025-07-14,2025-08-14,6517,2025-07-14 06:00:00
P000371-07,P000371,7,2025-08-14,2025-09-14,6517,2025-08-14 06:00:00
P000371-08,P000371,8,2025-09-14,2025-10-14,6517,2025-09-14 06:00:00
P000371-09,P000371,9,2025-10-14,2025-11-14,6517,2025-10-14 06:00:00
P000371-10,P000371,10,2025-11-14,2025-12-14,6517,2025-11-14 06:00:00
P000371-11,P000371,11,2025-12-14,2026-01-14,6517,2025-12-14 06:00:00
P000372-01,P000372,1,2024-02-13,2024-03-13,14492,2024-02-13 06:00:00
P000372-02,P000372,2,2024-03-13,2024-04-13,14492,2024-03-13 06:00:00
P000372-03,P000372,3,2024-04-13,2024-05-13,14492,2024-04-13 06:00:00
P000372-04,P000372,4,2024-05-13,2024-06-13,14492,2024-05-13 06:00:00
P000372-05,P000372,5,2024-06-13,2024-07-13,14492,2024-06-13 06:00:00
P000372-05,P000372,5,2024-06-13,2024-07-13,14492,2024-06-16 06:00:00
P000372-06,P000372,6,2024-07-13,2024-08-13,14492,2024-07-13 06:00:00
P000372-07,P000372,7,2024-08-13,2024-09-13,14492,2024-08-13 06:00:00
P000372-08,P000372,8,2024-09-13,2024-10-13,14492,2024-09-13 06:00:00
P000372-09,P000372,9,2024-10-13,2024-11-13,14492,2024-10-13 06:00:00
P000372-10,P000372,10,2024-11-13,2024-12-13,14492,2024-11-13 06:00:00
P000372-11,P000372,11,2024-12-13,2025-01-13,14492,2024-12-13 06:00:00
P000372-12,P000372,12,2025-01-13,2025-02-13,14492,2025-01-13 06:00:00
P000373-01,P000373,1,2025-06-25,2025-07-25,16334,2025-06-25 06:00:00
P000373-02,P000373,2,2025-07-25,2025-08-25,16334,2025-07-25 06:00:00
P000373-03,P000373,3,2025-08-25,2025-09-25,16334,2025-08-25 06:00:00
P000373-04,P000373,4,2025-09-25,2025-10-25,16334,2025-09-25 06:00:00
P000373-05,P000373,5,2025-10-25,2025-11-25,16334,2025-10-25 06:00:00
P000373-06,P000373,6,2025-11-25,2025-12-25,16334,2025-11-25 06:00:00
P000373-07,P000373,7,2025-12-25,2026-01-25,16334,2025-12-25 06:00:00
P000374-01,P000374,1,2025-10-17,2025-11-17,135101,2025-10-17 06:00:00
P000374-02,P000374,2,2025-11-17,2025-12-17,135101,2025-11-17 06:00:00
P000374-03,P000374,3,2025-12-17,2026-01-17,135101,2025-12-17 06:00:00
P000375-01,P000375,1,2025-11-02,2025-12-02,7756,2025-11-02 06:00:00
P000375-02,P000375,2,2025-12-02,2026-01-02,7756,2025-12-02 06:00:00
P000376-01,P000376,1,2024-06-29,2024-07-29,10995,2024-06-29 06:00:00
P000376-02,P000376,2,2024-07-29,2024-08-29,10995,2024-07-29 06:00:00
P000376-03,P000376,3,2024-08-29,2024-09-29,10995,2024-08-29 06:00:00
P000376-04,P000376,4,2024-09-29,2024-10-29,10995,2024-09-29 06:00:00
P000376-05,P000376,5,2024-10-29,2024-11-29,10995,2024-10-29 06:00:00
P000376-06,P000376,6,2024-11-29,2024-12-29,10995,2024-11-29 06:00:00
P000376-07,P000376,7,2024-12-29,2025-01-29,10995,2024-12-29 06:00:00
P000376-08,P000376,8,2025-01-29,2025-02-28,11623,2025-01-29 06:00:00
P000376-09,P000376,9,2025-02-28,2025-03-29,11623,2025-02-28 06:00:00
P000376-10,P000376,10,2025-03-29,2025-04-29,11623,2025-03-29 06:00:00
P000376-11,P000376,11,2025-04-29,2025-05-29,11623,2025-04-29 06:00:00
P000376-12,P000376,12,2025-05-29,2025-06-29,11623,2025-05-29 06:00:00
P000377-01,P000377,1,2024-11-15,2024-12-15,77245,2024-11-15 06:00:00
P000377-02,P000377,2,2024-12-15,2025-01-15,77245,2024-12-15 06:00:00
P000377-03,P000377,3,2025-01-15,2025-02-15,77245,2025-01-15 06:00:00
P000377-04,P000377,4,2025-02-15,2025-03-15,77245,2025-02-15 06:00:00
P000377-05,P000377,5,2025-03-15,2025-04-15,77245,2025-03-15 06:00:00
P000377-06,P000377,6,2025-04-15,2025-05-15,77245,2025-04-15 06:00:00
P000377-07,P000377,7,2025-05-15,2025-06-15,77245,2025-05-15 06:00:00
P000377-08,P000377,8,2025-06-15,2025-07-15,77245,2025-06-15 06:00:00
P000377-09,P000377,9,2025-07-15,2025-08-15,77245,2025-07-15 06:00:00
P000377-10,P000377,10,2025-08-15,2025-09-15,77245,2025-08-15 06:00:00
P000377-11,P000377,11,2025-09-15,2025-10-15,77245,2025-09-15 06:00:00
P000377-12,P000377,12,2025-10-15,2025-11-15,77245,2025-10-15 06:00:00
P000378-01,P000378,1,2024-10-26,2024-11-26,70767,2024-10-26 06:00:00
P000378-02,P000378,2,2024-11-26,2024-12-26,70767,2024-11-26 06:00:00
P000378-03,P000378,3,2024-12-26,2025-01-26,70767,2024-12-26 06:00:00
P000378-04,P000378,4,2025-01-26,2025-02-26,70767,2025-01-26 06:00:00
P000378-05,P000378,5,2025-02-26,2025-03-26,70767,2025-02-26 06:00:00
P000378-06,P000378,6,2025-03-26,2025-04-26,70767,2025-03-26 06:00:00
P000378-07,P000378,7,2025-04-26,2025-05-26,70767,2025-04-26 06:00:00
P000378-08,P000378,8,2025-05-26,2025-06-26,70767,2025-05-26 06:00:00
P000378-09,P000378,9,2025-06-26,2025-07-26,70767,2025-06-26 06:00:00
P000378-10,P000378,10,2025-07-26,2025-08-26,70767,2025-07-26 06:00:00
P000378-11,P000378,11,2025-08-26,2025-09-26,70767,2025-08-26 06:00:00
P000378-12,P000378,12,2025-09-26,2025-10-26,67280,2025-09-26 06:00:00
P000379-01,P000379,1,2025-04-14,2025-05-14,11820,2025-04-14 06:00:00
P000379-02,P000379,2,2025-05-14,2025-06-14,11820,2025-05-14 06:00:00
P000379-03,P000379,3,2025-06-14,2025-07-14,11820,2025-06-14 06:00:00
P000379-04,P000379,4,2025-07-14,2025-08-14,11820,2025-07-14 06:00:00
P000379-05,P000379,5,2025-08-14,2025-09-14,11820,2025-08-14 06:00:00
P000379-06,P000379,6,2025-09-14,2025-10-14,11820,2025-09-14 06:00:00
P000379-07,P000379,7,2025-10-14,2025-11-14,11820,2025-10-14 06:00:00
P000379-08,P000379,8,2025-11-14,2025-12-14,11820,2025-11-14 06:00:00
P000379-09,P000379,9,2025-12-14,2026-01-14,11820,2025-12-14 06:00:00
P000380-01,P000380,1,2025-03-24,2025-04-24,12019,2025-03-24 06:00:00
P000380-02,P000380,2,2025-04-24,2025-05-24,12019,2025-04-24 06:00:00
P000380-03,P000380,3,2025-05-24,2025-06-24,12019,2025-05-24 06:00:00
P000380-04,P000380,4,2025-06-24,2025-07-24,12019,2025-06-24 06:00:00
P000380-05,P000380,5,2025-07-24,2025-08-24,12019,2025-07-24 06:00:00
P000380-06,P000380,6,2025-08-24,2025-09-24,12019,2025-08-24 06:00:00
P000380-07,P000380,7,2025-09-24,2025-10-24,12019,2025-09-24 06:00:00
P000380-08,P000380,8,2025-10-24,2025-11-24,12019,2025-10-24 06:00:00
P000380-09,P000380,9,2025-11-24,2025-12-24,12019,2025-11-24 06:00:00
P000380-10,P000380,10,2025-12-24,2026-01-24,12019,2025-12-24 06:00:00
P000381-01,P000381,1,2025-09-20,2025-10-20,22882,2025-09-20 06:00:00
P000381-02,P000381,2,2025-10-20,2025-11-20,22882,2025-10-20 06:00:00
P000381-03,P000381,3,2025-11-20,2025-12-20,22882,2025-11-20 06:00:00
P000381-04,P000381,4,2025-12-20,2026-01-20,21723,2025-12-20 06:00:00
P000382-01,P000382,1,2025-09-08,2025-10-08,82686,2025-09-08 06:00:00
P000382-02,P000382,2,2025-10-08,2025-11-08,82686,2025-10-08 06:00:00
P000382-03,P000382,3,2025-11-08,2025-12-08,82686,2025-11-08 06:00:00
P000382-04,P000382,4,2025-12-08,2026-01-08,82686,2025-12-08 06:00:00
P000383-01,P000383,1,2024-04-15,2024-05-15,2238,2024-04-15 06:00:00
P000383-02,P000383,2,2024-05-15,2024-06-15,2238,2024-05-15 06:00:00
P000383-03,P000383,3,2024-06-15,2024-07-15,2238,2024-06-15 06:00:00
P000383-04,P000383,4,2024-07-15,2024-08-15,2238,2024-07-15 06:00:00
P000383-05,P000383,5,2024-08-15,2024-09-15,2238,2024-08-15 06:00:00
P000383-06,P000383,6,2024-09-15,2024-10-15,2238,2024-09-15 06:00:00
P000383-07,P000383,7,2024-10-15,2024-11-15,2238,2024-10-15 06:00:00
P000383-08,P000383,8,2024-11-15,2024-12-15,2238,2024-11-15 06:00:00
P000383-09,P000383,9,2024-12-15,2025-01-15,2238,2024-12-15 06:00:00
P000383-10,P000383,10,2025-01-15,2025-02-15,2238,2025-01-15 06:00:00
P000383-11,P000383,11,2025-02-15,2025-03-15,2150,2025-02-15 06:00:00
P000383-12,P000383,12,2025-03-15,2025-04-15,2150,2025-03-15 06:00:00
P000384-01,P000384,1,2024-11-02,2024-12-02,72957,2024-11-02 06:00:00
P000384-02,P000384,2,2024-12-02,2025-01-02,72957,2024-12-02 06:00:00
P000384-03,P000384,3,2025-01-02,2025-02-02,72957,2025-01-02 06:00:00
P000384-04,P000384,4,2025-02-02,2025-03-02,72957,2025-02-02 06:00:00
P000384-05,P000384,5,2025-03-02,2025-04-02,67131,2025-03-02 06:00:00
P000384-06,P000384,6,2025-04-02,2025-05-02,67131,2025-04-02 06:00:00
P000384-07,P000384,7,2025-05-02,2025-06-02,67131,2025-05-02 06:00:00
P000384-08,P000384,8,2025-06-02,2025-07-02,67131,2025-06-02 06:00:00
P000384-09,P000384,9,2025-07-02,2025-08-02,67131,2025-07-02 06:00:00
P000384-10,P000384,10,2025-08-02,2025-09-02,67131,2025-08-02 06:00:00
P000384-11,P000384,11,2025-09-02,2025-10-02,67131,2025-09-02 06:00:00
P000384-12,P000384,12,2025-10-02,2025-11-02,67131,2025-10-02 06:00:00
P000385-01,P000385,1,2024-09-24,2024-10-24,10733,2024-09-24 06:00:00
P000385-02,P000385,2,2024-10-24,2024-11-24,10733,2024-10-24 06:00:00
P000385-03,P000385,3,2024-11-24,2024-12-24,10733,2024-11-24 06:00:00
P000385-04,P000385,4,2024-12-24,2025-01-24,10733,2024-12-24 06:00:00
P000385-05,P000385,5,2025-01-24,2025-02-24,10733,2025-01-24 06:00:00
P000385-06,P000385,6,2025-02-24,2025-03-24,10733,2025-02-24 06:00:00
P000385-07,P000385,7,2025-03-24,2025-04-24,10733,2025-03-24 06:00:00
P000385-08,P000385,8,2025-04-24,2025-05-24,10733,2025-04-24 06:00:00
P000385-09,P000385,9,2025-05-24,2025-06-24,10733,2025-05-24 06:00:00
P000385-10,P000385,10,2025-06-24,2025-07-24,10733,2025-06-24 06:00:00
P000385-11,P000385,11,2025-07-24,2025-08-24,10733,2025-07-24 06:00:00
P000385-12,P000385,12,2025-08-24,2025-09-24,10733,2025-08-24 06:00:00
P000386-01,P000386,1,2024-01-25,2024-02-25,3801,2024-01-25 06:00:00
P000386-02,P000386,2,2024-02-25,2024-03-25,3801,2024-02-25 06:00:00
P000386-03,P000386,3,2024-03-25,2024-04-25,3801,2024-03-25 06:00:00
P000386-04,P000386,4,2024-04-25,2024-05-25,3801,2024-04-25 06:00:00
P000386-05,P000386,5,2024-05-25,2024-06-25,3801,2024-05-25 06:00:00
P000386-06,P000386,6,2024-06-25,2024-07-25,3801,2024-06-25 06:00:00
P000386-07,P000386,7,2024-07-25,2024-08-25,3801,2024-07-25 06:00:00
P000386-08,P000386,8,2024-08-25,2024-09-25,3801,2024-08-25 06:00:00
P000386-09,P000386,9,2024-09-25,2024-10-25,3801,2024-09-25 06:00:00
P000386-10,P000386,10,2024-10-25,2024-11-25,3801,2024-10-25 06:00:00
P000386-11,P000386,11,2024-11-25,2024-12-25,3801,2024-11-25 06:00:00
P000386-12,P000386,12,2024-12-25,2025-01-25,3801,2024-12-25 06:00:00
P000387-01,P000387,1,2025-06-12,2025-07-12,10415,2025-06-12 06:00:00
P000387-02,P000387,2,2025-07-12,2025-08-12,10415,2025-07-12 06:00:00
P000387-03,P000387,3,2025-08-12,2025-09-12,10415,2025-08-12 06:00:00
P000387-04,P000387,4,2025-09-12,2025-10-12,10415,2025-09-12 06:00:00
P000387-05,P000387,5,2025-10-12,2025-11-12,12331,2025-10-12 06:00:00
P000387-06,P000387,6,2025-11-12,2025-12-12,12331,2025-11-12 06:00:00
P000387-07,P000387,7,2025-12-12,2026-01-12,12331,2025-12-12 06:00:00
P000388-01,P000388,1,2024-01-18,2024-02-18,3672,2024-01-18 06:00:00
P000388-02,P000388,2,2024-02-18,2024-03-18,3672,2024-02-18 06:00:00
P000388-03,P000388,3,2024-03-18,2024-04-18,3672,2024-03-18 06:00:00
P000388-04,P000388,4,2024-04-18,2024-05-18,3672,2024-04-18 06:00:00
P000388-05,P000388,5,2024-05-18,2024-06-18,3672,2024-05-18 06:00:00
P000388-06,P000388,6,2024-06-18,2024-07-18,3672,2024-06-18 06:00:00
P000388-07,P000388,7,2024-07-18,2024-08-18,3672,2024-07-18 06:00:00
P000388-08,P000388,8,2024-08-18,2024-09-18,3672,2024-08-18 06:00:00
P000388-09,P000388,9,2024-09-18,2024-10-18,3672,2024-09-18 06:00:00
P000388-10,P000388,10,2024-10-18,2024-11-18,3672,2024-10-18 06:00:00
P000388-11,P000388,11,2024-11-18,2024-12-18,3672,2024-11-18 06:00:00
P000388-12,P000388,12,2024-12-18,2025-01-18,3672,2024-12-18 06:00:00
P000389-01,P000389,1,2024-07-11,2024-08-11,2195,2024-07-11 06:00:00
P000389-02,P000389,2,2024-08-11,2024-09-11,2195,2024-08-11 06:00:00
P000389-03,P000389,3,2024-09-11,2024-10-11,2195,2024-09-11 06:00:00
P000389-04,P000389,4,2024-10-11,2024-11-11,2195,2024-10-11 06:00:00
P000389-05,P000389,5,2024-11-11,2024-12-11,2195,2024-11-11 06:00:00
P000389-06,P000389,6,2024-12-11,2025-01-11,2195,2024-12-11 06:00:00
P000389-07,P000389,7,2025-01-11,2025-02-11,2195,2025-01-11 06:00:00
P000389-08,P000389,8,2025-02-11,2025-03-11,2195,2025-02-11 06:00:00
P000389-09,P000389,9,2025-03-11,2025-04-11,2195,2025-03-11 06:00:00
P000389-10,P000389,10,2025-04-11,2025-05-11,2195,2025-04-11 06:00:00
P000389-11,P000389,11,2025-05-11,2025-06-11,2195,2025-05-11 06:00:00
P000389-12,P000389,12,2025-06-11,2025-07-11,2195,2025-06-11 06:00:00
P000390-01,P000390,1,2024-09-14,2024-10-14,14178,2024-09-14 06:00:00
P000390-02,P000390,2,2024-10-14,2024-11-14,14178,2024-10-14 06:00:00
P000390-03,P000390,3,2024-11-14,2024-12-14,14178,2024-11-14 06:00:00
P000390-04,P000390,4,2024-12-14,2025-01-14,14178,2024-12-14 06:00:00
P000390-05,P000390,5,2025-01-14,2025-02-14,14178,2025-01-14 06:00:00
P000390-06,P000390,6,2025-02-14,2025-03-14,15328,2025-02-14 06:00:00
P000390-07,P000390,7,2025-03-14,2025-04-14,15328,2025-03-14 06:00:00
P000390-08,P000390,8,2025-04-14,2025-05-14,15328,2025-04-14 06:00:00
P000390-09,P000390,9,2025-05-14,2025-06-14,15328,2025-05-14 06:00:00
P000390-10,P000390,10,2025-06-14,2025-07-14,15328,2025-06-14 06:00:00
P000390-11,P000390,11,2025-07-14,2025-08-14,15328,2025-07-14 06:00:00
P000390-12,P000390,12,2025-08-14,2025-09-14,15328,2025-08-14 06:00:00
P000391-01,P000391,1,2024-09-04,2024-10-04,12243,2024-09-04 06:00:00
P000391-02,P000391,2,2024-10-04,2024-11-04,12243,2024-10-04 06:00:00
P000391-03,P000391,3,2024-11-04,2024-12-04,12243,2024-11-04 06:00:00
P000391-04,P000391,4,2024-12-04,2025-01-04,12243,2024-12-04 06:00:00
P000391-05,P000391,5,2025-01-04,2025-02-04,12243,2025-01-04 06:00:00
P000391-06,P000391,6,2025-02-04,2025-03-04,12243,2025-02-04 06:00:00
P000391-07,P000391,7,2025-03-04,2025-04-04,12243,2025-03-04 06:00:00
P000391-08,P000391,8,2025-04-04,2025-05-04,12243,2025-04-04 06:00:00
P000392-01,P000392,1,2024-05-17,2024-06-17,14124,2024-05-17 06:00:00
P000392-02,P000392,2,2024-06-17,2024-07-17,14124,2024-06-17 06:00:00
P000392-03,P000392,3,2024-07-17,2024-08-17,14124,2024-07-17 06:00:00
P000392-04,P000392,4,2024-08-17,2024-09-17,14124,2024-08-17 06:00:00
P000392-05,P000392,5,2024-09-17,2024-10-17,14124,2024-09-17 06:00:00
P000392-06,P000392,6,2024-10-17,2024-11-17,14124,2024-10-17 06:00:00
P000392-07,P000392,7,2024-11-17,2024-12-17,14124,2024-11-17 06:00:00
P000392-08,P000392,8,2024-12-17,2025-01-17,14124,2024-12-17 06:00:00
P000392-09,P000392,9,2025-01-17,2025-02-17,14124,2025-01-17 06:00:00
P000392-10,P000392,10,2025-02-17,2025-03-17,14124,2025-02-17 06:00:00
P000392-11,P000392,11,2025-03-17,2025-04-17,14124,2025-03-17 06:00:00
P000392-12,P000392,12,2025-04-17,2025-05-17,14124,2025-04-17 06:00:00
P000393-01,P000393,1,2024-01-31,2024-02-29,83684,2024-01-31 06:00:00
P000393-02,P000393,2,2024-02-29,2024-03-31,83684,2024-02-29 06:00:00
P000393-03,P000393,3,2024-03-31,2024-04-30,83684,2024-03-31 06:00:00
P000393-04,P000393,4,2024-04-30,2024-05-31,83684,2024-04-30 06:00:00
P000393-05,P000393,5,2024-05-31,2024-06-30,83684,2024-05-31 06:00:00
P000393-06,P000393,6,2024-06-30,2024-07-31,83684,2024-06-30 06:00:00
P000393-07,P000393,7,2024-07-31,2024-08-31,83684,2024-07-31 06:00:00
P000393-08,P000393,8,2024-08-31,2024-09-30,83684,2024-08-31 06:00:00
P000393-09,P000393,9,2024-09-30,2024-10-31,83684,2024-09-30 06:00:00
P000393-10,P000393,10,2024-10-31,2024-11-30,83684,2024-10-31 06:00:00
P000393-11,P000393,11,2024-11-30,2024-12-31,83684,2024-11-30 06:00:00
P000393-12,P000393,12,2024-12-31,2025-01-31,83684,2024-12-31 06:00:00
P000394-01,P000394,1,2024-03-19,2024-04-19,51938,2024-03-19 06:00:00
P000394-02,P000394,2,2024-04-19,2024-05-19,51938,2024-04-19 06:00:00
P000394-03,P000394,3,2024-05-19,2024-06-19,51938,2024-05-19 06:00:00
P000394-04,P000394,4,2024-06-19,2024-07-19,51938,2024-06-19 06:00:00
P000394-05,P000394,5,2024-07-19,2024-08-19,51938,2024-07-19 06:00:00
P000394-06,P000394,6,2024-08-19,2024-09-19,51938,2024-08-19 06:00:00
P000394-07,P000394,7,2024-09-19,2024-10-19,51938,2024-09-19 06:00:00
P000394-08,P000394,8,2024-10-19,2024-11-19,51938,2024-10-19 06:00:00
P000394-09,P000394,9,2024-11-19,2024-12-19,51938,2024-11-19 06:00:00
P000394-10,P000394,10,2024-12-19,2025-01-19,60243,2024-12-19 06:00:00
P000394-11,P000394,11,2025-01-19,2025-02-19,60243,2025-01-19 06:00:00
P000394-12,P000394,12,2025-02-19,2025-03-19,60243,2025-02-19 06:00:00
P000395-01,P000395,1,2025-02-21,2025-03-21,14150,2025-02-21 06:00:00
P000395-02,P000395,2,2025-03-21,2025-04-21,14150,2025-03-21 06:00:00
P000395-03,P000395,3,2025-04-21,2025-05-21,14150,2025-04-21 06:00:00
P000395-04,P000395,4,2025-05-21,2025-06-21,14150,2025-05-21 06:00:00
P000395-05,P000395,5,2025-06-21,2025-07-21,14150,2025-06-21 06:00:00
P000395-06,P000395,6,2025-07-21,2025-08-21,14150,2025-07-21 06:00:00
P000395-07,P000395,7,2025-08-21,2025-09-21,14150,2025-08-21 06:00:00
P000395-08,P000395,8,2025-09-21,2025-10-21,14150,2025-09-21 06:00:00
P000395-09,P000395,9,2025-10-21,2025-11-21,14150,2025-10-21 06:00:00
P000395-10,P000395,10,2025-11-21,2025-12-21,14150,2025-11-21 06:00:00
P000395-11,P000395,11,2025-12-21,2026-01-21,14150,2025-12-21 06:00:00
P000396-01,P000396,1,2024-01-28,2024-02-28,1856,2024-01-28 06:00:00
P000396-02,P000396,2,2024-02-28,2024-03-28,1856,2024-02-28 06:00:00
P000396-03,P000396,3,2024-03-28,2024-04-28,1856,2024-03-28 06:00:00
P000396-04,P000396,4,2024-04-28,2024-05-28,1856,2024-04-28 06:00:00
P000396-05,P000396,5,2024-05-28,2024-06-28,1856,2024-05-28 06:00:00
P000396-06,P000396,6,2024-06-28,2024-07-28,1856,2024-06-28 06:00:00
P000396-07,P000396,7,2024-07-28,2024-08-28,1856,2024-07-28 06:00:00
P000396-08,P000396,8,2024-08-28,2024-09-28,1856,2024-08-28 06:00:00
P000396-09,P000396,9,2024-09-28,2024-10-28,1856,2024-09-28 06:00:00
P000396-10,P000396,10,2024-10-28,2024-11-28,1856,2024-10-28 06:00:00
P000396-11,P000396,11,2024-11-28,2024-12-28,1856,2024-11-28 06:00:00
P000396-12,P000396,12,2024-12-28,2025-01-28,1856,2024-12-28 06:00:00
P000397-01,P000397,1,2024-02-11,2024-03-11,9207,2024-02-11 06:00:00
P000397-02,P000397,2,2024-03-11,2024-04-11,9207,2024-03-11 06:00:00
P000397-03,P000397,3,2024-04-11,2024-05-11,9207,2024-04-11 06:00:00
P000397-04,P000397,4,2024-05-11,2024-06-11,9207,2024-05-11 06:00:00
P000397-05,P000397,5,2024-06-11,2024-07-11,9207,2024-06-11 06:00:00
P000397-06,P000397,6,2024-07-11,2024-08-11,9207,2024-07-11 06:00:00
P000397-07,P000397,7,2024-08-11,2024-09-11,9207,2024-08-11 06:00:00
P000397-08,P000397,8,2024-09-11,2024-10-11,9207,2024-09-11 06:00:00
P000397-09,P000397,9,2024-10-11,2024-11-11,9207,2024-10-11 06:00:00
P000397-10,P000397,10,2024-11-11,2024-12-11,10612,2024-11-11 06:00:00
P000397-11,P000397,11,2024-12-11,2025-01-11,10612,2024-12-11 06:00:00
P000397-12,P000397,12,2025-01-11,2025-02-11,10612,2025-01-11 06:00:00
P000398-01,P000398,1,2025-08-10,2025-09-10,12174,2025-08-10 06:00:00
P000398-02,P000398,2,2025-09-10,2025-10-10,12174,2025-09-10 06:00:00
P000398-03,P000398,3,2025-10-10,2025-11-10,12174,2025-10-10 06:00:00
P000398-04,P000398,4,2025-11-10,2025-12-10,14074,2025-11-10 06:00:00
P000398-05,P000398,5,2025-12-10,2026-01-10,14074,2025-12-10 06:00:00
P000399-01,P000399,1,2025-08-05,2025-09-05,1844,2025-08-05 06:00:00
P000399-02,P000399,2,2025-09-05,2025-10-05,1844,2025-09-05 06:00:00
P000399-03,P000399,3,2025-10-05,2025-11-05,1844,2025-10-05 06:00:00
P000399-04,P000399,4,2025-11-05,2025-12-05,1844,2025-11-05 06:00:00
P000399-05,P000399,5,2025-12-05,2026-01-05,1844,2025-12-05 06:00:00
P000400-01,P000400,1,2024-05-24,2024-06-24,14362,2024-05-24 06:00:00
P000400-02,P000400,2,2024-06-24,2024-07-24,14362,2024-06-24 06:00:00
P000400-03,P000400,3,2024-07-24,2024-08-24,14362,2024-07-24 06:00:00
P000400-04,P000400,4,2024-08-24,2024-09-24,14362,2024-08-24 06:00:00
P000400-05,P000400,5,2024-09-24,2024-10-24,14362,2024-09-24 06:00:00
P000400-06,P000400,6,2024-10-24,2024-11-24,14362,2024-10-24 06:00:00
P000400-07,P000400,7,2024-11-24,2024-12-24,14362,2024-11-24 06:00:00
P000400-08,P000400,8,2024-12-24,2025-01-24,14362,2024-12-24 06:00:00
P000400-09,P000400,9,2025-01-24,2025-02-24,14362,2025-01-24 06:00:00
P000400-10,P000400,10,2025-02-24,2025-03-24,14362,2025-02-24 06:00:00
P000400-11,P000400,11,2025-03-24,2025-04-24,14362,2025-03-24 06:00:00
P000400-12,P000400,12,2025-04-24,2025-05-24,14362,2025-04-24 06:00:00
P000401-01,P000401,1,2024-10-27,2024-11-27,12389,2024-10-27 06:00:00
P000401-02,P000401,2,2024-11-27,2024-12-27,12389,2024-11-27 06:00:00
P000401-03,P000401,3,2024-12-27,2025-01-27,12389,2024-12-27 06:00:00
P000401-04,P000401,4,2025-01-27,2025-02-27,12389,2025-01-27 06:00:00
P000401-05,P000401,5,2025-02-27,2025-03-27,12389,2025-02-27 06:00:00
P000401-06,P000401,6,2025-03-27,2025-04-27,12389,2025-03-27 06:00:00
P000401-07,P000401,7,2025-04-27,2025-05-27,12389,2025-04-27 06:00:00
P000401-08,P000401,8,2025-05-27,2025-06-27,12389,2025-05-27 06:00:00
P000401-09,P000401,9,2025-06-27,2025-07-27,12389,2025-06-27 06:00:00
P000401-10,P000401,10,2025-07-27,2025-08-27,12389,2025-07-27 06:00:00
P000401-11,P000401,11,2025-08-27,2025-09-27,12389,2025-08-27 06:00:00
P000401-12,P000401,12,2025-09-27,2025-10-27,12389,2025-09-27 06:00:00
P000402-01,P000402,1,2025-06-09,2025-07-09,12606,2025-06-09 06:00:00
P000402-02,P000402,2,2025-07-09,2025-08-09,12606,2025-07-09 06:00:00
P000402-03,P000402,3,2025-08-09,2025-09-09,12606,2025-08-09 06:00:00
P000402-04,P000402,4,2025-09-09,2025-10-09,12606,2025-09-09 06:00:00
P000402-05,P000402,5,2025-10-09,2025-11-09,12606,2025-10-09 06:00:00
P000402-06,P000402,6,2025-11-09,2025-12-09,12606,2025-11-09 06:00:00
P000402-07,P000402,7,2025-12-09,2026-01-09,12606,2025-12-09 06:00:00
P000403-01,P000403,1,2024-08-27,2024-09-27,1133,2024-08-27 06:00:00
P000403-02,P000403,2,2024-09-27,2024-10-27,1133,2024-09-27 06:00:00
P000403-03,P000403,3,2024-10-27,2024-11-27,1133,2024-10-27 06:00:00
P000403-04,P000403,4,2024-11-27,2024-12-27,1133,2024-11-27 06:00:00
P000403-05,P000403,5,2024-12-27,2025-01-27,1133,2024-12-27 06:00:00
P000403-06,P000403,6,2025-01-27,2025-02-27,1133,2025-01-27 06:00:00
P000403-07,P000403,7,2025-02-27,2025-03-27,1133,2025-02-27 06:00:00
P000403-08,P000403,8,2025-03-27,2025-04-27,1133,2025-03-27 06:00:00
P000403-09,P000403,9,2025-04-27,2025-05-27,1133,2025-04-27 06:00:00
P000403-10,P000403,10,2025-05-27,2025-06-27,1133,2025-05-27 06:00:00
P000403-11,P000403,11,2025-06-27,2025-07-27,1133,2025-06-27 06:00:00
P000403-12,P000403,12,2025-07-27,2025-08-27,1133,2025-07-27 06:00:00
P000404-01,P000404,1,2025-05-23,2025-06-23,65444,2025-05-23 06:00:00
P000404-02,P000404,2,2025-06-23,2025-07-23,65444,2025-06-23 06:00:00
P000404-03,P000404,3,2025-07-23,2025-08-23,65444,2025-07-23 06:00:00
P000404-04,P000404,4,2025-08-23,2025-09-23,65444,2025-08-23 06:00:00
P000404-05,P000404,5,2025-09-23,2025-10-23,65444,2025-09-23 06:00:00
P000404-06,P000404,6,2025-10-23,2025-11-23,65444,2025-10-23 06:00:00
P000404-07,P000404,7,2025-11-23,2025-12-23,65444,2025-11-23 06:00:00
P000404-08,P000404,8,2025-12-23,2026-01-23,65531,2025-12-23 06:00:00
P000405-01,P000405,1,2025-10-28,2025-11-28,13424,2025-10-28 06:00:00
P000405-02,P000405,2,2025-11-28,2025-12-28,13424,2025-11-28 06:00:00
P000405-03,P000405,3,2025-12-28,2026-01-28,13424,2025-12-28 06:00:00
P000406-01,P000406,1,2025-07-13,2025-08-13,13544,2025-07-13 06:00:00
P000406-02,P000406,2,2025-08-13,2025-09-13,13544,2025-08-13 06:00:00
P000407-01,P000407,1,2024-02-06,2024-03-06,91972,2024-02-06 06:00:00
P000407-02,P000407,2,2024-03-06,2024-04-06,91972,2024-03-06 06:00:00
P000407-03,P000407,3,2024-04-06,2024-05-06,91972,2024-04-06 06:00:00
P000407-04,P000407,4,2024-05-06,2024-06-06,91972,2024-05-06 06:00:00
P000407-05,P000407,5,2024-06-06,2024-07-06,87291,2024-06-06 06:00:00
P000407-06,P000407,6,2024-07-06,2024-08-06,87291,2024-07-06 06:00:00
P000407-07,P000407,7,2024-08-06,2024-09-06,87291,2024-08-06 06:00:00
P000407-08,P000407,8,2024-09-06,2024-10-06,87291,2024-09-06 06:00:00
P000407-09,P000407,9,2024-10-06,2024-11-06,87291,2024-10-06 06:00:00
P000407-10,P000407,10,2024-11-06,2024-12-06,87291,2024-11-06 06:00:00
P000407-11,P000407,11,2024-12-06,2025-01-06,87291,2024-12-06 06:00:00
P000407-12,P000407,12,2025-01-06,2025-02-06,87291,2025-01-06 06:00:00
P000408-01,P000408,1,2025-11-20,2025-12-20,9331,2025-11-20 06:00:00
P000408-02,P000408,2,2025-12-20,2026-01-20,9331,2025-12-20 06:00:00
P000409-01,P000409,1,2025-09-18,2025-10-18,11752,2025-09-18 06:00:00
P000409-02,P000409,2,2025-10-18,2025-11-18,11752,2025-10-18 06:00:00
P000409-03,P000409,3,2025-11-18,2025-12-18,11752,2025-11-18 06:00:00
P000409-04,P000409,4,2025-12-18,2026-01-18,11752,2025-12-18 06:00:00
P000410-01,P000410,1,2024-09-23,2024-10-23,12807,2024-09-23 06:00:00
P000410-02,P000410,2,2024-10-23,2024-11-23,12807,2024-10-23 06:00:00
P000410-03,P000410,3,2024-11-23,2024-12-23,12807,2024-11-23 06:00:00
P000410-04,P000410,4,2024-12-23,2025-01-23,12807,2024-12-23 06:00:00
P000410-05,P000410,5,2025-01-23,2025-02-23,12807,2025-01-23 06:00:00
P000410-06,P000410,6,2025-02-23,2025-03-23,12807,2025-02-23 06:00:00
P000410-07,P000410,7,2025-03-23,2025-04-23,12807,2025-03-23 06:00:00
P000410-08,P000410,8,2025-04-23,2025-05-23,12807,2025-04-23 06:00:00
P000410-09,P000410,9,2025-05-23,2025-06-23,12807,2025-05-23 06:00:00
P000410-10,P000410,10,2025-06-23,2025-07-23,12807,2025-06-23 06:00:00
P000410-11,P000410,11,2025-07-23,2025-08-23,12807,2025-07-23 06:00:00
P000410-12,P000410,12,2025-08-23,2025-09-23,12807,2025-08-23 06:00:00
P000411-01,P000411,1,2025-06-15,2025-07-15,1836,2025-06-15 06:00:00
P000411-02,P000411,2,2025-07-15,2025-08-15,1836,2025-07-15 06:00:00
P000411-03,P000411,3,2025-08-15,2025-09-15,1836,2025-08-15 06:00:00
P000411-04,P000411,4,2025-09-15,2025-10-15,1836,2025-09-15 06:00:00
P000411-05,P000411,5,2025-10-15,2025-11-15,1836,2025-10-15 06:00:00
P000411-06,P000411,6,2025-11-15,2025-12-15,1836,2025-11-15 06:00:00
P000411-07,P000411,7,2025-12-15,2026-01-15,1836,2025-12-15 06:00:00
P000412-01,P000412,1,2025-05-10,2025-06-10,12535,2025-05-10 06:00:00
P000412-02,P000412,2,2025-06-10,2025-07-10,12535,2025-06-10 06:00:00
P000412-03,P000412,3,2025-07-10,2025-08-10,12535,2025-07-10 06:00:00
P000412-04,P000412,4,2025-08-10,2025-09-10,12535,2025-08-10 06:00:00
P000412-05,P000412,5,2025-09-10,2025-10-10,12535,2025-09-10 06:00:00
P000412-06,P000412,6,2025-10-10,2025-11-10,12535,2025-10-10 06:00:00
P000412-07,P000412,7,2025-11-10,2025-12-10,12535,2025-11-10 06:00:00
P000412-08,P000412,8,2025-12-10,2026-01-10,12535,2025-12-10 06:00:00
P000413-01,P000413,1,2024-01-07,2024-02-07,70741,2024-01-07 06:00:00
P000413-02,P000413,2,2024-02-07,2024-03-07,70741,2024-02-07 06:00:00
P000413-03,P000413,3,2024-03-07,2024-04-07,70741,2024-03-07 06:00:00
P000413-04,P000413,4,2024-04-07,2024-05-07,70741,2024-04-07 06:00:00
P000413-05,P000413,5,2024-05-07,2024-06-07,70741,2024-05-07 06:00:00
P000413-06,P000413,6,2024-06-07,2024-07-07,70741,2024-06-07 06:00:00
P000413-07,P000413,7,2024-07-07,2024-08-07,70741,2024-07-07 06:00:00
P000413-08,P000413,8,2024-08-07,2024-09-07,70741,2024-08-07 06:00:00
P000413-09,P000413,9,2024-09-07,2024-10-07,70741,2024-09-07 06:00:00
P000413-10,P000413,10,2024-10-07,2024-11-07,70741,2024-10-07 06:00:00
P000413-11,P000413,11,2024-11-07,2024-12-07,70741,2024-11-07 06:00:00
P000413-12,P000413,12,2024-12-07,2025-01-07,70741,2024-12-07 06:00:00
P000414-01,P000414,1,2025-11-16,2025-12-16,61227,2025-11-16 06:00:00
P000414-02,P000414,2,2025-12-16,2026-01-16,61227,2025-12-16 06:00:00
P000415-01,P000415,1,2024-11-10,2024-12-10,10867,2024-11-10 06:00:00
P000415-02,P000415,2,2024-12-10,2025-01-10,10867,2024-12-10 06:00:00
P000415-03,P000415,3,2025-01-10,2025-02-10,10867,2025-01-10 06:00:00
P000415-04,P000415,4,2025-02-10,2025-03-10,10867,2025-02-10 06:00:00
P000415-05,P000415,5,2025-03-10,2025-04-10,10867,2025-03-10 06:00:00
P000415-05,P000415,5,2025-03-10,2025-04-10,10867,2025-03-13 06:00:00
P000415-06,P000415,6,2025-04-10,2025-05-10,10867,2025-04-10 06:00:00
P000415-07,P000415,7,2025-05-10,2025-06-10,10867,2025-05-10 06:00:00
P000415-08,P000415,8,2025-06-10,2025-07-10,10867,2025-06-10 06:00:00
P000415-09,P000415,9,2025-07-10,2025-08-10,10867,2025-07-10 06:00:00
P000415-10,P000415,10,2025-08-10,2025-09-10,10867,2025-08-10 06:00:00
P000415-11,P000415,11,2025-09-10,2025-10-10,10867,2025-09-10 06:00:00
P000415-12,P000415,12,2025-10-10,2025-11-10,10867,2025-10-10 06:00:00
P000416-01,P000416,1,2025-06-21,2025-07-21,85901,2025-06-21 06:00:00
P000416-02,P000416,2,2025-07-21,2025-08-21,85901,2025-07-21 06:00:00
P000416-03,P000416,3,2025-08-21,2025-09-21,85901,2025-08-21 06:00:00
P000416-04,P000416,4,2025-09-21,2025-10-21,85901,2025-09-21 06:00:00
P000416-05,P000416,5,2025-10-21,2025-11-21,85901,2025-10-21 06:00:00
P000416-06,P000416,6,2025-11-21,2025-12-21,85901,2025-11-21 06:00:00
P000416-07,P000416,7,2025-12-21,2026-01-21,85901,2025-12-21 06:00:00
P000417-01,P000417,1,2024-01-09,2024-02-09,16459,2024-01-09 06:00:00
P000417-02,P000417,2,2024-02-09,2024-03-09,16459,2024-02-09 06:00:00
P000417-03,P000417,3,2024-03-09,2024-04-09,16459,2024-03-09 06:00:00
P000417-04,P000417,4,2024-04-09,2024-05-09,16459,2024-04-09 06:00:00
P000417-05,P000417,5,2024-05-09,2024-06-09,16459,2024-05-09 06:00:00
P000418-01,P000418,1,2024-09-23,2024-10-23,17713,2024-09-23 06:00:00
P000418-02,P000418,2,2024-10-23,2024-11-23,17713,2024-10-23 06:00:00
P000418-03,P000418,3,2024-11-23,2024-12-23,17713,2024-11-23 06:00:00
P000418-04,P000418,4,2024-12-23,2025-01-23,17713,2024-12-23 06:00:00
P000418-05,P000418,5,2025-01-23,2025-02-23,17713,2025-01-23 06:00:00
P000418-06,P000418,6,2025-02-23,2025-03-23,17713,2025-02-23 06:00:00
P000418-07,P000418,7,2025-03-23,2025-04-23,17713,2025-03-23 06:00:00
P000418-08,P000418,8,2025-04-23,2025-05-23,17713,2025-04-23 06:00:00
P000418-09,P000418,9,2025-05-23,2025-06-23,17713,2025-05-23 06:00:00
P000418-10,P000418,10,2025-06-23,2025-07-23,17713,2025-06-23 06:00:00
P000418-11,P000418,11,2025-07-23,2025-08-23,17713,2025-07-23 06:00:00
P000418-12,P000418,12,2025-08-23,2025-09-23,17713,2025-08-23 06:00:00
P000419-01,P000419,1,2024-03-05,2024-04-05,14653,2024-03-05 06:00:00
P000419-02,P000419,2,2024-04-05,2024-05-05,14653,2024-04-05 06:00:00
P000419-03,P000419,3,2024-05-05,2024-06-05,14653,2024-05-05 06:00:00
P000419-04,P000419,4,2024-06-05,2024-07-05,14653,2024-06-05 06:00:00
P000419-05,P000419,5,2024-07-05,2024-08-05,14055,2024-07-05 06:00:00
P000419-06,P000419,6,2024-08-05,2024-09-05,14055,2024-08-05 06:00:00
P000419-07,P000419,7,2024-09-05,2024-10-05,14055,2024-09-05 06:00:00
P000419-08,P000419,8,2024-10-05,2024-11-05,14055,2024-10-05 06:00:00
P000419-09,P000419,9,2024-11-05,2024-12-05,14055,2024-11-05 06:00:00
P000419-10,P000419,10,2024-12-05,2025-01-05,14055,2024-12-05 06:00:00
P000419-11,P000419,11,2025-01-05,2025-02-05,14055,2025-01-05 06:00:00
P000419-12,P000419,12,2025-02-05,2025-03-05,14055,2025-02-05 06:00:00
P000420-01,P000420,1,2024-09-28,2024-10-28,70543,2024-09-28 06:00:00
P000420-02,P000420,2,2024-10-28,2024-11-28,70543,2024-10-28 06:00:00
P000420-03,P000420,3,2024-11-28,2024-12-28,70543,2024-11-28 06:00:00
P000420-04,P000420,4,2024-12-28,2025-01-28,70543,2024-12-28 06:00:00
P000420-05,P000420,5,2025-01-28,2025-02-28,70543,2025-01-28 06:00:00
P000420-06,P000420,6,2025-02-28,2025-03-28,70543,2025-02-28 06:00:00
P000420-07,P000420,7,2025-03-28,2025-04-28,70543,2025-03-28 06:00:00
P000420-08,P000420,8,2025-04-28,2025-05-28,70543,2025-04-28 06:00:00
P000420-09,P000420,9,2025-05-28,2025-06-28,70543,2025-05-28 06:00:00
P000420-10,P000420,10,2025-06-28,2025-07-28,70543,2025-06-28 06:00:00
P000420-11,P000420,11,2025-07-28,2025-08-28,70543,2025-07-28 06:00:00
P000420-12,P000420,12,2025-08-28,2025-09-28,70543,2025-08-28 06:00:00
P000421-01,P000421,1,2024-03-24,2024-04-24,15543,2024-03-24 06:00:00
P000421-02,P000421,2,2024-04-24,2024-05-24,15543,2024-04-24 06:00:00
P000421-03,P000421,3,2024-05-24,2024-06-24,15543,2024-05-24 06:00:00
P000421-04,P000421,4,2024-06-24,2024-07-24,15543,2024-06-24 06:00:00
P000421-05,P000421,5,2024-07-24,2024-08-24,15543,2024-07-24 06:00:00
P000421-06,P000421,6,2024-08-24,2024-09-24,15543,2024-08-24 06:00:00
P000421-07,P000421,7,2024-09-24,2024-10-24,15543,2024-09-24 06:00:00
P000421-08,P000421,8,2024-10-24,2024-11-24,15543,2024-10-24 06:00:00
P000421-09,P000421,9,2024-11-24,2024-12-24,15543,2024-11-24 06:00:00
P000421-10,P000421,10,2024-12-24,2025-01-24,15543,2024-12-24 06:00:00
P000421-11,P000421,11,2025-01-24,2025-02-24,15543,2025-01-24 06:00:00
P000421-12,P000421,12,2025-02-24,2025-03-24,15543,2025-02-24 06:00:00
P000422-01,P000422,1,2024-07-20,2024-08-20,17702,2024-07-20 06:00:00
P000422-02,P000422,2,2024-08-20,2024-09-20,17702,2024-08-20 06:00:00
P000422-03,P000422,3,2024-09-20,2024-10-20,17702,2024-09-20 06:00:00
P000422-04,P000422,4,2024-10-20,2024-11-20,17702,2024-10-20 06:00:00
P000422-05,P000422,5,2024-11-20,2024-12-20,17702,2024-11-20 06:00:00
P000422-06,P000422,6,2024-12-20,2025-01-20,17702,2024-12-20 06:00:00
P000422-07,P000422,7,2025-01-20,2025-02-20,17702,2025-01-20 06:00:00
P000422-08,P000422,8,2025-02-20,2025-03-20,17702,2025-02-20 06:00:00
P000422-09,P000422,9,2025-03-20,2025-04-20,17702,2025-03-20 06:00:00
P000422-10,P000422,10,2025-04-20,2025-05-20,17702,2025-04-20 06:00:00
P000422-11,P000422,11,2025-05-20,2025-06-20,17702,2025-05-20 06:00:00
P000422-12,P000422,12,2025-06-20,2025-07-20,17702,2025-06-20 06:00:00
P000423-01,P000423,1,2024-07-16,2024-08-16,11160,2024-07-16 06:00:00
P000423-02,P000423,2,2024-08-16,2024-09-16,11160,2024-08-16 06:00:00
P000423-03,P000423,3,2024-09-16,2024-10-16,11160,2024-09-16 06:00:00
P000423-04,P000423,4,2024-10-16,2024-11-16,11160,2024-10-16 06:00:00
P000423-05,P000423,5,2024-11-16,2024-12-16,11160,2024-11-16 06:00:00
P000423-06,P000423,6,2024-12-16,2025-01-16,11160,2024-12-16 06:00:00
P000423-07,P000423,7,2025-01-16,2025-02-16,11160,2025-01-16 06:00:00
P000423-08,P000423,8,2025-02-16,2025-03-16,11160,2025-02-16 06:00:00
P000423-09,P000423,9,2025-03-16,2025-04-16,11160,2025-03-16 06:00:00
P000423-10,P000423,10,2025-04-16,2025-05-16,11160,2025-04-16 06:00:00
P000423-11,P000423,11,2025-05-16,2025-06-16,11160,2025-05-16 06:00:00
P000423-11,P000423,11,2025-05-16,2025-06-16,11160,2025-05-19 06:00:00
P000423-12,P000423,12,2025-06-16,2025-07-16,11160,2025-06-16 06:00:00
P000424-01,P000424,1,2025-11-01,2025-12-01,14458,2025-11-01 06:00:00
P000424-02,P000424,2,2025-12-01,2026-01-01,14458,2025-12-01 06:00:00
P000425-01,P000425,1,2025-07-16,2025-08-16,50390,2025-07-16 06:00:00
P000425-02,P000425,2,2025-08-16,2025-09-16,50390,2025-08-16 06:00:00
P000425-03,P000425,3,2025-09-16,2025-10-16,50390,2025-09-16 06:00:00
P000425-04,P000425,4,2025-10-16,2025-11-16,50390,2025-10-16 06:00:00
P000425-05,P000425,5,2025-11-16,2025-12-16,50390,2025-11-16 06:00:00
P000425-06,P000425,6,2025-12-16,2026-01-16,50390,2025-12-16 06:00:00
P000426-01,P000426,1,2024-03-02,2024-04-02,10299,2024-03-02 06:00:00
P000426-02,P000426,2,2024-04-02,2024-05-02,10299,2024-04-02 06:00:00
P000426-03,P000426,3,2024-05-02,2024-06-02,10299,2024-05-02 06:00:00
P000426-04,P000426,4,2024-06-02,2024-07-02,12665,2024-06-02 06:00:00
P000426-05,P000426,5,2024-07-02,2024-08-02,12665,2024-07-02 06:00:00
P000426-05,P000426,5,2024-07-02,2024-08-02,12665,2024-07-05 06:00:00
P000426-06,P000426,6,2024-08-02,2024-09-02,12665,2024-08-02 06:00:00
P000426-07,P000426,7,2024-09-02,2024-10-02,12665,2024-09-02 06:00:00
P000426-08,P000426,8,2024-10-02,2024-11-02,12665,2024-10-02 06:00:00
P000426-09,P000426,9,2024-11-02,2024-12-02,12665,2024-11-02 06:00:00
P000426-10,P000426,10,2024-12-02,2025-01-02,12665,2024-12-02 06:00:00
P000426-11,P000426,11,2025-01-02,2025-02-02,12665,2025-01-02 06:00:00
P000426-12,P000426,12,2025-02-02,2025-03-02,12665,2025-02-02 06:00:00
P000427-01,P000427,1,2024-05-05,2024-06-05,81225,2024-05-05 06:00:00
P000427-02,P000427,2,2024-06-05,2024-07-05,81225,2024-06-05 06:00:00
P000428-01,P000428,1,2024-02-01,2024-03-01,10858,2024-02-01 06:00:00
P000428-02,P000428,2,2024-03-01,2024-04-01,10858,2024-03-01 06:00:00
P000428-03,P000428,3,2024-04-01,2024-05-01,10858,2024-04-01 06:00:00
P000428-04,P000428,4,2024-05-01,2024-06-01,10858,2024-05-01 06:00:00
P000428-05,P000428,5,2024-06-01,2024-07-01,10858,2024-06-01 06:00:00
P000428-06,P000428,6,2024-07-01,2024-08-01,10858,2024-07-01 06:00:00
P000428-07,P000428,7,2024-08-01,2024-09-01,10858,2024-08-01 06:00:00
P000428-08,P000428,8,2024-09-01,2024-10-01,10858,2024-09-01 06:00:00
P000428-09,P000428,9,2024-10-01,2024-11-01,10858,2024-10-01 06:00:00
P000428-10,P000428,10,2024-11-01,2024-12-01,13447,2024-11-01 06:00:00
P000428-11,P000428,11,2024-12-01,2025-01-01,13447,2024-12-01 06:00:00
P000428-12,P000428,12,2025-01-01,2025-02-01,13447,2025-01-01 06:00:00
P000429-01,P000429,1,2025-09-02,2025-10-02,1463,2025-09-02 06:00:00
P000429-02,P000429,2,2025-10-02,2025-11-02,1463,2025-10-02 06:00:00
P000429-03,P000429,3,2025-11-02,2025-12-02,1463,2025-11-02 06:00:00
P000429-04,P000429,4,2025-12-02,2026-01-02,1463,2025-12-02 06:00:00
P000430-01,P000430,1,2024-01-20,2024-02-20,73635,2024-01-20 06:00:00
P000430-02,P000430,2,2024-02-20,2024-03-20,73635,2024-02-20 06:00:00
P000430-03,P000430,3,2024-03-20,2024-04-20,73635,2024-03-20 06:00:00
P000430-04,P000430,4,2024-04-20,2024-05-20,73635,2024-04-20 06:00:00
P000430-05,P000430,5,2024-05-20,2024-06-20,73635,2024-05-20 06:00:00
P000430-06,P000430,6,2024-06-20,2024-07-20,73635,2024-06-20 06:00:00
P000430-07,P000430,7,2024-07-20,2024-08-20,73635,2024-07-20 06:00:00
P000430-08,P000430,8,2024-08-20,2024-09-20,73635,2024-08-20 06:00:00
P000430-09,P000430,9,2024-09-20,2024-10-20,73635,2024-09-20 06:00:00
P000430-10,P000430,10,2024-10-20,2024-11-20,73635,2024-10-20 06:00:00
P000430-11,P000430,11,2024-11-20,2024-12-20,73635,2024-11-20 06:00:00
P000430-12,P000430,12,2024-12-20,2025-01-20,65816,2024-12-20 06:00:00
P000431-01,P000431,1,2024-09-18,2024-10-18,12832,2024-09-18 06:00:00
P000431-02,P000431,2,2024-10-18,2024-11-18,12832,2024-10-18 06:00:00
P000431-03,P000431,3,2024-11-18,2024-12-18,12832,2024-11-18 06:00:00
P000431-04,P000431,4,2024-12-18,2025-01-18,12832,2024-12-18 06:00:00
P000431-05,P000431,5,2025-01-18,2025-02-18,12832,2025-01-18 06:00:00
P000431-06,P000431,6,2025-02-18,2025-03-18,12832,2025-02-18 06:00:00
P000431-07,P000431,7,2025-03-18,2025-04-18,12832,2025-03-18 06:00:00
P000431-08,P000431,8,2025-04-18,2025-05-18,12832,2025-04-18 06:00:00
P000431-09,P000431,9,2025-05-18,2025-06-18,12832,2025-05-18 06:00:00
P000431-10,P000431,10,2025-06-18,2025-07-18,12832,2025-06-18 06:00:00
P000431-11,P000431,11,2025-07-18,2025-08-18,12832,2025-07-18 06:00:00
P000431-12,P000431,12,2025-08-18,2025-09-18,12832,2025-08-18 06:00:00
P000432-01,P000432,1,2024-02-20,2024-03-20,14777,2024-02-20 06:00:00
P000432-02,P000432,2,2024-03-20,2024-04-20,14777,2024-03-20 06:00:00
P000432-03,P000432,3,2024-04-20,2024-05-20,14777,2024-04-20 06:00:00
P000432-04,P000432,4,2024-05-20,2024-06-20,14777,2024-05-20 06:00:00
P000432-05,P000432,5,2024-06-20,2024-07-20,14777,2024-06-20 06:00:00
P000432-06,P000432,6,2024-07-20,2024-08-20,14777,2024-07-20 06:00:00
P000432-07,P000432,7,2024-08-20,2024-09-20,14777,2024-08-20 06:00:00
P000432-08,P000432,8,2024-09-20,2024-10-20,14777,2024-09-20 06:00:00
P000432-09,P000432,9,2024-10-20,2024-11-20,14777,2024-10-20 06:00:00
P000432-10,P000432,10,2024-11-20,2024-12-20,14777,2024-11-20 06:00:00
P000432-11,P000432,11,2024-12-20,2025-01-20,16191,2024-12-20 06:00:00
P000432-12,P000432,12,2025-01-20,2025-02-20,16191,2025-01-20 06:00:00
P000433-01,P000433,1,2024-04-01,2024-05-01,9170,2024-04-01 06:00:00
P000433-02,P000433,2,2024-05-01,2024-06-01,9170,2024-05-01 06:00:00
P000433-03,P000433,3,2024-06-01,2024-07-01,9170,2024-06-01 06:00:00
P000433-04,P000433,4,2024-07-01,2024-08-01,9170,2024-07-01 06:00:00
P000433-05,P000433,5,2024-08-01,2024-09-01,9170,2024-08-01 06:00:00
P000433-06,P000433,6,2024-09-01,2024-10-01,9170,2024-09-01 06:00:00
P000433-07,P000433,7,2024-10-01,2024-11-01,9170,2024-10-01 06:00:00
P000433-08,P000433,8,2024-11-01,2024-12-01,9170,2024-11-01 06:00:00
P000433-09,P000433,9,2024-12-01,2025-01-01,9170,2024-12-01 06:00:00
P000433-10,P000433,10,2025-01-01,2025-02-01,9170,2025-01-01 06:00:00
P000433-11,P000433,11,2025-02-01,2025-03-01,9170,2025-02-01 06:00:00
P000433-12,P000433,12,2025-03-01,2025-04-01,9170,2025-03-01 06:00:00
P000434-01,P000434,1,2024-08-26,2024-09-26,2288,2024-08-26 06:00:00
P000434-02,P000434,2,2024-09-26,2024-10-26,2288,2024-09-26 06:00:00
P000434-03,P000434,3,2024-10-26,2024-11-26,2288,2024-10-26 06:00:00
P000434-04,P000434,4,2024-11-26,2024-12-26,2288,2024-11-26 06:00:00
P000434-05,P000434,5,2024-12-26,2025-01-26,2288,2024-12-26 06:00:00
P000434-06,P000434,6,2025-01-26,2025-02-26,2288,2025-01-26 06:00:00
P000434-07,P000434,7,2025-02-26,2025-03-26,2288,2025-02-26 06:00:00
P000434-08,P000434,8,2025-03-26,2025-04-26,2288,2025-03-26 06:00:00
P000434-09,P000434,9,2025-04-26,2025-05-26,2288,2025-04-26 06:00:00
P000434-10,P000434,10,2025-05-26,2025-06-26,2288,2025-05-26 06:00:00
P000434-11,P000434,11,2025-06-26,2025-07-26,2288,2025-06-26 06:00:00
P000434-12,P000434,12,2025-07-26,2025-08-26,2288,2025-07-26 06:00:00
P000435-01,P000435,1,2025-11-21,2025-12-21,68280,2025-11-21 06:00:00
P000435-02,P000435,2,2025-12-21,2026-01-21,68280,2025-12-21 06:00:00
P000436-01,P000436,1,2024-02-21,2024-03-21,1699,2024-02-21 06:00:00
P000436-02,P000436,2,2024-03-21,2024-04-21,1699,2024-03-21 06:00:00
P000436-03,P000436,3,2024-04-21,2024-05-21,1699,2024-04-21 06:00:00
P000436-04,P000436,4,2024-05-21,2024-06-21,1699,2024-05-21 06:00:00
P000436-05,P000436,5,2024-06-21,2024-07-21,1699,2024-06-21 06:00:00
P000436-06,P000436,6,2024-07-21,2024-08-21,1699,2024-07-21 06:00:00
P000436-07,P000436,7,2024-08-21,2024-09-21,1699,2024-08-21 06:00:00
P000436-08,P000436,8,2024-09-21,2024-10-21,1699,2024-09-21 06:00:00
P000436-09,P000436,9,2024-10-21,2024-11-21,1919,2024-10-21 06:00:00
P000436-10,P000436,10,2024-11-21,2024-12-21,1919,2024-11-21 06:00:00
P000436-11,P000436,11,2024-12-21,2025-01-21,1919,2024-12-21 06:00:00
P000436-12,P000436,12,2025-01-21,2025-02-21,1919,2025-01-21 06:00:00
P000437-01,P000437,1,2025-09-16,2025-10-16,1927,2025-09-16 06:00:00
P000437-02,P000437,2,2025-10-16,2025-11-16,1927,2025-10-16 06:00:00
P000437-03,P000437,3,2025-11-16,2025-12-16,1927,2025-11-16 06:00:00
P000437-04,P000437,4,2025-12-16,2026-01-16,1810,2025-12-16 06:00:00
P000438-01,P000438,1,2024-08-15,2024-09-15,47934,2024-08-15 06:00:00
P000438-02,P000438,2,2024-09-15,2024-10-15,47934,2024-09-15 06:00:00
P000438-03,P000438,3,2024-10-15,2024-11-15,47934,2024-10-15 06:00:00
P000438-04,P000438,4,2024-11-15,2024-12-15,47934,2024-11-15 06:00:00
P000438-05,P000438,5,2024-12-15,2025-01-15,47934,2024-12-15 06:00:00
P000438-06,P000438,6,2025-01-15,2025-02-15,47934,2025-01-15 06:00:00
P000438-07,P000438,7,2025-02-15,2025-03-15,47934,2025-02-15 06:00:00
P000438-08,P000438,8,2025-03-15,2025-04-15,47934,2025-03-15 06:00:00
P000438-09,P000438,9,2025-04-15,2025-05-15,47934,2025-04-15 06:00:00
P000438-10,P000438,10,2025-05-15,2025-06-15,47934,2025-05-15 06:00:00
P000438-11,P000438,11,2025-06-15,2025-07-15,47934,2025-06-15 06:00:00
P000438-12,P000438,12,2025-07-15,2025-08-15,47934,2025-07-15 06:00:00
P000439-01,P000439,1,2025-09-06,2025-10-06,85060,2025-09-06 06:00:00
P000439-02,P000439,2,2025-10-06,2025-11-06,85060,2025-10-06 06:00:00
P000439-03,P000439,3,2025-11-06,2025-12-06,85060,2025-11-06 06:00:00
P000440-01,P000440,1,2024-01-23,2024-02-23,15358,2024-01-23 06:00:00
P000440-02,P000440,2,2024-02-23,2024-03-23,15358,2024-02-23 06:00:00
P000440-03,P000440,3,2024-03-23,2024-04-23,15358,2024-03-23 06:00:00
P000440-04,P000440,4,2024-04-23,2024-05-23,15358,2024-04-23 06:00:00
P000440-05,P000440,5,2024-05-23,2024-06-23,15358,2024-05-23 06:00:00
P000440-06,P000440,6,2024-06-23,2024-07-23,15358,2024-06-23 06:00:00
P000440-07,P000440,7,2024-07-23,2024-08-23,17476,2024-07-23 06:00:00
P000440-08,P000440,8,2024-08-23,2024-09-23,17476,2024-08-23 06:00:00
P000440-09,P000440,9,2024-09-23,2024-10-23,17476,2024-09-23 06:00:00
P000440-10,P000440,10,2024-10-23,2024-11-23,17476,2024-10-23 06:00:00
P000440-11,P000440,11,2024-11-23,2024-12-23,17476,2024-11-23 06:00:00
P000440-12,P000440,12,2024-12-23,2025-01-23,17476,2024-12-23 06:00:00
P000441-01,P000441,1,2024-01-03,2024-02-03,20084,2024-01-03 06:00:00
P000441-02,P000441,2,2024-02-03,2024-03-03,20084,2024-02-03 06:00:00
P000441-03,P000441,3,2024-03-03,2024-04-03,20084,2024-03-03 06:00:00
P000441-04,P000441,4,2024-04-03,2024-05-03,20084,2024-04-03 06:00:00
P000441-05,P000441,5,2024-05-03,2024-06-03,20084,2024-05-03 06:00:00
P000441-06,P000441,6,2024-06-03,2024-07-03,20084,2024-06-03 06:00:00
P000441-07,P000441,7,2024-07-03,2024-08-03,20084,2024-07-03 06:00:00
P000441-08,P000441,8,2024-08-03,2024-09-03,20084,2024-08-03 06:00:00
P000441-09,P000441,9,2024-09-03,2024-10-03,20084,2024-09-03 06:00:00
P000441-10,P000441,10,2024-10-03,2024-11-03,20084,2024-10-03 06:00:00
P000441-11,P000441,11,2024-11-03,2024-12-03,20084,2024-11-03 06:00:00
P000441-12,P000441,12,2024-12-03,2025-01-03,20084,2024-12-03 06:00:00
P000442-01,P000442,1,2025-07-16,2025-08-16,1501,2025-07-16 06:00:00
P000442-02,P000442,2,2025-08-16,2025-09-16,1501,2025-08-16 06:00:00
P000442-03,P000442,3,2025-09-16,2025-10-16,1501,2025-09-16 06:00:00
P000442-04,P000442,4,2025-10-16,2025-11-16,1501,2025-10-16 06:00:00
P000442-05,P000442,5,2025-11-16,2025-12-16,1501,2025-11-16 06:00:00
P000442-06,P000442,6,2025-12-16,2026-01-16,1501,2025-12-16 06:00:00
P000443-01,P000443,1,2025-06-11,2025-07-11,12272,2025-06-11 06:00:00
P000443-02,P000443,2,2025-07-11,2025-08-11,12272,2025-07-11 06:00:00
P000443-03,P000443,3,2025-08-11,2025-09-11,12272,2025-08-11 06:00:00
P000443-04,P000443,4,2025-09-11,2025-10-11,12272,2025-09-11 06:00:00
P000443-05,P000443,5,2025-10-11,2025-11-11,12272,2025-10-11 06:00:00
P000443-06,P000443,6,2025-11-11,2025-12-11,12272,2025-11-11 06:00:00
P000443-07,P000443,7,2025-12-11,2026-01-11,12272,2025-12-11 06:00:00
P000444-01,P000444,1,2025-07-24,2025-08-24,86235,2025-07-24 06:00:00
P000444-02,P000444,2,2025-08-24,2025-09-24,86235,2025-08-24 06:00:00
P000444-03,P000444,3,2025-09-24,2025-10-24,86235,2025-09-24 06:00:00
P000444-04,P000444,4,2025-10-24,2025-11-24,86235,2025-10-24 06:00:00
P000444-05,P000444,5,2025-11-24,2025-12-24,90024,2025-11-24 06:00:00
P000444-06,P000444,6,2025-12-24,2026-01-24,90024,2025-12-24 06:00:00
P000445-01,P000445,1,2024-09-05,2024-10-05,19124,2024-09-05 06:00:00
P000445-02,P000445,2,2024-10-05,2024-11-05,19124,2024-10-05 06:00:00
P000445-03,P000445,3,2024-11-05,2024-12-05,19124,2024-11-05 06:00:00
P000445-04,P000445,4,2024-12-05,2025-01-05,19124,2024-12-05 06:00:00
P000445-04,P000445,4,2024-12-05,2025-01-05,19124,2024-12-08 06:00:00
P000445-05,P000445,5,2025-01-05,2025-02-05,19124,2025-01-05 06:00:00
P000445-06,P000445,6,2025-02-05,2025-03-05,19124,2025-02-05 06:00:00
P000445-07,P000445,7,2025-03-05,2025-04-05,19124,2025-03-05 06:00:00
P000445-08,P000445,8,2025-04-05,2025-05-05,19124,2025-04-05 06:00:00
P000445-09,P000445,9,2025-05-05,2025-06-05,19124,2025-05-05 06:00:00
P000446-01,P000446,1,2025-04-07,2025-05-07,61066,2025-04-07 06:00:00
P000446-02,P000446,2,2025-05-07,2025-06-07,61066,2025-05-07 06:00:00
P000446-03,P000446,3,2025-06-07,2025-07-07,55995,2025-06-07 06:00:00
P000446-04,P000446,4,2025-07-07,2025-08-07,55995,2025-07-07 06:00:00
P000446-05,P000446,5,2025-08-07,2025-09-07,55995,2025-08-07 06:00:00
P000446-06,P000446,6,2025-09-07,2025-10-07,55995,2025-09-07 06:00:00
P000446-07,P000446,7,2025-10-07,2025-11-07,55995,2025-10-07 06:00:00
P000446-08,P000446,8,2025-11-07,2025-12-07,55995,2025-11-07 06:00:00
P000446-09,P000446,9,2025-12-07,2026-01-07,55995,2025-12-07 06:00:00
P000447-01,P000447,1,2025-02-09,2025-03-09,14763,2025-02-09 06:00:00
P000447-02,P000447,2,2025-03-09,2025-04-09,14763,2025-03-09 06:00:00
P000447-03,P000447,3,2025-04-09,2025-05-09,14763,2025-04-09 06:00:00
P000447-04,P000447,4,2025-05-09,2025-06-09,14763,2025-05-09 06:00:00
P000447-05,P000447,5,2025-06-09,2025-07-09,14763,2025-06-09 06:00:00
P000447-06,P000447,6,2025-07-09,2025-08-09,14763,2025-07-09 06:00:00
P000447-07,P000447,7,2025-08-09,2025-09-09,14763,2025-08-09 06:00:00
P000447-08,P000447,8,2025-09-09,2025-10-09,14763,2025-09-09 06:00:00
P000447-09,P000447,9,2025-10-09,2025-11-09,14763,2025-10-09 06:00:00
P000447-10,P000447,10,2025-11-09,2025-12-09,14763,2025-11-09 06:00:00
P000447-11,P000447,11,2025-12-09,2026-01-09,14763,2025-12-09 06:00:00
P000448-01,P000448,1,2024-07-30,2024-08-30,67727,2024-07-30 06:00:00
P000448-02,P000448,2,2024-08-30,2024-09-30,67727,2024-08-30 06:00:00
P000448-03,P000448,3,2024-09-30,2024-10-30,67727,2024-09-30 06:00:00
P000448-04,P000448,4,2024-10-30,2024-11-30,67727,2024-10-30 06:00:00
P000448-05,P000448,5,2024-11-30,2024-12-30,68461,2024-11-30 06:00:00
P000448-06,P000448,6,2024-12-30,2025-01-30,68461,2024-12-30 06:00:00
P000448-07,P000448,7,2025-01-30,2025-02-28,68461,2025-01-30 06:00:00
P000448-08,P000448,8,2025-02-28,2025-03-30,68461,2025-02-28 06:00:00
P000448-09,P000448,9,2025-03-30,2025-04-30,68461,2025-03-30 06:00:00
P000448-10,P000448,10,2025-04-30,2025-05-30,68461,2025-04-30 06:00:00
P000448-11,P000448,11,2025-05-30,2025-06-30,68461,2025-05-30 06:00:00
P000449-01,P000449,1,2025-01-03,2025-02-03,47400,2025-01-03 06:00:00
P000449-02,P000449,2,2025-02-03,2025-03-03,47400,2025-02-03 06:00:00
P000449-03,P000449,3,2025-03-03,2025-04-03,47400,2025-03-03 06:00:00
P000449-04,P000449,4,2025-04-03,2025-05-03,47400,2025-04-03 06:00:00
P000449-05,P000449,5,2025-05-03,2025-06-03,47400,2025-05-03 06:00:00
P000449-06,P000449,6,2025-06-03,2025-07-03,47400,2025-06-03 06:00:00
P000449-07,P000449,7,2025-07-03,2025-08-03,47400,2025-07-03 06:00:00
P000449-08,P000449,8,2025-08-03,2025-09-03,47400,2025-08-03 06:00:00
P000449-09,P000449,9,2025-09-03,2025-10-03,47400,2025-09-03 06:00:00
P000449-10,P000449,10,2025-10-03,2025-11-03,47400,2025-10-03 06:00:00
P000449-11,P000449,11,2025-11-03,2025-12-03,44292,2025-11-03 06:00:00
P000449-12,P000449,12,2025-12-03,2026-01-03,44292,2025-12-03 06:00:00
P000450-01,P000450,1,2024-06-15,2024-07-15,2193,2024-06-15 06:00:00
P000450-02,P000450,2,2024-07-15,2024-08-15,2193,2024-07-15 06:00:00
P000450-03,P000450,3,2024-08-15,2024-09-15,2193,2024-08-15 06:00:00
P000450-04,P000450,4,2024-09-15,2024-10-15,2193,2024-09-15 06:00:00
P000450-05,P000450,5,2024-10-15,2024-11-15,2728,2024-10-15 06:00:00
P000450-06,P000450,6,2024-11-15,2024-12-15,2728,2024-11-15 06:00:00
P000450-07,P000450,7,2024-12-15,2025-01-15,2728,2024-12-15 06:00:00
P000450-08,P000450,8,2025-01-15,2025-02-15,2728,2025-01-15 06:00:00
P000450-09,P000450,9,2025-02-15,2025-03-15,2728,2025-02-15 06:00:00
P000450-10,P000450,10,2025-03-15,2025-04-15,2728,2025-03-15 06:00:00
P000450-11,P000450,11,2025-04-15,2025-05-15,2728,2025-04-15 06:00:00
P000450-12,P000450,12,2025-05-15,2025-06-15,2728,2025-05-15 06:00:00
P000451-01,P000451,1,2024-01-31,2024-02-29,11775,2024-01-31 06:00:00
P000451-02,P000451,2,2024-02-29,2024-03-31,11775,2024-02-29 06:00:00
P000451-03,P000451,3,2024-03-31,2024-04-30,11775,2024-03-31 06:00:00
P000451-04,P000451,4,2024-04-30,2024-05-31,11775,2024-04-30 06:00:00
P000451-05,P000451,5,2024-05-31,2024-06-30,11775,2024-05-31 06:00:00
P000451-06,P000451,6,2024-06-30,2024-07-31,11775,2024-06-30 06:00:00
P000451-07,P000451,7,2024-07-31,2024-08-31,11620,2024-07-31 06:00:00
P000451-08,P000451,8,2024-08-31,2024-09-30,11620,2024-08-31 06:00:00
P000451-09,P000451,9,2024-09-30,2024-10-31,11620,2024-09-30 06:00:00
P000451-10,P000451,10,2024-10-31,2024-11-30,11620,2024-10-31 06:00:00
P000451-11,P000451,11,2024-11-30,2024-12-31,11620,2024-11-30 06:00:00
P000451-12,P000451,12,2024-12-31,2025-01-31,11620,2024-12-31 06:00:00
P000452-01,P000452,1,2025-08-25,2025-09-25,9148,2025-08-25 06:00:00
P000452-02,P000452,2,2025-09-25,2025-10-25,9148,2025-09-25 06:00:00
P000452-03,P000452,3,2025-10-25,2025-11-25,9148,2025-10-25 06:00:00
P000453-01,P000453,1,2024-02-17,2024-03-17,13220,2024-02-17 06:00:00
P000453-02,P000453,2,2024-03-17,2024-04-17,13220,2024-03-17 06:00:00
P000453-03,P000453,3,2024-04-17,2024-05-17,13220,2024-04-17 06:00:00
P000453-04,P000453,4,2024-05-17,2024-06-17,13220,2024-05-17 06:00:00
P000453-05,P000453,5,2024-06-17,2024-07-17,13220,2024-06-17 06:00:00
P000453-05,P000453,5,2024-06-17,2024-07-17,13220,2024-06-20 06:00:00
P000453-06,P000453,6,2024-07-17,2024-08-17,13220,2024-07-17 06:00:00
P000453-07,P000453,7,2024-08-17,2024-09-17,13220,2024-08-17 06:00:00
P000453-08,P000453,8,2024-09-17,2024-10-17,13220,2024-09-17 06:00:00
P000453-09,P000453,9,2024-10-17,2024-11-17,13220,2024-10-17 06:00:00
P000453-10,P000453,10,2024-11-17,2024-12-17,13220,2024-11-17 06:00:00
P000453-11,P000453,11,2024-12-17,2025-01-17,13220,2024-12-17 06:00:00
P000453-12,P000453,12,2025-01-17,2025-02-17,13220,2025-01-17 06:00:00
P000454-01,P000454,1,2025-01-11,2025-02-11,3531,2025-01-11 06:00:00
P000454-02,P000454,2,2025-02-11,2025-03-11,3531,2025-02-11 06:00:00
P000454-03,P000454,3,2025-03-11,2025-04-11,3531,2025-03-11 06:00:00
P000454-04,P000454,4,2025-04-11,2025-05-11,3531,2025-04-11 06:00:00
P000454-05,P000454,5,2025-05-11,2025-06-11,3531,2025-05-11 06:00:00
P000454-06,P000454,6,2025-06-11,2025-07-11,3531,2025-06-11 06:00:00
P000454-07,P000454,7,2025-07-11,2025-08-11,3531,2025-07-11 06:00:00
P000454-08,P000454,8,2025-08-11,2025-09-11,3531,2025-08-11 06:00:00
P000454-09,P000454,9,2025-09-11,2025-10-11,3531,2025-09-11 06:00:00
P000454-10,P000454,10,2025-10-11,2025-11-11,3531,2025-10-11 06:00:00
P000454-11,P000454,11,2025-11-11,2025-12-11,3531,2025-11-11 06:00:00
P000454-12,P000454,12,2025-12-11,2026-01-11,3614,2025-12-11 06:00:00
P000455-01,P000455,1,2025-04-09,2025-05-09,16432,2025-04-09 06:00:00
P000455-02,P000455,2,2025-05-09,2025-06-09,16432,2025-05-09 06:00:00
P000455-03,P000455,3,2025-06-09,2025-07-09,16432,2025-06-09 06:00:00
P000455-04,P000455,4,2025-07-09,2025-08-09,16432,2025-07-09 06:00:00
P000455-05,P000455,5,2025-08-09,2025-09-09,16432,2025-08-09 06:00:00
P000455-06,P000455,6,2025-09-09,2025-10-09,16432,2025-09-09 06:00:00
P000455-07,P000455,7,2025-10-09,2025-11-09,16432,2025-10-09 06:00:00
P000455-08,P000455,8,2025-11-09,2025-12-09,16432,2025-11-09 06:00:00
P000455-09,P000455,9,2025-12-09,2026-01-09,16432,2025-12-09 06:00:00
P000456-01,P000456,1,2024-05-21,2024-06-21,2095,2024-05-21 06:00:00
P000456-02,P000456,2,2024-06-21,2024-07-21,2095,2024-06-21 06:00:00
P000456-03,P000456,3,2024-07-21,2024-08-21,2095,2024-07-21 06:00:00
P000456-04,P000456,4,2024-08-21,2024-09-21,2095,2024-08-21 06:00:00
P000456-05,P000456,5,2024-09-21,2024-10-21,2095,2024-09-21 06:00:00
P000456-06,P000456,6,2024-10-21,2024-11-21,2095,2024-10-21 06:00:00
P000456-07,P000456,7,2024-11-21,2024-12-21,2554,2024-11-21 06:00:00
P000456-07,P000456,7,2024-11-21,2024-12-21,2554,2024-11-24 06:00:00
P000456-08,P000456,8,2024-12-21,2025-01-21,2554,2024-12-21 06:00:00
P000456-09,P000456,9,2025-01-21,2025-02-21,2554,2025-01-21 06:00:00
P000456-10,P000456,10,2025-02-21,2025-03-21,2554,2025-02-21 06:00:00
P000456-11,P000456,11,2025-03-21,2025-04-21,2554,2025-03-21 06:00:00
P000456-12,P000456,12,2025-04-21,2025-05-21,2554,2025-04-21 06:00:00
P000456-12,P000456,12,2025-04-21,2025-05-21,2554,2025-04-24 06:00:00
P000457-01,P000457,1,2024-02-20,2024-03-20,41490,2024-02-20 06:00:00
P000457-02,P000457,2,2024-03-20,2024-04-20,41490,2024-03-20 06:00:00
P000457-03,P000457,3,2024-04-20,2024-05-20,41490,2024-04-20 06:00:00
P000457-04,P000457,4,2024-05-20,2024-06-20,44234,2024-05-20 06:00:00
P000457-05,P000457,5,2024-06-20,2024-07-20,44234,2024-06-20 06:00:00
P000457-06,P000457,6,2024-07-20,2024-08-20,44234,2024-07-20 06:00:00
P000457-07,P000457,7,2024-08-20,2024-09-20,44234,2024-08-20 06:00:00
P000457-08,P000457,8,2024-09-20,2024-10-20,44234,2024-09-20 06:00:00
P000457-09,P000457,9,2024-10-20,2024-11-20,44234,2024-10-20 06:00:00
P000457-10,P000457,10,2024-11-20,2024-12-20,44234,2024-11-20 06:00:00
P000457-11,P000457,11,2024-12-20,2025-01-20,44234,2024-12-20 06:00:00
P000457-12,P000457,12,2025-01-20,2025-02-20,44234,2025-01-20 06:00:00
P000458-01,P000458,1,2025-01-06,2025-02-06,6160,2025-01-06 06:00:00
P000458-02,P000458,2,2025-02-06,2025-03-06,6160,2025-02-06 06:00:00
P000458-03,P000458,3,2025-03-06,2025-04-06,6972,2025-03-06 06:00:00
P000458-04,P000458,4,2025-04-06,2025-05-06,6972,2025-04-06 06:00:00
P000458-05,P000458,5,2025-05-06,2025-06-06,6972,2025-05-06 06:00:00
P000458-06,P000458,6,2025-06-06,2025-07-06,6972,2025-06-06 06:00:00
P000458-07,P000458,7,2025-07-06,2025-08-06,6972,2025-07-06 06:00:00
P000458-08,P000458,8,2025-08-06,2025-09-06,6972,2025-08-06 06:00:00
P000458-09,P000458,9,2025-09-06,2025-10-06,6972,2025-09-06 06:00:00
P000458-10,P000458,10,2025-10-06,2025-11-06,6972,2025-10-06 06:00:00
P000459-01,P000459,1,2025-08-09,2025-09-09,1838,2025-08-09 06:00:00
P000459-02,P000459,2,2025-09-09,2025-10-09,1838,2025-09-09 06:00:00
P000459-03,P000459,3,2025-10-09,2025-11-09,1838,2025-10-09 06:00:00
P000459-04,P000459,4,2025-11-09,2025-12-09,1838,2025-11-09 06:00:00
P000459-05,P000459,5,2025-12-09,2026-01-09,1838,2025-12-09 06:00:00
P000460-01,P000460,1,2024-03-13,2024-04-13,42049,2024-03-13 06:00:00
P000460-02,P000460,2,2024-04-13,2024-05-13,42049,2024-04-13 06:00:00
P000460-03,P000460,3,2024-05-13,2024-06-13,42049,2024-05-13 06:00:00
P000460-04,P000460,4,2024-06-13,2024-07-13,42049,2024-06-13 06:00:00
P000460-05,P000460,5,2024-07-13,2024-08-13,42049,2024-07-13 06:00:00
P000460-06,P000460,6,2024-08-13,2024-09-13,42049,2024-08-13 06:00:00
P000460-07,P000460,7,2024-09-13,2024-10-13,42049,2024-09-13 06:00:00
P000460-08,P000460,8,2024-10-13,2024-11-13,42049,2024-10-13 06:00:00
P000460-09,P000460,9,2024-11-13,2024-12-13,42049,2024-11-13 06:00:00
P000460-10,P000460,10,2024-12-13,2025-01-13,43816,2024-12-13 06:00:00
P000460-11,P000460,11,2025-01-13,2025-02-13,43816,2025-01-13 06:00:00
P000460-12,P000460,12,2025-02-13,2025-03-13,43816,2025-02-13 06:00:00
P000461-01,P000461,1,2025-08-02,2025-09-02,82088,2025-08-02 06:00:00
P000461-02,P000461,2,2025-09-02,2025-10-02,82088,2025-09-02 06:00:00
P000461-03,P000461,3,2025-10-02,2025-11-02,82088,2025-10-02 06:00:00
P000461-04,P000461,4,2025-11-02,2025-12-02,82088,2025-11-02 06:00:00
P000461-05,P000461,5,2025-12-02,2026-01-02,82088,2025-12-02 06:00:00
P000462-01,P000462,1,2025-11-24,2025-12-24,14158,2025-11-24 06:00:00
P000462-02,P000462,2,2025-12-24,2026-01-24,14158,2025-12-24 06:00:00
P000463-01,P000463,1,2025-09-20,2025-10-20,16022,2025-09-20 06:00:00
P000463-02,P000463,2,2025-10-20,2025-11-20,16022,2025-10-20 06:00:00
P000463-03,P000463,3,2025-11-20,2025-12-20,16022,2025-11-20 06:00:00
P000463-04,P000463,4,2025-12-20,2026-01-20,16022,2025-12-20 06:00:00
P000464-01,P000464,1,2025-08-14,2025-09-14,25606,2025-08-14 06:00:00
P000464-02,P000464,2,2025-09-14,2025-10-14,25606,2025-09-14 06:00:00
P000464-03,P000464,3,2025-10-14,2025-11-14,25606,2025-10-14 06:00:00
P000464-04,P000464,4,2025-11-14,2025-12-14,25606,2025-11-14 06:00:00
P000464-05,P000464,5,2025-12-14,2026-01-14,25606,2025-12-14 06:00:00
P000465-01,P000465,1,2024-10-22,2024-11-22,8860,2024-10-22 06:00:00
P000465-02,P000465,2,2024-11-22,2024-12-22,8860,2024-11-22 06:00:00
P000465-03,P000465,3,2024-12-22,2025-01-22,8860,2024-12-22 06:00:00
P000465-04,P000465,4,2025-01-22,2025-02-22,8860,2025-01-22 06:00:00
P000465-05,P000465,5,2025-02-22,2025-03-22,10512,2025-02-22 06:00:00
P000465-06,P000465,6,2025-03-22,2025-04-22,10512,2025-03-22 06:00:00
P000466-01,P000466,1,2025-08-09,2025-09-09,2400,2025-08-09 06:00:00
P000466-02,P000466,2,2025-09-09,2025-10-09,2400,2025-09-09 06:00:00
P000467-01,P000467,1,2025-10-14,2025-11-14,14935,2025-10-14 06:00:00
P000467-02,P000467,2,2025-11-14,2025-12-14,14935,2025-11-14 06:00:00
P000467-03,P000467,3,2025-12-14,2026-01-14,13179,2025-12-14 06:00:00
P000468-01,P000468,1,2025-07-10,2025-08-10,12953,2025-07-10 06:00:00
P000468-02,P000468,2,2025-08-10,2025-09-10,15252,2025-08-10 06:00:00
P000468-03,P000468,3,2025-09-10,2025-10-10,15252,2025-09-10 06:00:00
P000468-04,P000468,4,2025-10-10,2025-11-10,15252,2025-10-10 06:00:00
P000468-05,P000468,5,2025-11-10,2025-12-10,15252,2025-11-10 06:00:00
P000468-06,P000468,6,2025-12-10,2026-01-10,15252,2025-12-10 06:00:00
P000469-01,P000469,1,2024-05-07,2024-06-07,16675,2024-05-07 06:00:00
P000469-02,P000469,2,2024-06-07,2024-07-07,16675,2024-06-07 06:00:00
P000469-03,P000469,3,2024-07-07,2024-08-07,16675,2024-07-07 06:00:00
P000469-04,P000469,4,2024-08-07,2024-09-07,16725,2024-08-07 06:00:00
P000469-05,P000469,5,2024-09-07,2024-10-07,16725,2024-09-07 06:00:00
P000469-06,P000469,6,2024-10-07,2024-11-07,16725,2024-10-07 06:00:00
P000469-07,P000469,7,2024-11-07,2024-12-07,16725,2024-11-07 06:00:00
P000469-08,P000469,8,2024-12-07,2025-01-07,16725,2024-12-07 06:00:00
P000469-09,P000469,9,2025-01-07,2025-02-07,16725,2025-01-07 06:00:00
P000469-10,P000469,10,2025-02-07,2025-03-07,16725,2025-02-07 06:00:00
P000469-11,P000469,11,2025-03-07,2025-04-07,16725,2025-03-07 06:00:00
P000469-12,P000469,12,2025-04-07,2025-05-07,16725,2025-04-07 06:00:00
P000470-01,P000470,1,2025-09-10,2025-10-10,78334,2025-09-10 06:00:00
P000470-02,P000470,2,2025-10-10,2025-11-10,78334,2025-10-10 06:00:00
P000470-03,P000470,3,2025-11-10,2025-12-10,78334,2025-11-10 06:00:00
P000470-04,P000470,4,2025-12-10,2026-01-10,74082,2025-12-10 06:00:00
P000471-01,P000471,1,2024-02-21,2024-03-21,1550,2024-02-21 06:00:00
P000471-02,P000471,2,2024-03-21,2024-04-21,1550,2024-03-21 06:00:00
P000471-03,P000471,3,2024-04-21,2024-05-21,1550,2024-04-21 06:00:00
P000471-04,P000471,4,2024-05-21,2024-06-21,1550,2024-05-21 06:00:00
P000471-05,P000471,5,2024-06-21,2024-07-21,1550,2024-06-21 06:00:00
P000471-06,P000471,6,2024-07-21,2024-08-21,1550,2024-07-21 06:00:00
P000471-07,P000471,7,2024-08-21,2024-09-21,1550,2024-08-21 06:00:00
P000471-08,P000471,8,2024-09-21,2024-10-21,1550,2024-09-21 06:00:00
P000471-09,P000471,9,2024-10-21,2024-11-21,1550,2024-10-21 06:00:00
P000471-10,P000471,10,2024-11-21,2024-12-21,1550,2024-11-21 06:00:00
P000471-11,P000471,11,2024-12-21,2025-01-21,1550,2024-12-21 06:00:00
P000471-12,P000471,12,2025-01-21,2025-02-21,1550,2025-01-21 06:00:00
P000472-01,P000472,1,2024-05-02,2024-06-02,15371,2024-05-02 06:00:00
P000472-02,P000472,2,2024-06-02,2024-07-02,15371,2024-06-02 06:00:00
P000472-03,P000472,3,2024-07-02,2024-08-02,15371,2024-07-02 06:00:00
P000472-04,P000472,4,2024-08-02,2024-09-02,15371,2024-08-02 06:00:00
P000472-05,P000472,5,2024-09-02,2024-10-02,15371,2024-09-02 06:00:00
P000472-06,P000472,6,2024-10-02,2024-11-02,15371,2024-10-02 06:00:00
P000472-07,P000472,7,2024-11-02,2024-12-02,15371,2024-11-02 06:00:00
P000472-08,P000472,8,2024-12-02,2025-01-02,15371,2024-12-02 06:00:00
P000472-09,P000472,9,2025-01-02,2025-02-02,15371,2025-01-02 06:00:00
P000472-10,P000472,10,2025-02-02,2025-03-02,15371,2025-02-02 06:00:00
P000472-11,P000472,11,2025-03-02,2025-04-02,15371,2025-03-02 06:00:00
P000472-12,P000472,12,2025-04-02,2025-05-02,15371,2025-04-02 06:00:00
P000473-01,P000473,1,2024-06-05,2024-07-05,1503,2024-06-05 06:00:00
P000473-02,P000473,2,2024-07-05,2024-08-05,1503,2024-07-05 06:00:00
P000473-03,P000473,3,2024-08-05,2024-09-05,1503,2024-08-05 06:00:00
P000473-04,P000473,4,2024-09-05,2024-10-05,1503,2024-09-05 06:00:00
P000473-05,P000473,5,2024-10-05,2024-11-05,1503,2024-10-05 06:00:00
P000473-06,P000473,6,2024-11-05,2024-12-05,1503,2024-11-05 06:00:00
P000473-07,P000473,7,2024-12-05,2025-01-05,1503,2024-12-05 06:00:00
P000473-08,P000473,8,2025-01-05,2025-02-05,1503,2025-01-05 06:00:00
P000473-09,P000473,9,2025-02-05,2025-03-05,1503,2025-02-05 06:00:00
P000473-10,P000473,10,2025-03-05,2025-04-05,1503,2025-03-05 06:00:00
P000473-11,P000473,11,2025-04-05,2025-05-05,1503,2025-04-05 06:00:00
P000473-12,P000473,12,2025-05-05,2025-06-05,1503,2025-05-05 06:00:00
P000474-01,P000474,1,2024-06-21,2024-07-21,10696,2024-06-21 06:00:00
P000474-02,P000474,2,2024-07-21,2024-08-21,10696,2024-07-21 06:00:00
P000474-03,P000474,3,2024-08-21,2024-09-21,10696,2024-08-21 06:00:00
P000474-04,P000474,4,2024-09-21,2024-10-21,10696,2024-09-21 06:00:00
P000474-05,P000474,5,2024-10-21,2024-11-21,10696,2024-10-21 06:00:00
P000474-06,P000474,6,2024-11-21,2024-12-21,10696,2024-11-21 06:00:00
P000474-07,P000474,7,2024-12-21,2025-01-21,10696,2024-12-21 06:00:00
P000474-08,P000474,8,2025-01-21,2025-02-21,10696,2025-01-21 06:00:00
P000474-09,P000474,9,2025-02-21,2025-03-21,10696,2025-02-21 06:00:00
P000474-10,P000474,10,2025-03-21,2025-04-21,10696,2025-03-21 06:00:00
P000474-11,P000474,11,2025-04-21,2025-05-21,10696,2025-04-21 06:00:00
P000474-12,P000474,12,2025-05-21,2025-06-21,10696,2025-05-21 06:00:00
P000475-01,P000475,1,2025-04-23,2025-05-23,18245,2025-04-23 06:00:00
P000475-02,P000475,2,2025-05-23,2025-06-23,18245,2025-05-23 06:00:00
P000475-03,P000475,3,2025-06-23,2025-07-23,18245,2025-06-23 06:00:00
P000475-04,P000475,4,2025-07-23,2025-08-23,18245,2025-07-23 06:00:00
P000475-05,P000475,5,2025-08-23,2025-09-23,18245,2025-08-23 06:00:00
P000475-06,P000475,6,2025-09-23,2025-10-23,18245,2025-09-23 06:00:00
P000475-07,P000475,7,2025-10-23,2025-11-23,18245,2025-10-23 06:00:00
P000475-08,P000475,8,2025-11-23,2025-12-23,18245,2025-11-23 06:00:00
P000475-09,P000475,9,2025-12-23,2026-01-23,18245,2025-12-23 06:00:00
P000476-01,P000476,1,2024-12-15,2025-01-15,9320,2024-12-15 06:00:00
P000476-02,P000476,2,2025-01-15,2025-02-15,9320,2025-01-15 06:00:00
P000476-03,P000476,3,2025-02-15,2025-03-15,9320,2025-02-15 06:00:00
P000476-04,P000476,4,2025-03-15,2025-04-15,9320,2025-03-15 06:00:00
P000476-05,P000476,5,2025-04-15,2025-05-15,9320,2025-04-15 06:00:00
P000476-06,P000476,6,2025-05-15,2025-06-15,9320,2025-05-15 06:00:00
P000476-07,P000476,7,2025-06-15,2025-07-15,9320,2025-06-15 06:00:00
P000476-08,P000476,8,2025-07-15,2025-08-15,9320,2025-07-15 06:00:00
P000476-09,P000476,9,2025-08-15,2025-09-15,9320,2025-08-15 06:00:00
P000476-10,P000476,10,2025-09-15,2025-10-15,8673,2025-09-15 06:00:00
P000476-11,P000476,11,2025-10-15,2025-11-15,8673,2025-10-15 06:00:00
P000476-12,P000476,12,2025-11-15,2025-12-15,8673,2025-11-15 06:00:00
P000477-01,P000477,1,2025-01-06,2025-02-06,17331,2025-01-06 06:00:00
P000477-02,P000477,2,2025-02-06,2025-03-06,17331,2025-02-06 06:00:00
P000477-03,P000477,3,2025-03-06,2025-04-06,17331,2025-03-06 06:00:00
P000477-04,P000477,4,2025-04-06,2025-05-06,17331,2025-04-06 06:00:00
P000477-05,P000477,5,2025-05-06,2025-06-06,17331,2025-05-06 06:00:00
P000477-06,P000477,6,2025-06-06,2025-07-06,17331,2025-06-06 06:00:00
P000477-07,P000477,7,2025-07-06,2025-08-06,17331,2025-07-06 06:00:00
P000477-08,P000477,8,2025-08-06,2025-09-06,17331,2025-08-06 06:00:00
P000477-09,P000477,9,2025-09-06,2025-10-06,17331,2025-09-06 06:00:00
P000477-10,P000477,10,2025-10-06,2025-11-06,17331,2025-10-06 06:00:00
P000477-11,P000477,11,2025-11-06,2025-12-06,17331,2025-11-06 06:00:00
P000477-12,P000477,12,2025-12-06,2026-01-06,17331,2025-12-06 06:00:00
P000478-01,P000478,1,2024-07-18,2024-08-18,2380,2024-07-18 06:00:00
P000478-02,P000478,2,2024-08-18,2024-09-18,2380,2024-08-18 06:00:00
P000478-03,P000478,3,2024-09-18,2024-10-18,2380,2024-09-18 06:00:00
P000478-04,P000478,4,2024-10-18,2024-11-18,2380,2024-10-18 06:00:00
P000478-05,P000478,5,2024-11-18,2024-12-18,2380,2024-11-18 06:00:00
P000478-06,P000478,6,2024-12-18,2025-01-18,2380,2024-12-18 06:00:00
P000478-07,P000478,7,2025-01-18,2025-02-18,2380,2025-01-18 06:00:00
P000478-08,P000478,8,2025-02-18,2025-03-18,2380,2025-02-18 06:00:00
P000478-09,P000478,9,2025-03-18,2025-04-18,2380,2025-03-18 06:00:00
P000478-10,P000478,10,2025-04-18,2025-05-18,2380,2025-04-18 06:00:00
P000478-11,P000478,11,2025-05-18,2025-06-18,2380,2025-05-18 06:00:00
P000478-12,P000478,12,2025-06-18,2025-07-18,2380,2025-06-18 06:00:00
P000479-01,P000479,1,2025-09-22,2025-10-22,1197,2025-09-22 06:00:00
P000479-02,P000479,2,2025-10-22,2025-11-22,1197,2025-10-22 06:00:00
P000479-03,P000479,3,2025-11-22,2025-12-22,1197,2025-11-22 06:00:00
P000479-04,P000479,4,2025-12-22,2026-01-22,1197,2025-12-22 06:00:00
P000480-01,P000480,1,2025-04-30,2025-05-30,24182,2025-04-30 06:00:00
P000480-02,P000480,2,2025-05-30,2025-06-30,24182,2025-05-30 06:00:00
P000480-03,P000480,3,2025-06-30,2025-07-30,24182,2025-06-30 06:00:00
P000480-04,P000480,4,2025-07-30,2025-08-30,24182,2025-07-30 06:00:00
P000480-05,P000480,5,2025-08-30,2025-09-30,22100,2025-08-30 06:00:00
P000480-06,P000480,6,2025-09-30,2025-10-30,22100,2025-09-30 06:00:00
